2026-08-05 04:58:17,945 | INFO | Программа запустилась
2026-08-05 04:58:17,947 | INFO | ===== НАЧАЛО ПРОВЕРКИ ЦЕН =====
2026-08-05 04:58:17,948 | INFO | Проверяем запрос: алмазная мозаика огромная
2026-08-05 04:58:17,949 | INFO | Запускаем браузер Wildberries...
2026-08-05 04:58:19,107 | INFO | Браузер запущен
2026-08-05 04:58:19,108 | INFO | Открываем поиск: алмазная мозаика огромная
2026-08-05 04:58:19,109 | INFO | Ждём ответ API...
2026-08-05 04:58:23,795 | INFO | 🔥 API пойман!Статус: 200URL: https://www.wildberries.ru/__internal/u-search/exactmatch/ru/common/v18/search?ab_testing=false&appType=1&curr=rub&dest=1259570991&hide_dtype=15&hide_vflags=4294967296&inheritFilters=true&lang=ru&locale=ru&query=%D0%B0%D0%BB%D0%BC%D0%B0%D0%B7%D0%BD%D0%B0%D1%8F+%D0%BC%D0%BE%D0%B7%D0%B0%D0%B8%D0%BA%D0%B0+%D0%BE%D0%B3%D1%80%D0%BE%D0%BC%D0%BD%D0%B0%D1%8F&resultset=catalog&sort=popular&spp=30&suppressSpellcheck=false
2026-08-05 04:58:23,908 | INFO | JSON получен: 100 товаров
2026-08-05 04:58:23,934 | INFO | ✅ Получено товаров: 100
2026-08-05 04:58:23,943 | INFO | Найдено товаров: 100
2026-08-05 04:58:24,000 | INFO | Найдена скидка
2026-08-05 04:58:24,008 | INFO | Товар: Алмазная мозаика 30х40 без подрамника Котята
2026-08-05 04:58:24,010 | INFO | Бренд: Amvi
2026-08-05 04:58:24,012 | INFO | Цена: 859.0 руб. (было 1295.0 руб.)
2026-08-05 04:58:24,027 | INFO | Скидка: 34%
2026-08-05 04:58:24,030 | INFO | Рейтинг: 4.9Отзывы: 515
2026-08-05 04:58:24,032 | INFO | Прошлая цена: 872.0
2026-08-05 04:58:24,080 | INFO | Найдена скидка
2026-08-05 04:58:24,082 | INFO | Товар: UniTap Алмазный конструктор по фото, мозаика подарок 43х52см
2026-08-05 04:58:24,088 | INFO | Бренд: UNIDEA
2026-08-05 04:58:24,089 | INFO | Цена: 2688.0 руб. (было 10901.0 руб.)
2026-08-05 04:58:24,091 | INFO | Скидка: 75%
2026-08-05 04:58:24,091 | INFO | Рейтинг: 4.9Отзывы: 1788
2026-08-05 04:58:24,093 | INFO | Прошлая цена: 2688.0
2026-08-05 04:58:24,181 | INFO | Найдена скидка
2026-08-05 04:58:24,231 | INFO | Товар: Алмазная мозаика на подрамнике «Бушующее море»
2026-08-05 04:58:24,239 | INFO | Бренд: CVL
2026-08-05 04:58:24,242 | INFO | Цена: 1644.0 руб. (было 6063.0 руб.)
2026-08-05 04:58:24,247 | INFO | Скидка: 73%
2026-08-05 04:58:24,249 | INFO | Рейтинг: 4.9Отзывы: 577
2026-08-05 04:58:24,258 | INFO | Прошлая цена: 1644.0
2026-08-05 04:58:24,365 | INFO | Найдена скидка
2026-08-05 04:58:24,367 | INFO | Товар: Алмазная мозаика на подрамнике по фото 30х40 POP-ART
2026-08-05 04:58:24,369 | INFO | Бренд: QBRIX
2026-08-05 04:58:24,371 | INFO | Цена: 1910.0 руб. (было 4150.0 руб.)
2026-08-05 04:58:24,374 | INFO | Скидка: 54%
2026-08-05 04:58:24,375 | INFO | Рейтинг: 4.8Отзывы: 12371
2026-08-05 04:58:24,377 | INFO | Прошлая цена: 1910.0
2026-08-05 04:58:24,414 | INFO | Найдена скидка
2026-08-05 04:58:24,415 | INFO | Товар: Алмазная мозаика на подрамнике 50х65 см
2026-08-05 04:58:24,422 | INFO | Бренд: Звездный Дельфин
2026-08-05 04:58:24,425 | INFO | Цена: 2004.0 руб. (было 5300.0 руб.)
2026-08-05 04:58:24,430 | INFO | Скидка: 62%
2026-08-05 04:58:24,434 | INFO | Рейтинг: 4.8Отзывы: 11
2026-08-05 04:58:24,447 | INFO | Прошлая цена: 2004.0
2026-08-05 04:58:24,510 | INFO | Найдена скидка
2026-08-05 04:58:24,515 | INFO | Товар: Алмазная мозаика космос 60х80 без подрамника Лунный свет
2026-08-05 04:58:24,516 | INFO | Бренд: Даймонд Канвас
2026-08-05 04:58:24,544 | INFO | Цена: 5096.0 руб. (было 8800.0 руб.)
2026-08-05 04:58:24,547 | INFO | Скидка: 42%
2026-08-05 04:58:24,598 | INFO | Рейтинг: 4.5Отзывы: 13
2026-08-05 04:58:24,612 | INFO | Прошлая цена: 5096.0
2026-08-05 04:58:24,671 | INFO | Найдена скидка
2026-08-05 04:58:24,678 | INFO | Товар: Светящаяся алмазная мозаика на подрамнике 40х50 Олень и луна
2026-08-05 04:58:24,681 | INFO | Бренд: Алмазныи ряд
2026-08-05 04:58:24,683 | INFO | Цена: 459.0 руб. (было 1971.0 руб.)
2026-08-05 04:58:24,686 | INFO | Скидка: 77%
2026-08-05 04:58:24,687 | INFO | Рейтинг: 5Отзывы: 35
2026-08-05 04:58:24,688 | INFO | Прошлая цена: 459.0
2026-08-05 04:58:24,725 | INFO | Найдена скидка
2026-08-05 04:58:24,732 | INFO | Товар: Алмазная мозаика Глаза
2026-08-05 04:58:24,733 | INFO | Бренд: Алмазная мозаика - Capybarroom
2026-08-05 04:58:24,733 | INFO | Цена: 1378.0 руб. (было 2232.0 руб.)
2026-08-05 04:58:24,739 | INFO | Скидка: 38%
2026-08-05 04:58:24,744 | INFO | Рейтинг: 4.8Отзывы: 42
2026-08-05 04:58:24,747 | INFO | Прошлая цена: 1378.0
2026-08-05 04:58:24,799 | INFO | Найдена скидка
2026-08-05 04:58:24,800 | INFO | Товар: Алмазная мозаика на подрамнике по фото 20х30 ORIGINAL
2026-08-05 04:58:24,803 | INFO | Бренд: QBRIX
2026-08-05 04:58:24,804 | INFO | Цена: 1484.0 руб. (было 3300.0 руб.)
2026-08-05 04:58:24,810 | INFO | Скидка: 55%
2026-08-05 04:58:24,811 | INFO | Рейтинг: 4.8Отзывы: 12371
2026-08-05 04:58:24,816 | INFO | Прошлая цена: 1484.0
2026-08-05 04:58:24,857 | INFO | Найдена скидка
2026-08-05 04:58:24,858 | INFO | Товар: Алмазная мозаика без подрамника 45х55 см
2026-08-05 04:58:24,859 | INFO | Бренд: Дельфинчик
2026-08-05 04:58:24,863 | INFO | Цена: 1116.0 руб. (было 2700.0 руб.)
2026-08-05 04:58:24,864 | INFO | Скидка: 59%
2026-08-05 04:58:24,865 | INFO | Рейтинг: 4.9Отзывы: 41
2026-08-05 04:58:24,866 | INFO | Прошлая цена: 1116.0
2026-08-05 04:58:24,908 | INFO | Найдена скидка
2026-08-05 04:58:24,909 | INFO | Товар: Алмазная мозаика на подрамнике по фото 20х30 VINTAGE
2026-08-05 04:58:24,910 | INFO | Бренд: QBRIX
2026-08-05 04:58:24,911 | INFO | Цена: 1746.0 руб. (было 3300.0 руб.)
2026-08-05 04:58:24,912 | INFO | Скидка: 47%
2026-08-05 04:58:24,913 | INFO | Рейтинг: 4.8Отзывы: 12371
2026-08-05 04:58:24,914 | INFO | Прошлая цена: 1746.0
2026-08-05 04:58:24,948 | INFO | Найдена скидка
2026-08-05 04:58:24,949 | INFO | Товар: Алмазная мозаика на подрамнике 50х65 см
2026-08-05 04:58:24,950 | INFO | Бренд: Звездный Дельфин
2026-08-05 04:58:24,954 | INFO | Цена: 2004.0 руб. (было 5300.0 руб.)
2026-08-05 04:58:24,955 | INFO | Скидка: 62%
2026-08-05 04:58:24,956 | INFO | Рейтинг: 4.6Отзывы: 17
2026-08-05 04:58:24,958 | INFO | Прошлая цена: 2004.0
2026-08-05 04:58:24,993 | INFO | Найдена скидка
2026-08-05 04:58:24,993 | INFO | Товар: Алмазная мозаика Иллюзия
2026-08-05 04:58:24,993 | INFO | Бренд: Алмазная мозаика - Capybarroom
2026-08-05 04:58:24,994 | INFO | Цена: 1378.0 руб. (было 2232.0 руб.)
2026-08-05 04:58:24,995 | INFO | Скидка: 38%
2026-08-05 04:58:24,996 | INFO | Рейтинг: 4.9Отзывы: 20
2026-08-05 04:58:24,997 | INFO | Прошлая цена: 1378.0
2026-08-05 04:58:25,028 | INFO | Найдена скидка
2026-08-05 04:58:25,029 | INFO | Товар: Алмазная мозаика Глаза
2026-08-05 04:58:25,030 | INFO | Бренд: Алмазная мозаика - Capybarroom
2026-08-05 04:58:25,031 | INFO | Цена: 1378.0 руб. (было 2232.0 руб.)
2026-08-05 04:58:25,032 | INFO | Скидка: 38%
2026-08-05 04:58:25,033 | INFO | Рейтинг: 4.8Отзывы: 42
2026-08-05 04:58:25,037 | INFO | Прошлая цена: 1378.0
2026-08-05 04:58:26,046 | INFO | Проверяем запрос: гель для бровей
2026-08-05 04:58:26,048 | INFO | Открываем поиск: гель для бровей
2026-08-05 04:58:26,052 | INFO | Ждём ответ API...
2026-08-05 04:58:27,118 | INFO | 🔥 API пойман!Статус: 200URL: https://www.wildberries.ru/__internal/u-search/exactmatch/ru/common/v18/search?ab_testing=false&appType=1&curr=rub&dest=1259570991&hide_dtype=15&hide_vflags=4294967296&inheritFilters=true&lang=ru&locale=ru&query=%D0%B3%D0%B5%D0%BB%D1%8C+%D0%B4%D0%BB%D1%8F+%D0%B1%D1%80%D0%BE%D0%B2%D0%B5%D0%B9&resultset=catalog&sort=popular&spp=30&suppressSpellcheck=false
2026-08-05 04:58:27,168 | INFO | JSON получен: 100 товаров
2026-08-05 04:58:27,170 | INFO | ✅ Получено товаров: 100
2026-08-05 04:58:27,172 | INFO | Найдено товаров: 100
2026-08-05 04:58:27,204 | INFO | Найдена скидка
2026-08-05 04:58:27,205 | INFO | Товар: Гель для бровей прозрачный фиксирующий
2026-08-05 04:58:27,205 | INFO | Бренд: L.E.SHULLE
2026-08-05 04:58:27,206 | INFO | Цена: 347.0 руб. (было 1768.0 руб.)
2026-08-05 04:58:27,207 | INFO | Скидка: 80%
2026-08-05 04:58:27,208 | INFO | Рейтинг: 4.9Отзывы: 28885
2026-08-05 04:58:27,210 | INFO | Прошлая цена: 347.0
2026-08-05 04:58:27,239 | INFO | Найдена скидка
2026-08-05 04:58:27,240 | INFO | Товар: Гель для бровей ламинатор Brow Laminator Extreme Fix
2026-08-05 04:58:27,241 | INFO | Бренд: LUXVISAGE
2026-08-05 04:58:27,242 | INFO | Цена: 379.0 руб. (было 1433.0 руб.)
2026-08-05 04:58:27,243 | INFO | Скидка: 74%
2026-08-05 04:58:27,244 | INFO | Рейтинг: 4.9Отзывы: 11164
2026-08-05 04:58:27,244 | INFO | Прошлая цена: 379.0
2026-08-05 04:58:27,271 | INFO | Найдена скидка
2026-08-05 04:58:27,273 | INFO | Товар: Фиксирующий гель для бровей Lamination, 5 мл
2026-08-05 04:58:27,274 | INFO | Бренд: PUSY
2026-08-05 04:58:27,274 | INFO | Цена: 501.0 руб. (было 815.0 руб.)
2026-08-05 04:58:27,275 | INFO | Скидка: 39%
2026-08-05 04:58:27,276 | INFO | Рейтинг: 4.6Отзывы: 7186
2026-08-05 04:58:27,278 | INFO | Прошлая цена: 501.0
2026-08-05 04:58:27,304 | INFO | Найдена скидка
2026-08-05 04:58:27,305 | INFO | Товар: Гель для бровей фиксирующий стойкий прозрачный, 5 мл
2026-08-05 04:58:27,306 | INFO | Бренд: PUSY
2026-08-05 04:58:27,306 | INFO | Цена: 579.0 руб. (было 1579.0 руб.)
2026-08-05 04:58:27,307 | INFO | Скидка: 63%
2026-08-05 04:58:27,307 | INFO | Рейтинг: 4.8Отзывы: 183266
2026-08-05 04:58:27,308 | INFO | Прошлая цена: 579.0
2026-08-05 04:58:27,330 | INFO | Найдена скидка
2026-08-05 04:58:27,331 | INFO | Товар: Гель для бровей суперсильной фиксации бесцветный
2026-08-05 04:58:27,332 | INFO | Бренд: LUXVISAGE
2026-08-05 04:58:27,332 | INFO | Цена: 332.0 руб. (было 1253.0 руб.)
2026-08-05 04:58:27,333 | INFO | Скидка: 74%
2026-08-05 04:58:27,335 | INFO | Рейтинг: 4.8Отзывы: 181
2026-08-05 04:58:27,337 | INFO | Прошлая цена: 332.0
2026-08-05 04:58:27,360 | INFO | Найдена скидка
2026-08-05 04:58:27,361 | INFO | Товар: Гель для бровей прозрачный фиксирующий
2026-08-05 04:58:27,361 | INFO | Бренд: BEAUTY ADVOCATE
2026-08-05 04:58:27,362 | INFO | Цена: 353.0 руб. (было 3000.0 руб.)
2026-08-05 04:58:27,363 | INFO | Скидка: 88%
2026-08-05 04:58:27,363 | INFO | Рейтинг: 4.4Отзывы: 125
2026-08-05 04:58:27,364 | INFO | Прошлая цена: 353.0
2026-08-05 04:58:27,389 | INFO | Найдена скидка
2026-08-05 04:58:27,390 | INFO | Товар: Гель для бровей прозрачный
2026-08-05 04:58:27,390 | INFO | Бренд: BELOR DESIGN
2026-08-05 04:58:27,391 | INFO | Цена: 338.0 руб. (было 696.0 руб.)
2026-08-05 04:58:27,391 | INFO | Скидка: 51%
2026-08-05 04:58:27,392 | INFO | Рейтинг: 4.8Отзывы: 609
2026-08-05 04:58:27,392 | INFO | Прошлая цена: 338.0
2026-08-05 04:58:27,419 | INFO | Найдена скидка
2026-08-05 04:58:27,421 | INFO | Товар: Гель для бровей фиксирующий стойкий, прозрачный
2026-08-05 04:58:27,422 | INFO | Бренд: Semily
2026-08-05 04:58:27,423 | INFO | Цена: 499.0 руб. (было 1749.0 руб.)
2026-08-05 04:58:27,424 | INFO | Скидка: 71%
2026-08-05 04:58:27,424 | INFO | Рейтинг: 4.8Отзывы: 12353
2026-08-05 04:58:27,425 | INFO | Прошлая цена: 499.0
2026-08-05 04:58:27,448 | INFO | Найдена скидка
2026-08-05 04:58:27,449 | INFO | Товар: Помадка для бровей серо-коричневая с кисточкой водостойкая
2026-08-05 04:58:27,449 | INFO | Бренд: TopFace
2026-08-05 04:58:27,451 | INFO | Цена: 628.0 руб. (было 1307.0 руб.)
2026-08-05 04:58:27,452 | INFO | Скидка: 52%
2026-08-05 04:58:27,454 | INFO | Рейтинг: 4.9Отзывы: 15198
2026-08-05 04:58:27,455 | INFO | Прошлая цена: 628.0
2026-08-05 04:58:27,479 | INFO | Найдена скидка
2026-08-05 04:58:27,480 | INFO | Товар: Помадка для бровей коричневая с кисточкой водостойкая
2026-08-05 04:58:27,481 | INFO | Бренд: TopFace
2026-08-05 04:58:27,481 | INFO | Цена: 616.0 руб. (было 1307.0 руб.)
2026-08-05 04:58:27,482 | INFO | Скидка: 53%
2026-08-05 04:58:27,482 | INFO | Рейтинг: 4.9Отзывы: 15198
2026-08-05 04:58:27,483 | INFO | Прошлая цена: 616.0
2026-08-05 04:58:27,510 | INFO | Найдена скидка
2026-08-05 04:58:27,510 | INFO | Товар: Гель для бровей Fixateur эффект ламинирования 6 мл
2026-08-05 04:58:27,511 | INFO | Бренд: VIVIENNE SABO
2026-08-05 04:58:27,511 | INFO | Цена: 220.0 руб. (было 367.0 руб.)
2026-08-05 04:58:27,512 | INFO | Скидка: 40%
2026-08-05 04:58:27,512 | INFO | Рейтинг: 4.8Отзывы: 6905
2026-08-05 04:58:27,513 | INFO | Прошлая цена: 220.0
2026-08-05 04:58:27,543 | INFO | Найдена скидка
2026-08-05 04:58:27,543 | INFO | Товар: Стойкий гель для бровей Brow Styler, 3 мл, прозрачный
2026-08-05 04:58:27,544 | INFO | Бренд: EVA Mosaic
2026-08-05 04:58:27,545 | INFO | Цена: 306.0 руб. (было 467.0 руб.)
2026-08-05 04:58:27,545 | INFO | Скидка: 34%
2026-08-05 04:58:27,546 | INFO | Рейтинг: 4.9Отзывы: 26
2026-08-05 04:58:27,547 | INFO | Прошлая цена: 306.0
2026-08-05 04:58:27,571 | INFO | Найдена скидка
2026-08-05 04:58:27,572 | INFO | Товар: Гель для бровей
2026-08-05 04:58:27,573 | INFO | Бренд: 
2026-08-05 04:58:27,573 | INFO | Цена: 204.0 руб. (было 3400.0 руб.)
2026-08-05 04:58:27,574 | INFO | Скидка: 94%
2026-08-05 04:58:27,575 | INFO | Рейтинг: 4.6Отзывы: 31
2026-08-05 04:58:27,576 | INFO | Прошлая цена: 204.0
2026-08-05 04:58:27,598 | INFO | Найдена скидка
2026-08-05 04:58:27,598 | INFO | Товар: Гель для бровей стойкий прозрачный для фиксации
2026-08-05 04:58:27,599 | INFO | Бренд: SABBI
2026-08-05 04:58:27,600 | INFO | Цена: 250.0 руб. (было 2500.0 руб.)
2026-08-05 04:58:27,601 | INFO | Скидка: 90%
2026-08-05 04:58:27,602 | INFO | Рейтинг: 4.5Отзывы: 213
2026-08-05 04:58:27,604 | INFO | Прошлая цена: 250.0
2026-08-05 04:58:27,626 | INFO | Найдена скидка
2026-08-05 04:58:27,627 | INFO | Товар: Мини гель для бровей фиксирующий стойкий прозрачный, 2,5 мл
2026-08-05 04:58:27,628 | INFO | Бренд: PUSY
2026-08-05 04:58:27,628 | INFO | Цена: 296.0 руб. (было 644.0 руб.)
2026-08-05 04:58:27,629 | INFO | Скидка: 54%
2026-08-05 04:58:27,629 | INFO | Рейтинг: 4.8Отзывы: 16936
2026-08-05 04:58:27,630 | INFO | Прошлая цена: 296.0
2026-08-05 04:58:27,654 | INFO | Найдена скидка
2026-08-05 04:58:27,655 | INFO | Товар: Гель для бровей и мини-гель стойкий фиксирующий прозрачный…
2026-08-05 04:58:27,655 | INFO | Бренд: PUSY
2026-08-05 04:58:27,656 | INFO | Цена: 1020.0 руб. (было 1774.0 руб.)
2026-08-05 04:58:27,657 | INFO | Скидка: 43%
2026-08-05 04:58:27,657 | INFO | Рейтинг: 4.9Отзывы: 154
2026-08-05 04:58:27,658 | INFO | Прошлая цена: 1020.0
2026-08-05 04:58:27,681 | INFO | Найдена скидка
2026-08-05 04:58:27,682 | INFO | Товар: Гель краска для бровей и ресниц темно-коричневая #7 набор
2026-08-05 04:58:27,682 | INFO | Бренд: Bronsun
2026-08-05 04:58:27,685 | INFO | Цена: 725.0 руб. (было 1508.0 руб.)
2026-08-05 04:58:27,687 | INFO | Скидка: 52%
2026-08-05 04:58:27,688 | INFO | Рейтинг: 4.8Отзывы: 357
2026-08-05 04:58:27,689 | INFO | Прошлая цена: 725.0
2026-08-05 04:58:27,735 | INFO | Найдена скидка
2026-08-05 04:58:27,737 | INFO | Товар: Гель для бровей YARA
2026-08-05 04:58:27,738 | INFO | Бренд: 
2026-08-05 04:58:27,739 | INFO | Цена: 257.0 руб. (было 990.0 руб.)
2026-08-05 04:58:27,740 | INFO | Скидка: 74%
2026-08-05 04:58:27,740 | INFO | Рейтинг: 4.6Отзывы: 319
2026-08-05 04:58:27,742 | INFO | Прошлая цена: 257.0
2026-08-05 04:58:27,772 | INFO | Найдена скидка
2026-08-05 04:58:27,773 | INFO | Товар: Гель краска для бровей и ресниц черная стойкая #1 набор
2026-08-05 04:58:27,774 | INFO | Бренд: Bronsun
2026-08-05 04:58:27,774 | INFO | Цена: 725.0 руб. (было 1508.0 руб.)
2026-08-05 04:58:27,775 | INFO | Скидка: 52%
2026-08-05 04:58:27,776 | INFO | Рейтинг: 4.7Отзывы: 241
2026-08-05 04:58:27,777 | INFO | Прошлая цена: 725.0
2026-08-05 04:58:27,813 | INFO | Найдена скидка
2026-08-05 04:58:27,814 | INFO | Товар: Гель для бровей фиксирующий экстра стойкий
2026-08-05 04:58:27,815 | INFO | Бренд: Semily
2026-08-05 04:58:27,816 | INFO | Цена: 339.0 руб. (было 1164.0 руб.)
2026-08-05 04:58:27,818 | INFO | Скидка: 71%
2026-08-05 04:58:27,820 | INFO | Рейтинг: 4.8Отзывы: 12353
2026-08-05 04:58:27,821 | INFO | Прошлая цена: 339.0
2026-08-05 04:58:27,852 | INFO | Найдена скидка
2026-08-05 04:58:27,853 | INFO | Товар: Гель для бровей BROW LOCK сильной фиксации
2026-08-05 04:58:27,855 | INFO | Бренд: Parisa
2026-08-05 04:58:27,856 | INFO | Цена: 329.0 руб. (было 700.0 руб.)
2026-08-05 04:58:27,857 | INFO | Скидка: 53%
2026-08-05 04:58:27,858 | INFO | Рейтинг: 4.4Отзывы: 402
2026-08-05 04:58:27,859 | INFO | Прошлая цена: 329.0
2026-08-05 04:58:27,889 | INFO | Найдена скидка
2026-08-05 04:58:27,890 | INFO | Товар: Составы для долговременной укладки бровей набор
2026-08-05 04:58:27,891 | INFO | Бренд: Bronsun
2026-08-05 04:58:27,892 | INFO | Цена: 2557.0 руб. (было 6222.0 руб.)
2026-08-05 04:58:27,893 | INFO | Скидка: 59%
2026-08-05 04:58:27,894 | INFO | Рейтинг: 4.8Отзывы: 1116
2026-08-05 04:58:27,896 | INFO | Прошлая цена: 2557.0
2026-08-05 04:58:27,925 | INFO | Найдена скидка
2026-08-05 04:58:27,926 | INFO | Товар: Гель для бровей pusy розовый
2026-08-05 04:58:27,926 | INFO | Бренд: 
2026-08-05 04:58:27,927 | INFO | Цена: 200.0 руб. (было 4000.0 руб.)
2026-08-05 04:58:27,928 | INFO | Скидка: 95%
2026-08-05 04:58:27,929 | INFO | Рейтинг: 4.5Отзывы: 108
2026-08-05 04:58:27,929 | INFO | Прошлая цена: 200.0
2026-08-05 04:58:27,961 | INFO | Найдена скидка
2026-08-05 04:58:27,961 | INFO | Товар: Прозрачный фиксирующий гель для бровей
2026-08-05 04:58:27,962 | INFO | Бренд: ELIAN RUSSIA
2026-08-05 04:58:27,963 | INFO | Цена: 644.0 руб. (было 1080.0 руб.)
2026-08-05 04:58:27,963 | INFO | Скидка: 40%
2026-08-05 04:58:27,964 | INFO | Рейтинг: 4.7Отзывы: 350
2026-08-05 04:58:27,965 | INFO | Прошлая цена: 644.0
2026-08-05 04:58:27,991 | INFO | Найдена скидка
2026-08-05 04:58:27,992 | INFO | Товар: Кремовый набор Туя для долговременной укладки
2026-08-05 04:58:27,992 | INFO | Бренд: Thuya
2026-08-05 04:58:27,993 | INFO | Цена: 7654.0 руб. (было 200900.0 руб.)
2026-08-05 04:58:27,994 | INFO | Скидка: 96%
2026-08-05 04:58:27,994 | INFO | Рейтинг: 4.9Отзывы: 1130
2026-08-05 04:58:27,995 | INFO | Прошлая цена: 7654.0
2026-08-05 04:58:28,026 | INFO | Найдена скидка
2026-08-05 04:58:28,027 | INFO | Товар: Гель для бровей фиксирующий стойкий прозрачный ламинирующий
2026-08-05 04:58:28,028 | INFO | Бренд: Semily
2026-08-05 04:58:28,030 | INFO | Цена: 400.0 руб. (было 1134.0 руб.)
2026-08-05 04:58:28,031 | INFO | Скидка: 65%
2026-08-05 04:58:28,031 | INFO | Рейтинг: 4.9Отзывы: 469
2026-08-05 04:58:28,033 | INFO | Прошлая цена: 400.0
2026-08-05 04:58:28,071 | INFO | Найдена скидка
2026-08-05 04:58:28,072 | INFO | Товар: Гель краска для бровей и ресниц коричневая 6
2026-08-05 04:58:28,073 | INFO | Бренд: Bronsun
2026-08-05 04:58:28,074 | INFO | Цена: 725.0 руб. (было 1508.0 руб.)
2026-08-05 04:58:28,075 | INFO | Скидка: 52%
2026-08-05 04:58:28,076 | INFO | Рейтинг: 4.8Отзывы: 259
2026-08-05 04:58:28,077 | INFO | Прошлая цена: 725.0
2026-08-05 04:58:28,126 | INFO | Найдена скидка
2026-08-05 04:58:28,129 | INFO | Товар: Гель-ламинатор для бровей BROW LAMINATOR & EXTREME FIX 24h
2026-08-05 04:58:28,130 | INFO | Бренд: LUXVISAGE
2026-08-05 04:58:28,137 | INFO | Цена: 353.0 руб. (было 728.0 руб.)
2026-08-05 04:58:28,139 | INFO | Скидка: 52%
2026-08-05 04:58:28,140 | INFO | Рейтинг: 4.9Отзывы: 14200
2026-08-05 04:58:28,143 | INFO | Прошлая цена: 353.0
2026-08-05 04:58:28,198 | INFO | Найдена скидка
2026-08-05 04:58:28,199 | INFO | Товар: Гель для бровей профессиональный с щеточкой, 15 мл
2026-08-05 04:58:28,201 | INFO | Бренд: PUSY
2026-08-05 04:58:28,205 | INFO | Цена: 1396.0 руб. (было 2836.0 руб.)
2026-08-05 04:58:28,207 | INFO | Скидка: 51%
2026-08-05 04:58:28,208 | INFO | Рейтинг: 4.8Отзывы: 7465
2026-08-05 04:58:28,210 | INFO | Прошлая цена: 1396.0
2026-08-05 04:58:28,255 | INFO | Найдена скидка
2026-08-05 04:58:28,271 | INFO | Товар: Гель для бровей фиксирующий стойкий прозрачный
2026-08-05 04:58:28,374 | INFO | Бренд: 
2026-08-05 04:58:28,411 | INFO | Цена: 270.0 руб. (было 1500.0 руб.)
2026-08-05 04:58:28,416 | INFO | Скидка: 82%
2026-08-05 04:58:28,419 | INFO | Рейтинг: 5Отзывы: 16
2026-08-05 04:58:28,424 | INFO | Прошлая цена: 270.0
2026-08-05 04:58:28,464 | INFO | Найдена скидка
2026-08-05 04:58:28,465 | INFO | Товар: Гель для бровей прозрачный фиксирующий
2026-08-05 04:58:28,466 | INFO | Бренд: SADDA.S
2026-08-05 04:58:28,473 | INFO | Цена: 192.0 руб. (было 800.0 руб.)
2026-08-05 04:58:28,475 | INFO | Скидка: 76%
2026-08-05 04:58:28,475 | INFO | Рейтинг: 4.5Отзывы: 36
2026-08-05 04:58:28,478 | INFO | Прошлая цена: 192.0
2026-08-05 04:58:28,520 | INFO | Найдена скидка
2026-08-05 04:58:28,522 | INFO | Товар: Гель для бровей LAMINATOR фиксирующий прозрачный стойкий
2026-08-05 04:58:28,526 | INFO | Бренд: LUXVISAGE
2026-08-05 04:58:28,529 | INFO | Цена: 293.0 руб. (было 515.0 руб.)
2026-08-05 04:58:28,530 | INFO | Скидка: 43%
2026-08-05 04:58:28,531 | INFO | Рейтинг: 4.8Отзывы: 3616
2026-08-05 04:58:28,532 | INFO | Прошлая цена: 293.0
2026-08-05 04:58:28,568 | INFO | Найдена скидка
2026-08-05 04:58:28,570 | INFO | Товар: Гель для бровей, фиксатор для укладки
2026-08-05 04:58:28,571 | INFO | Бренд: MEIDAISHIYA
2026-08-05 04:58:28,572 | INFO | Цена: 260.0 руб. (было 1631.0 руб.)
2026-08-05 04:58:28,572 | INFO | Скидка: 84%
2026-08-05 04:58:28,573 | INFO | Рейтинг: 4.6Отзывы: 621
2026-08-05 04:58:28,573 | INFO | Прошлая цена: 260.0
2026-08-05 04:58:28,609 | INFO | Найдена скидка
2026-08-05 04:58:28,610 | INFO | Товар: Гель для бровей прозрачный фиксирующий стойкий с щеточкой
2026-08-05 04:58:28,611 | INFO | Бренд: RELOUIS
2026-08-05 04:58:28,612 | INFO | Цена: 222.0 руб. (было 653.0 руб.)
2026-08-05 04:58:28,613 | INFO | Скидка: 66%
2026-08-05 04:58:28,613 | INFO | Рейтинг: 4.8Отзывы: 11415
2026-08-05 04:58:28,614 | INFO | Прошлая цена: 222.0
2026-08-05 04:58:28,692 | INFO | Найдена скидка
2026-08-05 04:58:28,710 | INFO | Товар: Гель для бровей оттеночный PRO WATERPROOF COLOR BROW GEL 01
2026-08-05 04:58:28,713 | INFO | Бренд: RELOUIS
2026-08-05 04:58:28,722 | INFO | Цена: 243.0 руб. (было 737.0 руб.)
2026-08-05 04:58:28,723 | INFO | Скидка: 67%
2026-08-05 04:58:28,724 | INFO | Рейтинг: 4.8Отзывы: 11415
2026-08-05 04:58:28,726 | INFO | Прошлая цена: 243.0
2026-08-05 04:58:28,763 | INFO | Найдена скидка
2026-08-05 04:58:28,764 | INFO | Товар: Гель для бровей
2026-08-05 04:58:28,766 | INFO | Бренд: 
2026-08-05 04:58:28,774 | INFO | Цена: 140.0 руб. (было 1000.0 руб.)
2026-08-05 04:58:28,778 | INFO | Скидка: 86%
2026-08-05 04:58:28,781 | INFO | Рейтинг: 4.7Отзывы: 70
2026-08-05 04:58:28,784 | INFO | Прошлая цена: 140.0
2026-08-05 04:58:28,821 | INFO | Найдена скидка
2026-08-05 04:58:28,822 | INFO | Товар: Гель для бровей водостойкий оттеночный тон 3 Brown
2026-08-05 04:58:28,825 | INFO | Бренд: RELOUIS
2026-08-05 04:58:28,827 | INFO | Цена: 436.0 руб. (было 624.0 руб.)
2026-08-05 04:58:28,829 | INFO | Скидка: 30%
2026-08-05 04:58:28,831 | INFO | Рейтинг: 5Отзывы: 20
2026-08-05 04:58:28,832 | INFO | Прошлая цена: 436.0
2026-08-05 04:58:28,868 | INFO | Найдена скидка
2026-08-05 04:58:28,870 | INFO | Товар: Гель защитный для бровей при ламинировании и осветлении
2026-08-05 04:58:28,872 | INFO | Бренд: BROWXENNA
2026-08-05 04:58:28,873 | INFO | Цена: 504.0 руб. (было 1049.0 руб.)
2026-08-05 04:58:28,875 | INFO | Скидка: 52%
2026-08-05 04:58:28,878 | INFO | Рейтинг: 4.5Отзывы: 2597
2026-08-05 04:58:28,880 | INFO | Прошлая цена: 504.0
2026-08-05 04:58:28,916 | INFO | Найдена скидка
2026-08-05 04:58:28,918 | INFO | Товар: Гель для бровей фиксирующий стойкий прозрачный
2026-08-05 04:58:28,920 | INFO | Бренд: 
2026-08-05 04:58:28,922 | INFO | Цена: 285.0 руб. (было 1426.0 руб.)
2026-08-05 04:58:28,924 | INFO | Скидка: 80%
2026-08-05 04:58:28,926 | INFO | Рейтинг: 4.6Отзывы: 29
2026-08-05 04:58:28,928 | INFO | Прошлая цена: 285.0
2026-08-05 04:58:28,965 | INFO | Найдена скидка
2026-08-05 04:58:28,967 | INFO | Товар: Гель для бровей
2026-08-05 04:58:28,971 | INFO | Бренд: SPARCLI
2026-08-05 04:58:28,974 | INFO | Цена: 200.0 руб. (было 500.0 руб.)
2026-08-05 04:58:28,976 | INFO | Скидка: 60%
2026-08-05 04:58:28,978 | INFO | Рейтинг: 4.2Отзывы: 172
2026-08-05 04:58:28,980 | INFO | Прошлая цена: 200.0
2026-08-05 04:58:29,011 | INFO | Найдена скидка
2026-08-05 04:58:29,012 | INFO | Товар: Гель корректор для бровей BROW STYLER 3 в 1 оттеночный 02
2026-08-05 04:58:29,012 | INFO | Бренд: LUXVISAGE
2026-08-05 04:58:29,013 | INFO | Цена: 236.0 руб. (было 592.0 руб.)
2026-08-05 04:58:29,014 | INFO | Скидка: 60%
2026-08-05 04:58:29,014 | INFO | Рейтинг: 4.8Отзывы: 20506
2026-08-05 04:58:29,015 | INFO | Прошлая цена: 236.0
2026-08-05 04:58:29,047 | INFO | Найдена скидка
2026-08-05 04:58:29,048 | INFO | Товар: Гель для бровей All Day Fixing
2026-08-05 04:58:29,049 | INFO | Бренд: RELOUIS
2026-08-05 04:58:29,052 | INFO | Цена: 362.0 руб. (было 738.0 руб.)
2026-08-05 04:58:29,054 | INFO | Скидка: 51%
2026-08-05 04:58:29,055 | INFO | Рейтинг: 4.9Отзывы: 10
2026-08-05 04:58:29,056 | INFO | Прошлая цена: 362.0
2026-08-05 04:58:29,080 | INFO | Найдена скидка
2026-08-05 04:58:29,081 | INFO | Товар: Составы для ламинирования и долговременной укладки бровей на…
2026-08-05 04:58:29,081 | INFO | Бренд: Bronsun
2026-08-05 04:58:29,082 | INFO | Цена: 3619.0 руб. (было 8806.0 руб.)
2026-08-05 04:58:29,083 | INFO | Скидка: 59%
2026-08-05 04:58:29,085 | INFO | Рейтинг: 4.8Отзывы: 1116
2026-08-05 04:58:29,086 | INFO | Прошлая цена: 3619.0
2026-08-05 04:58:29,113 | INFO | Найдена скидка
2026-08-05 04:58:29,114 | INFO | Товар: Гель для бровей фиксирующий стойкий мыло воск прозрачный
2026-08-05 04:58:29,115 | INFO | Бренд: 
2026-08-05 04:58:29,117 | INFO | Цена: 295.0 руб. (было 700.0 руб.)
2026-08-05 04:58:29,119 | INFO | Скидка: 58%
2026-08-05 04:58:29,120 | INFO | Рейтинг: 4.4Отзывы: 49
2026-08-05 04:58:29,121 | INFO | Прошлая цена: 295.0
2026-08-05 04:58:29,148 | INFO | Найдена скидка
2026-08-05 04:58:29,149 | INFO | Товар: Гель для фиксации бровей от «YARA»
2026-08-05 04:58:29,149 | INFO | Бренд: 
2026-08-05 04:58:29,152 | INFO | Цена: 263.0 руб. (было 2030.0 руб.)
2026-08-05 04:58:29,153 | INFO | Скидка: 87%
2026-08-05 04:58:29,154 | INFO | Рейтинг: 4.8Отзывы: 216
2026-08-05 04:58:29,155 | INFO | Прошлая цена: 263.0
2026-08-05 04:58:29,179 | INFO | Найдена скидка
2026-08-05 04:58:29,180 | INFO | Товар: Гель для бровей прозрачный фиксирующий
2026-08-05 04:58:29,180 | INFO | Бренд: BEAUTY ADVOCATE
2026-08-05 04:58:29,181 | INFO | Цена: 300.0 руб. (было 3000.0 руб.)
2026-08-05 04:58:29,181 | INFO | Скидка: 90%
2026-08-05 04:58:29,182 | INFO | Рейтинг: 4.8Отзывы: 41
2026-08-05 04:58:29,182 | INFO | Прошлая цена: 300.0
2026-08-05 04:58:29,223 | INFO | Найдена скидка
2026-08-05 04:58:29,225 | INFO | Товар: Гель для бровей PUSY, экстра сильной фиксации, 5 мл
2026-08-05 04:58:29,227 | INFO | Бренд: 
2026-08-05 04:58:29,228 | INFO | Цена: 232.0 руб. (было 1400.0 руб.)
2026-08-05 04:58:29,231 | INFO | Скидка: 83%
2026-08-05 04:58:29,232 | INFO | Рейтинг: 4.1Отзывы: 14
2026-08-05 04:58:29,236 | INFO | Прошлая цена: 232.0
2026-08-05 04:58:31,256 | INFO | Проверяем запрос: кровавый пилинг
2026-08-05 04:58:31,256 | INFO | Открываем поиск: кровавый пилинг
2026-08-05 04:58:31,257 | INFO | Ждём ответ API...
2026-08-05 04:58:31,796 | INFO | 🔥 API пойман!Статус: 200URL: https://www.wildberries.ru/__internal/u-search/exactmatch/ru/common/v18/search?ab_testing=false&appType=1&curr=rub&dest=1259570991&hide_dtype=15&hide_vflags=4294967296&inheritFilters=true&lang=ru&locale=ru&query=%D0%BA%D1%80%D0%BE%D0%B2%D0%B0%D0%B2%D1%8B%D0%B9+%D0%BF%D0%B8%D0%BB%D0%B8%D0%BD%D0%B3&resultset=catalog&sort=popular&spp=30&suppressSpellcheck=false
2026-08-05 04:58:31,846 | INFO | JSON получен: 100 товаров
2026-08-05 04:58:31,848 | INFO | ✅ Получено товаров: 100
2026-08-05 04:58:31,849 | INFO | Найдено товаров: 100
2026-08-05 04:58:31,881 | INFO | Найдена скидка
2026-08-05 04:58:31,882 | INFO | Товар: Кровавый кислотный пилинг для лица от прыщей с Альфа и бета-…
2026-08-05 04:58:31,883 | INFO | Бренд: QEEP
2026-08-05 04:58:31,884 | INFO | Цена: 1154.0 руб. (было 2400.0 руб.)
2026-08-05 04:58:31,885 | INFO | Скидка: 52%
2026-08-05 04:58:31,886 | INFO | Рейтинг: 4.8Отзывы: 2199
2026-08-05 04:58:31,887 | INFO | Прошлая цена: 1154.0
2026-08-05 04:58:31,916 | INFO | Найдена скидка
2026-08-05 04:58:31,921 | INFO | Товар: Кровавый кислотный пилинг для лица от прыщей с Альфа и бета-…
2026-08-05 04:58:31,923 | INFO | Бренд: Алтея
2026-08-05 04:58:31,925 | INFO | Цена: 1326.0 руб. (было 2550.0 руб.)
2026-08-05 04:58:31,926 | INFO | Скидка: 48%
2026-08-05 04:58:31,927 | INFO | Рейтинг: 4.7Отзывы: 8383
2026-08-05 04:58:31,928 | INFO | Прошлая цена: 1326.0
2026-08-05 04:58:31,956 | INFO | Найдена скидка
2026-08-05 04:58:31,957 | INFO | Товар: Кровавый кислотный пилинг для лица от прыщей AHA BHA
2026-08-05 04:58:31,958 | INFO | Бренд: HAYATI
2026-08-05 04:58:31,958 | INFO | Цена: 350.0 руб. (было 892.0 руб.)
2026-08-05 04:58:31,959 | INFO | Скидка: 61%
2026-08-05 04:58:31,959 | INFO | Рейтинг: 4.9Отзывы: 965
2026-08-05 04:58:31,960 | INFO | Прошлая цена: 350.0
2026-08-05 04:58:31,986 | INFO | Найдена скидка
2026-08-05 04:58:31,988 | INFO | Товар: Кровавый кислотный пилинг для лица от прыщей с Альфа и бета
2026-08-05 04:58:31,988 | INFO | Бренд: Pink Forever
2026-08-05 04:58:31,989 | INFO | Цена: 1052.0 руб. (было 4053.0 руб.)
2026-08-05 04:58:31,989 | INFO | Скидка: 74%
2026-08-05 04:58:31,990 | INFO | Рейтинг: 5Отзывы: 1595
2026-08-05 04:58:31,991 | INFO | Прошлая цена: 1052.0
2026-08-05 04:58:32,013 | INFO | Найдена скидка
2026-08-05 04:58:32,014 | INFO | Товар: Кровавый кислотный пилинг для лица от прыщей и пигментации
2026-08-05 04:58:32,014 | INFO | Бренд: Pink Forever
2026-08-05 04:58:32,015 | INFO | Цена: 797.0 руб. (было 3947.0 руб.)
2026-08-05 04:58:32,015 | INFO | Скидка: 80%
2026-08-05 04:58:32,016 | INFO | Рейтинг: 4.8Отзывы: 581
2026-08-05 04:58:32,017 | INFO | Прошлая цена: 797.0
2026-08-05 04:58:32,041 | INFO | Найдена скидка
2026-08-05 04:58:32,042 | INFO | Товар: Пилинг для лица кислотный с AHA, BHA и красным виноградом, г…
2026-08-05 04:58:32,042 | INFO | Бренд: Semily
2026-08-05 04:58:32,043 | INFO | Цена: 476.0 руб. (было 2501.0 руб.)
2026-08-05 04:58:32,044 | INFO | Скидка: 81%
2026-08-05 04:58:32,044 | INFO | Рейтинг: 5Отзывы: 620
2026-08-05 04:58:32,045 | INFO | Прошлая цена: 476.0
2026-08-05 04:58:32,070 | INFO | Найдена скидка
2026-08-05 04:58:32,071 | INFO | Товар: Кровавый кислотный пилинг для лица от прыщей
2026-08-05 04:58:32,071 | INFO | Бренд: EVESTIN BRONZI
2026-08-05 04:58:32,072 | INFO | Цена: 894.0 руб. (было 1500.0 руб.)
2026-08-05 04:58:32,072 | INFO | Скидка: 40%
2026-08-05 04:58:32,073 | INFO | Рейтинг: 4.6Отзывы: 36
2026-08-05 04:58:32,074 | INFO | Прошлая цена: 894.0
2026-08-05 04:58:32,096 | INFO | Найдена скидка
2026-08-05 04:58:32,097 | INFO | Товар: Пилинг кислотный кровавый Ordinary для лица от прыщей и акне
2026-08-05 04:58:32,097 | INFO | Бренд: The ordinary
2026-08-05 04:58:32,098 | INFO | Цена: 2235.0 руб. (было 3400.0 руб.)
2026-08-05 04:58:32,098 | INFO | Скидка: 34%
2026-08-05 04:58:32,099 | INFO | Рейтинг: 4.8Отзывы: 3158
2026-08-05 04:58:32,100 | INFO | Прошлая цена: 2235.0
2026-08-05 04:58:32,124 | INFO | Найдена скидка
2026-08-05 04:58:32,125 | INFO | Товар: Пилинг для лица кислотный 30 мл
2026-08-05 04:58:32,125 | INFO | Бренд: ART&FACT.
2026-08-05 04:58:32,126 | INFO | Цена: 994.0 руб. (было 1520.0 руб.)
2026-08-05 04:58:32,126 | INFO | Скидка: 35%
2026-08-05 04:58:32,127 | INFO | Рейтинг: 4.7Отзывы: 18373
2026-08-05 04:58:32,127 | INFO | Прошлая цена: 994.0
2026-08-05 04:58:32,149 | INFO | Найдена скидка
2026-08-05 04:58:32,151 | INFO | Товар: Кислотный пилинг кровавый для лица 30 мл
2026-08-05 04:58:32,152 | INFO | Бренд: The ordinary
2026-08-05 04:58:32,153 | INFO | Цена: 3452.0 руб. (было 6000.0 руб.)
2026-08-05 04:58:32,153 | INFO | Скидка: 42%
2026-08-05 04:58:32,154 | INFO | Рейтинг: 4.7Отзывы: 1169
2026-08-05 04:58:32,154 | INFO | Прошлая цена: 3452.0
2026-08-05 04:58:32,176 | INFO | Найдена скидка
2026-08-05 04:58:32,177 | INFO | Товар: Пилинг кровавый для лица от прыщей и пигментации, кислотный…
2026-08-05 04:58:32,178 | INFO | Бренд: 19Labonskin
2026-08-05 04:58:32,178 | INFO | Цена: 1256.0 руб. (было 3186.0 руб.)
2026-08-05 04:58:32,178 | INFO | Скидка: 61%
2026-08-05 04:58:32,179 | INFO | Рейтинг: 4.8Отзывы: 2097
2026-08-05 04:58:32,179 | INFO | Прошлая цена: 1256.0
2026-08-05 04:58:32,202 | INFO | Найдена скидка
2026-08-05 04:58:32,203 | INFO | Товар: Пилинг для лица кровавый
2026-08-05 04:58:32,203 | INFO | Бренд: LV.COS
2026-08-05 04:58:32,204 | INFO | Цена: 1010.0 руб. (было 3500.0 руб.)
2026-08-05 04:58:32,205 | INFO | Скидка: 71%
2026-08-05 04:58:32,205 | INFO | Рейтинг: 4.9Отзывы: 663
2026-08-05 04:58:32,206 | INFO | Прошлая цена: 1010.0
2026-08-05 04:58:32,227 | INFO | Найдена скидка
2026-08-05 04:58:32,227 | INFO | Товар: Кровавый пилинг для лица от прыщей с кислотами, 30 мл
2026-08-05 04:58:32,228 | INFO | Бренд: Likato professional
2026-08-05 04:58:32,229 | INFO | Цена: 448.0 руб. (было 762.0 руб.)
2026-08-05 04:58:32,229 | INFO | Скидка: 41%
2026-08-05 04:58:32,230 | INFO | Рейтинг: 4.8Отзывы: 1472
2026-08-05 04:58:32,230 | INFO | Прошлая цена: 448.0
2026-08-05 04:58:32,255 | INFO | Найдена скидка
2026-08-05 04:58:32,257 | INFO | Товар: Пилинг сыворотка для лица от прыщей
2026-08-05 04:58:32,257 | INFO | Бренд: Jurello
2026-08-05 04:58:32,258 | INFO | Цена: 962.0 руб. (было 2000.0 руб.)
2026-08-05 04:58:32,258 | INFO | Скидка: 52%
2026-08-05 04:58:32,259 | INFO | Рейтинг: 4.8Отзывы: 1576
2026-08-05 04:58:32,260 | INFO | Прошлая цена: 962.0
2026-08-05 04:58:32,288 | INFO | Найдена скидка
2026-08-05 04:58:32,314 | INFO | Товар: Пилинг для лица кровавый кислотный профессиональный c 10% AH…
2026-08-05 04:58:32,315 | INFO | Бренд: MonoBeauty
2026-08-05 04:58:32,317 | INFO | Цена: 580.0 руб. (было 900.0 руб.)
2026-08-05 04:58:32,320 | INFO | Скидка: 36%
2026-08-05 04:58:32,321 | INFO | Рейтинг: 4.8Отзывы: 2951
2026-08-05 04:58:32,322 | INFO | Прошлая цена: 580.0
2026-08-05 04:58:32,358 | INFO | Найдена скидка
2026-08-05 04:58:32,359 | INFO | Товар: Кровавый пилинг для лица 30 мл
2026-08-05 04:58:32,359 | INFO | Бренд: Lpishe
2026-08-05 04:58:32,360 | INFO | Цена: 519.0 руб. (было 2000.0 руб.)
2026-08-05 04:58:32,360 | INFO | Скидка: 74%
2026-08-05 04:58:32,361 | INFO | Рейтинг: 4.8Отзывы: 1112
2026-08-05 04:58:32,361 | INFO | Прошлая цена: 519.0
2026-08-05 04:58:32,387 | INFO | Найдена скидка
2026-08-05 04:58:32,388 | INFO | Товар: Пилинг для лица кислотный от прыщей AHA BHA PHA 100мл
2026-08-05 04:58:32,390 | INFO | Бренд: Esthetic house
2026-08-05 04:58:32,391 | INFO | Цена: 1886.0 руб. (было 7650.0 руб.)
2026-08-05 04:58:32,392 | INFO | Скидка: 75%
2026-08-05 04:58:32,392 | INFO | Рейтинг: 4.8Отзывы: 437
2026-08-05 04:58:32,393 | INFO | Прошлая цена: 1886.0
2026-08-05 04:58:32,417 | INFO | Найдена скидка
2026-08-05 04:58:32,419 | INFO | Товар: Пилинг для лица кровавый мультикислотный
2026-08-05 04:58:32,420 | INFO | Бренд: TOKISHI B
2026-08-05 04:58:32,421 | INFO | Цена: 1644.0 руб. (было 6670.0 руб.)
2026-08-05 04:58:32,422 | INFO | Скидка: 75%
2026-08-05 04:58:32,423 | INFO | Рейтинг: 5Отзывы: 34
2026-08-05 04:58:32,423 | INFO | Прошлая цена: 1644.0
2026-08-05 04:58:32,448 | INFO | Найдена скидка
2026-08-05 04:58:32,449 | INFO | Товар: Кислотный пилинг кровавый для лица MOOYAM
2026-08-05 04:58:32,450 | INFO | Бренд: MOOYAM Cosmetics
2026-08-05 04:58:32,453 | INFO | Цена: 365.0 руб. (было 1200.0 руб.)
2026-08-05 04:58:32,454 | INFO | Скидка: 70%
2026-08-05 04:58:32,455 | INFO | Рейтинг: 4.6Отзывы: 86
2026-08-05 04:58:32,456 | INFO | Прошлая цена: 365.0
2026-08-05 04:58:32,478 | INFO | Найдена скидка
2026-08-05 04:58:32,479 | INFO | Товар: Кровавый кислотный пилинг для лица от прыщей АНА ВНА
2026-08-05 04:58:32,480 | INFO | Бренд: VISELLE
2026-08-05 04:58:32,480 | INFO | Цена: 952.0 руб. (было 3300.0 руб.)
2026-08-05 04:58:32,481 | INFO | Скидка: 71%
2026-08-05 04:58:32,481 | INFO | Рейтинг: 4.8Отзывы: 16300
2026-08-05 04:58:32,482 | INFO | Прошлая цена: 952.0
2026-08-05 04:58:32,507 | INFO | Найдена скидка
2026-08-05 04:58:32,508 | INFO | Товар: Пилинг для лица кровавый мультикислотный
2026-08-05 04:58:32,509 | INFO | Бренд: SOPHIE BONTE
2026-08-05 04:58:32,510 | INFO | Цена: 1644.0 руб. (было 6670.0 руб.)
2026-08-05 04:58:32,510 | INFO | Скидка: 75%
2026-08-05 04:58:32,511 | INFO | Рейтинг: 5Отзывы: 114
2026-08-05 04:58:32,511 | INFO | Прошлая цена: 1644.0
2026-08-05 04:58:32,534 | INFO | Найдена скидка
2026-08-05 04:58:32,536 | INFO | Товар: Пилинг для лица мультикислотный кровавый
2026-08-05 04:58:32,537 | INFO | Бренд: LV.COS
2026-08-05 04:58:32,538 | INFO | Цена: 1145.0 руб. (было 3969.0 руб.)
2026-08-05 04:58:32,539 | INFO | Скидка: 71%
2026-08-05 04:58:32,540 | INFO | Рейтинг: 4.9Отзывы: 820
2026-08-05 04:58:32,540 | INFO | Прошлая цена: 1145.0
2026-08-05 04:58:32,566 | INFO | Найдена скидка
2026-08-05 04:58:32,568 | INFO | Товар: Пилинг сыворотка для лица от прыщей
2026-08-05 04:58:32,569 | INFO | Бренд: Lap lav beauty
2026-08-05 04:58:32,571 | INFO | Цена: 500.0 руб. (было 1000.0 руб.)
2026-08-05 04:58:32,572 | INFO | Скидка: 50%
2026-08-05 04:58:32,574 | INFO | Рейтинг: 4.9Отзывы: 6736
2026-08-05 04:58:32,576 | INFO | Прошлая цена: 500.0
2026-08-05 04:58:32,619 | INFO | Найдена скидка
2026-08-05 04:58:32,622 | INFO | Товар: Кровавый пилинг для лица от прыщей и акне
2026-08-05 04:58:32,624 | INFO | Бренд: ARZUMIN
2026-08-05 04:58:32,630 | INFO | Цена: 523.0 руб. (было 3890.0 руб.)
2026-08-05 04:58:32,642 | INFO | Скидка: 87%
2026-08-05 04:58:32,644 | INFO | Рейтинг: 4.5Отзывы: 19
2026-08-05 04:58:32,646 | INFO | Прошлая цена: 523.0
2026-08-05 04:58:32,709 | INFO | Найдена скидка
2026-08-05 04:58:32,711 | INFO | Товар: Пилинг для лица кислотный от прыщей AHA BHA PHA 100мл
2026-08-05 04:58:32,711 | INFO | Бренд: Esthetic house
2026-08-05 04:58:32,714 | INFO | Цена: 1849.0 руб. (было 4500.0 руб.)
2026-08-05 04:58:32,716 | INFO | Скидка: 59%
2026-08-05 04:58:32,717 | INFO | Рейтинг: 4.9Отзывы: 43
2026-08-05 04:58:32,720 | INFO | Прошлая цена: 1849.0
2026-08-05 04:58:32,765 | INFO | Найдена скидка
2026-08-05 04:58:32,766 | INFO | Товар: Пилинг для лица кислотный кровавый AHA с гликолевой кислотой
2026-08-05 04:58:32,768 | INFO | Бренд: Doctor Face
2026-08-05 04:58:32,771 | INFO | Цена: 671.0 руб. (было 1396.0 руб.)
2026-08-05 04:58:32,776 | INFO | Скидка: 52%
2026-08-05 04:58:32,780 | INFO | Рейтинг: 4.6Отзывы: 3840
2026-08-05 04:58:32,782 | INFO | Прошлая цена: 671.0
2026-08-05 04:58:32,832 | INFO | Найдена скидка
2026-08-05 04:58:32,834 | INFO | Товар: Кислотный пилинг скатка для лица и тела из кожи и жира змеи
2026-08-05 04:58:32,835 | INFO | Бренд: tianDe
2026-08-05 04:58:32,838 | INFO | Цена: 587.0 руб. (было 1421.0 руб.)
2026-08-05 04:58:32,840 | INFO | Скидка: 59%
2026-08-05 04:58:32,841 | INFO | Рейтинг: 4.8Отзывы: 12326
2026-08-05 04:58:32,842 | INFO | Прошлая цена: 587.0
2026-08-05 04:58:32,872 | INFO | Найдена скидка
2026-08-05 04:58:32,873 | INFO | Товар: Кровавый пилинг для лица от пигментации и акне
2026-08-05 04:58:32,874 | INFO | Бренд: YEUX
2026-08-05 04:58:32,874 | INFO | Цена: 700.0 руб. (было 1300.0 руб.)
2026-08-05 04:58:32,875 | INFO | Скидка: 46%
2026-08-05 04:58:32,876 | INFO | Рейтинг: 4.8Отзывы: 100
2026-08-05 04:58:32,877 | INFO | Прошлая цена: 700.0
2026-08-05 04:58:32,909 | INFO | Найдена скидка
2026-08-05 04:58:32,910 | INFO | Товар: Набор анти-акне 2в1 пенка Anti-Acne и кровавый пилинг 19Lab
2026-08-05 04:58:32,910 | INFO | Бренд: 19Labonskin
2026-08-05 04:58:32,911 | INFO | Цена: 1772.0 руб. (было 5528.0 руб.)
2026-08-05 04:58:32,912 | INFO | Скидка: 68%
2026-08-05 04:58:32,912 | INFO | Рейтинг: 4.9Отзывы: 113
2026-08-05 04:58:32,913 | INFO | Прошлая цена: 1772.0
2026-08-05 04:58:32,944 | INFO | Найдена скидка
2026-08-05 04:58:32,945 | INFO | Товар: Комплекс для бережного отшелушивания кожи лица
2026-08-05 04:58:32,946 | INFO | Бренд: Likato professional
2026-08-05 04:58:32,947 | INFO | Цена: 518.0 руб. (было 1037.0 руб.)
2026-08-05 04:58:32,948 | INFO | Скидка: 50%
2026-08-05 04:58:32,953 | INFO | Рейтинг: 4.7Отзывы: 525
2026-08-05 04:58:32,955 | INFO | Прошлая цена: 518.0
2026-08-05 04:58:32,992 | INFO | Найдена скидка
2026-08-05 04:58:32,994 | INFO | Товар: Пилинг кислотный для лица кровавый
2026-08-05 04:58:32,996 | INFO | Бренд: IKKI
2026-08-05 04:58:32,997 | INFO | Цена: 1644.0 руб. (было 6667.0 руб.)
2026-08-05 04:58:33,005 | INFO | Скидка: 75%
2026-08-05 04:58:33,007 | INFO | Рейтинг: 5Отзывы: 32
2026-08-05 04:58:33,010 | INFO | Прошлая цена: 1644.0
2026-08-05 04:58:33,041 | INFO | Найдена скидка
2026-08-05 04:58:33,041 | INFO | Товар: Кровавый пилинг для лица против прыщей
2026-08-05 04:58:33,042 | INFO | Бренд: BIOBALANCE
2026-08-05 04:58:33,043 | INFO | Цена: 2246.0 руб. (было 5940.0 руб.)
2026-08-05 04:58:33,044 | INFO | Скидка: 62%
2026-08-05 04:58:33,044 | INFO | Рейтинг: 4.6Отзывы: 18
2026-08-05 04:58:33,045 | INFO | Прошлая цена: 2246.0
2026-08-05 04:58:33,075 | INFO | Найдена скидка
2026-08-05 04:58:33,077 | INFO | Товар: Кровавая пилинг-сыворотка для лица, 30 мл
2026-08-05 04:58:33,077 | INFO | Бренд: SilaVeRes
2026-08-05 04:58:33,078 | INFO | Цена: 677.0 руб. (было 2200.0 руб.)
2026-08-05 04:58:33,079 | INFO | Скидка: 69%
2026-08-05 04:58:33,081 | INFO | Рейтинг: 4.9Отзывы: 886
2026-08-05 04:58:33,083 | INFO | Прошлая цена: 677.0
2026-08-05 04:58:33,126 | INFO | Найдена скидка
2026-08-05 04:58:33,127 | INFO | Товар: Кровавый кислотный пилинг для лица от прыщей AHA BHA
2026-08-05 04:58:33,128 | INFO | Бренд: CARE:NEL
2026-08-05 04:58:33,129 | INFO | Цена: 1442.0 руб. (было 3990.0 руб.)
2026-08-05 04:58:33,130 | INFO | Скидка: 64%
2026-08-05 04:58:33,131 | INFO | Рейтинг: 4.7Отзывы: 155
2026-08-05 04:58:33,132 | INFO | Прошлая цена: 1442.0
2026-08-05 04:58:33,163 | INFO | Найдена скидка
2026-08-05 04:58:33,164 | INFO | Товар: Кровавый пилинг для лица от прыщей с кислотами
2026-08-05 04:58:33,165 | INFO | Бренд: The VIRgin Beauty
2026-08-05 04:58:33,168 | INFO | Цена: 706.0 руб. (было 1468.0 руб.)
2026-08-05 04:58:33,169 | INFO | Скидка: 52%
2026-08-05 04:58:33,171 | INFO | Рейтинг: 4.7Отзывы: 1450
2026-08-05 04:58:33,172 | INFO | Прошлая цена: 706.0
2026-08-05 04:58:33,199 | INFO | Найдена скидка
2026-08-05 04:58:33,201 | INFO | Товар: Кровавый пилинг для кожи лица 30 мл
2026-08-05 04:58:33,203 | INFO | Бренд: Bio World
2026-08-05 04:58:33,205 | INFO | Цена: 373.0 руб. (было 680.0 руб.)
2026-08-05 04:58:33,206 | INFO | Скидка: 45%
2026-08-05 04:58:33,207 | INFO | Рейтинг: 4.7Отзывы: 27
2026-08-05 04:58:33,209 | INFO | Прошлая цена: 373.0
2026-08-05 04:58:33,235 | INFO | Найдена скидка
2026-08-05 04:58:33,237 | INFO | Товар: Пилинг кислотный для лица кровавый
2026-08-05 04:58:33,238 | INFO | Бренд: ECOHOLY
2026-08-05 04:58:33,238 | INFO | Цена: 1424.0 руб. (было 5385.0 руб.)
2026-08-05 04:58:33,239 | INFO | Скидка: 74%
2026-08-05 04:58:33,240 | INFO | Рейтинг: 5Отзывы: 113
2026-08-05 04:58:33,240 | INFO | Прошлая цена: 1424.0
2026-08-05 04:58:33,273 | INFO | Найдена скидка
2026-08-05 04:58:33,274 | INFO | Товар: Пилинг для лица кислотный от прыщей и пигментации
2026-08-05 04:58:33,277 | INFO | Бренд: Lap lav beauty
2026-08-05 04:58:33,277 | INFO | Цена: 500.0 руб. (было 1000.0 руб.)
2026-08-05 04:58:33,279 | INFO | Скидка: 50%
2026-08-05 04:58:33,280 | INFO | Рейтинг: 4.8Отзывы: 1860
2026-08-05 04:58:33,281 | INFO | Прошлая цена: 500.0
2026-08-05 04:58:33,309 | INFO | Найдена скидка
2026-08-05 04:58:33,310 | INFO | Товар: Кислотный пилинг для лица антивозрастной
2026-08-05 04:58:33,310 | INFO | Бренд: Nano Skin
2026-08-05 04:58:33,311 | INFO | Цена: 573.0 руб. (было 1703.0 руб.)
2026-08-05 04:58:33,312 | INFO | Скидка: 66%
2026-08-05 04:58:33,312 | INFO | Рейтинг: 4.8Отзывы: 1095
2026-08-05 04:58:33,313 | INFO | Прошлая цена: 573.0
2026-08-05 04:58:33,346 | INFO | Найдена скидка
2026-08-05 04:58:33,347 | INFO | Товар: Пилинг кислотный для лица кровавый
2026-08-05 04:58:33,348 | INFO | Бренд: IKKI
2026-08-05 04:58:33,351 | INFO | Цена: 1660.0 руб. (было 6733.0 руб.)
2026-08-05 04:58:33,355 | INFO | Скидка: 75%
2026-08-05 04:58:33,357 | INFO | Рейтинг: 5Отзывы: 46
2026-08-05 04:58:33,358 | INFO | Прошлая цена: 1660.0
2026-08-05 04:58:33,391 | INFO | Найдена скидка
2026-08-05 04:58:33,393 | INFO | Товар: Кровавый пилинг для лица от прыщей, для осветления
2026-08-05 04:58:33,395 | INFO | Бренд: Likato professional
2026-08-05 04:58:33,396 | INFO | Цена: 351.0 руб. (было 814.0 руб.)
2026-08-05 04:58:33,397 | INFO | Скидка: 57%
2026-08-05 04:58:33,398 | INFO | Рейтинг: 4.5Отзывы: 606
2026-08-05 04:58:33,399 | INFO | Прошлая цена: 351.0
2026-08-05 04:58:33,437 | INFO | Найдена скидка
2026-08-05 04:58:33,438 | INFO | Товар: Пилинг кислотный для лица кровавый
2026-08-05 04:58:33,439 | INFO | Бренд: LUCAS
2026-08-05 04:58:33,440 | INFO | Цена: 1644.0 руб. (было 6667.0 руб.)
2026-08-05 04:58:33,441 | INFO | Скидка: 75%
2026-08-05 04:58:33,442 | INFO | Рейтинг: 5Отзывы: 24
2026-08-05 04:58:33,443 | INFO | Прошлая цена: 1644.0
2026-08-05 04:58:34,456 | INFO | Проверяем запрос: набор шампуней баба яга
2026-08-05 04:58:34,456 | INFO | Открываем поиск: набор шампуней баба яга
2026-08-05 04:58:34,457 | INFO | Ждём ответ API...
2026-08-05 04:58:35,082 | INFO | 🔥 API пойман!Статус: 200URL: https://www.wildberries.ru/__internal/u-search/exactmatch/ru/common/v18/search?ab_testing=false&appType=1&curr=rub&dest=1259570991&hide_dtype=15&hide_vflags=4294967296&inheritFilters=true&lang=ru&locale=ru&query=%D0%BD%D0%B0%D0%B1%D0%BE%D1%80+%D1%88%D0%B0%D0%BC%D0%BF%D1%83%D0%BD%D0%B5%D0%B9+%D0%B1%D0%B0%D0%B1%D0%B0+%D1%8F%D0%B3%D0%B0&resultset=catalog&sort=popular&spp=30&suppressSpellcheck=false
2026-08-05 04:58:35,096 | INFO | JSON получен: 8 товаров
2026-08-05 04:58:35,097 | INFO | ✅ Получено товаров: 8
2026-08-05 04:58:35,098 | INFO | Найдено товаров: 8
2026-08-05 04:58:38,115 | INFO | Проверяем запрос: румбокс блокнот
2026-08-05 04:58:38,116 | INFO | Открываем поиск: румбокс блокнот
2026-08-05 04:58:38,117 | INFO | Ждём ответ API...
2026-08-05 04:58:38,992 | INFO | 🔥 API пойман!Статус: 200URL: https://www.wildberries.ru/__internal/u-search/exactmatch/ru/common/v18/search?ab_testing=false&appType=1&curr=rub&dest=1259570991&hide_dtype=15&hide_vflags=4294967296&inheritFilters=true&lang=ru&locale=ru&query=%D1%80%D1%83%D0%BC%D0%B1%D0%BE%D0%BA%D1%81+%D0%B1%D0%BB%D0%BE%D0%BA%D0%BD%D0%BE%D1%82&resultset=catalog&sort=popular&spp=30&suppressSpellcheck=false
2026-08-05 04:58:39,037 | INFO | JSON получен: 100 товаров
2026-08-05 04:58:39,041 | INFO | ✅ Получено товаров: 100
2026-08-05 04:58:39,042 | INFO | Найдено товаров: 100
2026-08-05 04:58:39,072 | INFO | Найдена скидка
2026-08-05 04:58:39,072 | INFO | Товар: Румбокс наклейки блокнот, 20 комнат
2026-08-05 04:58:39,073 | INFO | Бренд: 
2026-08-05 04:58:39,074 | INFO | Цена: 408.0 руб. (было 3200.0 руб.)
2026-08-05 04:58:39,074 | INFO | Скидка: 87%
2026-08-05 04:58:39,075 | INFO | Рейтинг: 5Отзывы: 1420
2026-08-05 04:58:39,076 | INFO | Прошлая цена: 408.0
2026-08-05 04:58:39,099 | INFO | Найдена скидка
2026-08-05 04:58:39,102 | INFO | Товар: Румбокс наклейки блокнот
2026-08-05 04:58:39,103 | INFO | Бренд: Tinny Tots
2026-08-05 04:58:39,104 | INFO | Цена: 876.0 руб. (было 2070.0 руб.)
2026-08-05 04:58:39,105 | INFO | Скидка: 58%
2026-08-05 04:58:39,106 | INFO | Рейтинг: 4.9Отзывы: 1954
2026-08-05 04:58:39,107 | INFO | Прошлая цена: 876.0
2026-08-05 04:58:39,132 | INFO | Найдена скидка
2026-08-05 04:58:39,134 | INFO | Товар: Румбокс наклейки блокнот для творчества, 12 сюжетов
2026-08-05 04:58:39,134 | INFO | Бренд: Labalu
2026-08-05 04:58:39,135 | INFO | Цена: 624.0 руб. (было 954.0 руб.)
2026-08-05 04:58:39,136 | INFO | Скидка: 35%
2026-08-05 04:58:39,137 | INFO | Рейтинг: 4.9Отзывы: 25
2026-08-05 04:58:39,138 | INFO | Прошлая цена: 624.0
2026-08-05 04:58:39,159 | INFO | Найдена скидка
2026-08-05 04:58:39,160 | INFO | Товар: Блокнот румбокс с наклейками Капибара, 16 страниц
2026-08-05 04:58:39,160 | INFO | Бренд: Kari
2026-08-05 04:58:39,161 | INFO | Цена: 215.0 руб. (было 430.0 руб.)
2026-08-05 04:58:39,161 | INFO | Скидка: 50%
2026-08-05 04:58:39,162 | INFO | Рейтинг: 4.8Отзывы: 32
2026-08-05 04:58:39,162 | INFO | Прошлая цена: 215.0
2026-08-05 04:58:39,188 | INFO | Найдена скидка
2026-08-05 04:58:39,189 | INFO | Товар: Блокнот румбокс дом из наклеек комната антистресс roombox
2026-08-05 04:58:39,189 | INFO | Бренд: 
2026-08-05 04:58:39,190 | INFO | Цена: 622.0 руб. (было 1470.0 руб.)
2026-08-05 04:58:39,190 | INFO | Скидка: 58%
2026-08-05 04:58:39,191 | INFO | Рейтинг: 4.9Отзывы: 5312
2026-08-05 04:58:39,192 | INFO | Прошлая цена: 622.0
2026-08-05 04:58:39,214 | INFO | Найдена скидка
2026-08-05 04:58:39,214 | INFO | Товар: Румбокс блокнот с наклейками
2026-08-05 04:58:39,215 | INFO | Бренд: 
2026-08-05 04:58:39,217 | INFO | Цена: 162.0 руб. (было 810.0 руб.)
2026-08-05 04:58:39,219 | INFO | Скидка: 80%
2026-08-05 04:58:39,220 | INFO | Рейтинг: 4.8Отзывы: 347
2026-08-05 04:58:39,220 | INFO | Прошлая цена: 162.0
2026-08-05 04:58:39,246 | INFO | Найдена скидка
2026-08-05 04:58:39,247 | INFO | Товар: Румбокс Котики блокнот с наклейками
2026-08-05 04:58:39,248 | INFO | Бренд: 
2026-08-05 04:58:39,250 | INFO | Цена: 294.0 руб. (было 600.0 руб.)
2026-08-05 04:58:39,252 | INFO | Скидка: 51%
2026-08-05 04:58:39,253 | INFO | Рейтинг: 4.9Отзывы: 75
2026-08-05 04:58:39,254 | INFO | Прошлая цена: 294.0
2026-08-05 04:58:39,277 | INFO | Найдена скидка
2026-08-05 04:58:39,278 | INFO | Товар: блокнот с домиками
2026-08-05 04:58:39,279 | INFO | Бренд: Румбокс наклейки
2026-08-05 04:58:39,279 | INFO | Цена: 300.0 руб. (было 600.0 руб.)
2026-08-05 04:58:39,280 | INFO | Скидка: 50%
2026-08-05 04:58:39,280 | INFO | Рейтинг: 5Отзывы: 40
2026-08-05 04:58:39,281 | INFO | Прошлая цена: 300.0
2026-08-05 04:58:39,308 | INFO | Найдена скидка
2026-08-05 04:58:39,308 | INFO | Товар: Румбокс блокнот с наклейками
2026-08-05 04:58:39,309 | INFO | Бренд: 
2026-08-05 04:58:39,309 | INFO | Цена: 224.0 руб. (было 1070.0 руб.)
2026-08-05 04:58:39,310 | INFO | Скидка: 79%
2026-08-05 04:58:39,310 | INFO | Рейтинг: 4.7Отзывы: 373
2026-08-05 04:58:39,311 | INFO | Прошлая цена: 224.0
2026-08-05 04:58:39,334 | INFO | Найдена скидка
2026-08-05 04:58:39,335 | INFO | Товар: Румбокс K-POP наклейки блокнот с домиками Руми
2026-08-05 04:58:39,336 | INFO | Бренд: 
2026-08-05 04:58:39,336 | INFO | Цена: 288.0 руб. (было 599.0 руб.)
2026-08-05 04:58:39,337 | INFO | Скидка: 52%
2026-08-05 04:58:39,337 | INFO | Рейтинг: 5Отзывы: 28
2026-08-05 04:58:39,338 | INFO | Прошлая цена: 288.0
2026-08-05 04:58:39,360 | INFO | Найдена скидка
2026-08-05 04:58:39,361 | INFO | Товар: Румбокс блокнот с наклейками
2026-08-05 04:58:39,361 | INFO | Бренд: 
2026-08-05 04:58:39,362 | INFO | Цена: 176.0 руб. (было 800.0 руб.)
2026-08-05 04:58:39,362 | INFO | Скидка: 78%
2026-08-05 04:58:39,363 | INFO | Рейтинг: 4.9Отзывы: 321
2026-08-05 04:58:39,363 | INFO | Прошлая цена: 176.0
2026-08-05 04:58:39,387 | INFO | Найдена скидка
2026-08-05 04:58:39,387 | INFO | Товар: Блокнот румбокс дом из наклеек комната антистресс roombox
2026-08-05 04:58:39,388 | INFO | Бренд: Infinite Universe
2026-08-05 04:58:39,388 | INFO | Цена: 451.0 руб. (было 2000.0 руб.)
2026-08-05 04:58:39,389 | INFO | Скидка: 77%
2026-08-05 04:58:39,389 | INFO | Рейтинг: 5Отзывы: 14
2026-08-05 04:58:39,390 | INFO | Прошлая цена: 451.0
2026-08-05 04:58:39,411 | INFO | Найдена скидка
2026-08-05 04:58:39,412 | INFO | Товар: Румбокс наклейки для творчества антистресс XXXL
2026-08-05 04:58:39,412 | INFO | Бренд: Dinelos
2026-08-05 04:58:39,413 | INFO | Цена: 831.0 руб. (было 1880.0 руб.)
2026-08-05 04:58:39,414 | INFO | Скидка: 56%
2026-08-05 04:58:39,414 | INFO | Рейтинг: 4.9Отзывы: 352
2026-08-05 04:58:39,416 | INFO | Прошлая цена: 831.0
2026-08-05 04:58:39,441 | INFO | Найдена скидка
2026-08-05 04:58:39,442 | INFO | Товар: румбокс наклейки веселый хэллоуин
2026-08-05 04:58:39,443 | INFO | Бренд: HappyHands
2026-08-05 04:58:39,444 | INFO | Цена: 982.0 руб. (было 3191.0 руб.)
2026-08-05 04:58:39,444 | INFO | Скидка: 69%
2026-08-05 04:58:39,445 | INFO | Рейтинг: 4.7Отзывы: 18
2026-08-05 04:58:39,446 | INFO | Прошлая цена: 982.0
2026-08-05 04:58:39,475 | INFO | Найдена скидка
2026-08-05 04:58:39,476 | INFO | Товар: Блокнот румбокс с наклейками Капибара, 16 страниц
2026-08-05 04:58:39,477 | INFO | Бренд: Kari
2026-08-05 04:58:39,478 | INFO | Цена: 215.0 руб. (было 430.0 руб.)
2026-08-05 04:58:39,479 | INFO | Скидка: 50%
2026-08-05 04:58:39,480 | INFO | Рейтинг: 4.8Отзывы: 46
2026-08-05 04:58:39,481 | INFO | Прошлая цена: 215.0
2026-08-05 04:58:39,557 | INFO | Найдена скидка
2026-08-05 04:58:39,558 | INFO | Товар: Наклейки детские для творчества антистресс румбокс
2026-08-05 04:58:39,559 | INFO | Бренд: 
2026-08-05 04:58:39,560 | INFO | Цена: 427.0 руб. (было 1280.0 руб.)
2026-08-05 04:58:39,561 | INFO | Скидка: 67%
2026-08-05 04:58:39,562 | INFO | Рейтинг: 4.9Отзывы: 454
2026-08-05 04:58:39,563 | INFO | Прошлая цена: 427.0
2026-08-05 04:58:39,594 | INFO | Найдена скидка
2026-08-05 04:58:39,595 | INFO | Товар: Румбокс наклейки блокнот с домиками Roombox
2026-08-05 04:58:39,596 | INFO | Бренд: Basir
2026-08-05 04:58:39,596 | INFO | Цена: 380.0 руб. (было 750.0 руб.)
2026-08-05 04:58:39,597 | INFO | Скидка: 49%
2026-08-05 04:58:39,597 | INFO | Рейтинг: 4.7Отзывы: 157
2026-08-05 04:58:39,598 | INFO | Прошлая цена: 380.0
2026-08-05 04:58:39,624 | INFO | Найдена скидка
2026-08-05 04:58:39,625 | INFO | Товар: Румбокс Котики блокнот с наклейками
2026-08-05 04:58:39,625 | INFO | Бренд: 
2026-08-05 04:58:39,626 | INFO | Цена: 294.0 руб. (было 600.0 руб.)
2026-08-05 04:58:39,626 | INFO | Скидка: 51%
2026-08-05 04:58:39,627 | INFO | Рейтинг: 4.9Отзывы: 19
2026-08-05 04:58:39,627 | INFO | Прошлая цена: 294.0
2026-08-05 04:58:39,653 | INFO | Найдена скидка
2026-08-05 04:58:39,653 | INFO | Товар: Румбокс блокнот с наклейками животные 20 комнат
2026-08-05 04:58:39,654 | INFO | Бренд: 
2026-08-05 04:58:39,655 | INFO | Цена: 441.0 руб. (было 1500.0 руб.)
2026-08-05 04:58:39,656 | INFO | Скидка: 71%
2026-08-05 04:58:39,657 | INFO | Рейтинг: 4.6Отзывы: 13
2026-08-05 04:58:39,658 | INFO | Прошлая цена: 441.0
2026-08-05 04:58:39,683 | INFO | Найдена скидка
2026-08-05 04:58:39,685 | INFO | Товар: Румбокс наклейки блокнот, Roombox 50 страниц
2026-08-05 04:58:39,686 | INFO | Бренд: 
2026-08-05 04:58:39,687 | INFO | Цена: 483.0 руб. (было 1893.0 руб.)
2026-08-05 04:58:39,688 | INFO | Скидка: 74%
2026-08-05 04:58:39,688 | INFO | Рейтинг: 4.9Отзывы: 2599
2026-08-05 04:58:39,689 | INFO | Прошлая цена: 483.0
2026-08-05 04:58:39,712 | INFO | Найдена скидка
2026-08-05 04:58:39,713 | INFO | Товар: Румбокс наклейки блокнот, Roombox 40 страниц
2026-08-05 04:58:39,713 | INFO | Бренд: VIVACOLIBRI
2026-08-05 04:58:39,714 | INFO | Цена: 490.0 руб. (было 1560.0 руб.)
2026-08-05 04:58:39,714 | INFO | Скидка: 69%
2026-08-05 04:58:39,716 | INFO | Рейтинг: 4.9Отзывы: 1532
2026-08-05 04:58:39,717 | INFO | Прошлая цена: 490.0
2026-08-05 04:58:39,742 | INFO | Найдена скидка
2026-08-05 04:58:39,743 | INFO | Товар: Наклейки детские для творчества антистресс румбокс
2026-08-05 04:58:39,743 | INFO | Бренд: 
2026-08-05 04:58:39,744 | INFO | Цена: 427.0 руб. (было 1280.0 руб.)
2026-08-05 04:58:39,745 | INFO | Скидка: 67%
2026-08-05 04:58:39,745 | INFO | Рейтинг: 4.9Отзывы: 268
2026-08-05 04:58:39,746 | INFO | Прошлая цена: 427.0
2026-08-05 04:58:39,773 | INFO | Найдена скидка
2026-08-05 04:58:39,774 | INFO | Товар: Румбокс блокнот с наклейками капибара 20 комнат
2026-08-05 04:58:39,775 | INFO | Бренд: 
2026-08-05 04:58:39,775 | INFO | Цена: 519.0 руб. (было 1500.0 руб.)
2026-08-05 04:58:39,776 | INFO | Скидка: 65%
2026-08-05 04:58:39,777 | INFO | Рейтинг: 4.9Отзывы: 143
2026-08-05 04:58:39,778 | INFO | Прошлая цена: 519.0
2026-08-05 04:58:39,941 | INFO | Найдена скидка
2026-08-05 04:58:39,958 | INFO | Товар: Румбокс наклейки блокнот с домиками Roombox Капибара 2 шт
2026-08-05 04:58:39,960 | INFO | Бренд: 
2026-08-05 04:58:39,994 | INFO | Цена: 500.0 руб. (было 800.0 руб.)
2026-08-05 04:58:40,010 | INFO | Скидка: 38%
2026-08-05 04:58:40,021 | INFO | Рейтинг: 4.8Отзывы: 161
2026-08-05 04:58:40,022 | INFO | Прошлая цена: 500.0
2026-08-05 04:58:40,051 | INFO | Найдена скидка
2026-08-05 04:58:40,052 | INFO | Товар: Румбокс наклейки блокнот с домиками Roombox
2026-08-05 04:58:40,054 | INFO | Бренд: Kanzio
2026-08-05 04:58:40,054 | INFO | Цена: 484.0 руб. (было 1008.0 руб.)
2026-08-05 04:58:40,055 | INFO | Скидка: 52%
2026-08-05 04:58:40,056 | INFO | Рейтинг: 4.9Отзывы: 868
2026-08-05 04:58:40,057 | INFO | Прошлая цена: 484.0
2026-08-05 04:58:40,087 | INFO | Найдена скидка
2026-08-05 04:58:40,088 | INFO | Товар: Блокнот румбокс с наклейками Капибара, 16 страниц
2026-08-05 04:58:40,089 | INFO | Бренд: Kari
2026-08-05 04:58:40,089 | INFO | Цена: 215.0 руб. (было 430.0 руб.)
2026-08-05 04:58:40,090 | INFO | Скидка: 50%
2026-08-05 04:58:40,091 | INFO | Рейтинг: 4.5Отзывы: 45
2026-08-05 04:58:40,092 | INFO | Прошлая цена: 215.0
2026-08-05 04:58:40,121 | INFO | Найдена скидка
2026-08-05 04:58:40,122 | INFO | Товар: Румбокс наклейки капибара блокнот с домиками 2шт 16 комнат
2026-08-05 04:58:40,123 | INFO | Бренд: 
2026-08-05 04:58:40,124 | INFO | Цена: 516.0 руб. (было 1789.0 руб.)
2026-08-05 04:58:40,125 | INFO | Скидка: 71%
2026-08-05 04:58:40,126 | INFO | Рейтинг: 4.5Отзывы: 53
2026-08-05 04:58:40,127 | INFO | Прошлая цена: 516.0
2026-08-05 04:58:40,158 | INFO | Найдена скидка
2026-08-05 04:58:40,159 | INFO | Товар: блокнот с домиками
2026-08-05 04:58:40,160 | INFO | Бренд: Румбокс наклейки
2026-08-05 04:58:40,163 | INFO | Цена: 300.0 руб. (было 600.0 руб.)
2026-08-05 04:58:40,165 | INFO | Скидка: 50%
2026-08-05 04:58:40,167 | INFO | Рейтинг: 4.8Отзывы: 11
2026-08-05 04:58:40,168 | INFO | Прошлая цена: 300.0
2026-08-05 04:58:40,201 | INFO | Найдена скидка
2026-08-05 04:58:40,205 | INFO | Товар: Набор румбокс дом из наклеек 5 шт антистресс
2026-08-05 04:58:40,207 | INFO | Бренд: 
2026-08-05 04:58:40,210 | INFO | Цена: 288.0 руб. (было 1200.0 руб.)
2026-08-05 04:58:40,214 | INFO | Скидка: 76%
2026-08-05 04:58:40,216 | INFO | Рейтинг: 4.9Отзывы: 2198
2026-08-05 04:58:40,222 | INFO | Прошлая цена: 288.0
2026-08-05 04:58:40,263 | INFO | Найдена скидка
2026-08-05 04:58:40,265 | INFO | Товар: Румбокс наклейки блокнот с домиками Roombox
2026-08-05 04:58:40,289 | INFO | Бренд: Kanzio
2026-08-05 04:58:40,317 | INFO | Цена: 484.0 руб. (было 1008.0 руб.)
2026-08-05 04:58:40,325 | INFO | Скидка: 52%
2026-08-05 04:58:40,328 | INFO | Рейтинг: 4.9Отзывы: 499
2026-08-05 04:58:40,329 | INFO | Прошлая цена: 484.0
2026-08-05 04:58:40,362 | INFO | Найдена скидка
2026-08-05 04:58:40,363 | INFO | Товар: Румбокс наклейки блокнот с домиками Roombox
2026-08-05 04:58:40,364 | INFO | Бренд: Kanzio
2026-08-05 04:58:40,367 | INFO | Цена: 484.0 руб. (было 1008.0 руб.)
2026-08-05 04:58:40,368 | INFO | Скидка: 52%
2026-08-05 04:58:40,370 | INFO | Рейтинг: 5Отзывы: 463
2026-08-05 04:58:40,371 | INFO | Прошлая цена: 484.0
2026-08-05 04:58:40,395 | INFO | Найдена скидка
2026-08-05 04:58:40,396 | INFO | Товар: Румбокс наклейки блокнот с домиками
2026-08-05 04:58:40,397 | INFO | Бренд: 
2026-08-05 04:58:40,397 | INFO | Цена: 255.0 руб. (было 500.0 руб.)
2026-08-05 04:58:40,398 | INFO | Скидка: 49%
2026-08-05 04:58:40,399 | INFO | Рейтинг: 4.8Отзывы: 32
2026-08-05 04:58:40,400 | INFO | Прошлая цена: 255.0
2026-08-05 04:58:40,426 | INFO | Найдена скидка
2026-08-05 04:58:40,427 | INFO | Товар: Румбокс наклейки блокнот, Roombox 45 страниц
2026-08-05 04:58:40,427 | INFO | Бренд: VIVACOLIBRI
2026-08-05 04:58:40,428 | INFO | Цена: 490.0 руб. (было 1560.0 руб.)
2026-08-05 04:58:40,428 | INFO | Скидка: 69%
2026-08-05 04:58:40,429 | INFO | Рейтинг: 4.9Отзывы: 1532
2026-08-05 04:58:40,430 | INFO | Прошлая цена: 490.0
2026-08-05 04:58:40,454 | INFO | Найдена скидка
2026-08-05 04:58:40,455 | INFO | Товар: Наклейки детские для творчества румбокс блокнот с домиками
2026-08-05 04:58:40,456 | INFO | Бренд: 
2026-08-05 04:58:40,457 | INFO | Цена: 348.0 руб. (было 1200.0 руб.)
2026-08-05 04:58:40,457 | INFO | Скидка: 71%
2026-08-05 04:58:40,458 | INFO | Рейтинг: 4.9Отзывы: 693
2026-08-05 04:58:40,459 | INFO | Прошлая цена: 348.0
2026-08-05 04:58:40,483 | INFO | Найдена скидка
2026-08-05 04:58:40,486 | INFO | Товар: Наклейки детские для творчества румбокс блокнот с домиками
2026-08-05 04:58:40,488 | INFO | Бренд: 
2026-08-05 04:58:40,490 | INFO | Цена: 450.0 руб. (было 1288.0 руб.)
2026-08-05 04:58:40,492 | INFO | Скидка: 65%
2026-08-05 04:58:40,493 | INFO | Рейтинг: 4.9Отзывы: 742
2026-08-05 04:58:40,494 | INFO | Прошлая цена: 450.0
2026-08-05 04:58:40,527 | INFO | Найдена скидка
2026-08-05 04:58:40,527 | INFO | Товар: Румбокс наклейки блокнот хантрикс
2026-08-05 04:58:40,528 | INFO | Бренд: 
2026-08-05 04:58:40,529 | INFO | Цена: 294.0 руб. (было 600.0 руб.)
2026-08-05 04:58:40,529 | INFO | Скидка: 51%
2026-08-05 04:58:40,530 | INFO | Рейтинг: 4.9Отзывы: 12
2026-08-05 04:58:40,531 | INFO | Прошлая цена: 294.0
2026-08-05 04:58:40,562 | INFO | Найдена скидка
2026-08-05 04:58:40,563 | INFO | Товар: Румбокс наклейки блокнот с домиками Капибара
2026-08-05 04:58:40,564 | INFO | Бренд: 
2026-08-05 04:58:40,565 | INFO | Цена: 288.0 руб. (было 599.0 руб.)
2026-08-05 04:58:40,567 | INFO | Скидка: 52%
2026-08-05 04:58:40,568 | INFO | Рейтинг: 4.8Отзывы: 459
2026-08-05 04:58:40,569 | INFO | Прошлая цена: 288.0
2026-08-05 04:58:40,603 | INFO | Найдена скидка
2026-08-05 04:58:40,604 | INFO | Товар: Наклейки для творчества румбокс блокнот XL
2026-08-05 04:58:40,609 | INFO | Бренд: 
2026-08-05 04:58:40,610 | INFO | Цена: 601.0 руб. (было 2500.0 руб.)
2026-08-05 04:58:40,611 | INFO | Скидка: 76%
2026-08-05 04:58:40,612 | INFO | Рейтинг: 4.9Отзывы: 2198
2026-08-05 04:58:40,612 | INFO | Прошлая цена: 601.0
2026-08-05 04:58:40,641 | INFO | Найдена скидка
2026-08-05 04:58:40,642 | INFO | Товар: Румбокс пазлы блокнот Roombox
2026-08-05 04:58:40,643 | INFO | Бренд: 
2026-08-05 04:58:40,644 | INFO | Цена: 500.0 руб. (было 2000.0 руб.)
2026-08-05 04:58:40,644 | INFO | Скидка: 75%
2026-08-05 04:58:40,645 | INFO | Рейтинг: 4.9Отзывы: 41
2026-08-05 04:58:40,646 | INFO | Прошлая цена: 500.0
2026-08-05 04:58:40,676 | INFO | Найдена скидка
2026-08-05 04:58:40,677 | INFO | Товар: Блокнот румбокс наклейки детские "Лило и Стич"
2026-08-05 04:58:40,677 | INFO | Бренд: 
2026-08-05 04:58:40,678 | INFO | Цена: 309.0 руб. (было 450.0 руб.)
2026-08-05 04:58:40,679 | INFO | Скидка: 31%
2026-08-05 04:58:40,680 | INFO | Рейтинг: 4.5Отзывы: 31
2026-08-05 04:58:40,681 | INFO | Прошлая цена: 309.0
2026-08-05 04:58:40,712 | INFO | Найдена скидка
2026-08-05 04:58:40,713 | INFO | Товар: Румбокс блокнот с наклейками
2026-08-05 04:58:40,715 | INFO | Бренд: 
2026-08-05 04:58:40,716 | INFO | Цена: 215.0 руб. (было 830.0 руб.)
2026-08-05 04:58:40,719 | INFO | Скидка: 74%
2026-08-05 04:58:40,721 | INFO | Рейтинг: 4.8Отзывы: 377
2026-08-05 04:58:40,722 | INFO | Прошлая цена: 215.0
2026-08-05 04:58:40,753 | INFO | Найдена скидка
2026-08-05 04:58:40,755 | INFO | Товар: Румбокс наклейки блокнот большой стич 16 листов
2026-08-05 04:58:40,756 | INFO | Бренд: HomeActive
2026-08-05 04:58:40,757 | INFO | Цена: 324.0 руб. (было 1500.0 руб.)
2026-08-05 04:58:40,758 | INFO | Скидка: 78%
2026-08-05 04:58:40,759 | INFO | Рейтинг: 4.9Отзывы: 2426
2026-08-05 04:58:40,762 | INFO | Прошлая цена: 324.0
2026-08-05 04:58:40,790 | INFO | Найдена скидка
2026-08-05 04:58:40,791 | INFO | Товар: Румбокс наклейки блокнот с домиками 20 комнат Roombox
2026-08-05 04:58:40,792 | INFO | Бренд: Бу STORE
2026-08-05 04:58:40,793 | INFO | Цена: 639.0 руб. (было 1750.0 руб.)
2026-08-05 04:58:40,793 | INFO | Скидка: 63%
2026-08-05 04:58:40,794 | INFO | Рейтинг: 5Отзывы: 22
2026-08-05 04:58:40,795 | INFO | Прошлая цена: 639.0
2026-08-05 04:58:40,829 | INFO | Найдена скидка
2026-08-05 04:58:40,830 | INFO | Товар: Румбокс наклейки блокнот, Roombox 40 страниц
2026-08-05 04:58:40,832 | INFO | Бренд: 
2026-08-05 04:58:40,834 | INFO | Цена: 490.0 руб. (было 1960.0 руб.)
2026-08-05 04:58:40,835 | INFO | Скидка: 75%
2026-08-05 04:58:40,836 | INFO | Рейтинг: 4.9Отзывы: 2599
2026-08-05 04:58:40,837 | INFO | Прошлая цена: 490.0
2026-08-05 04:58:40,873 | INFO | Найдена скидка
2026-08-05 04:58:40,874 | INFO | Товар: Румбокс наклейки блокнот, Roombox 50 страниц
2026-08-05 04:58:40,875 | INFO | Бренд: VIVACOLIBRI
2026-08-05 04:58:40,876 | INFO | Цена: 490.0 руб. (было 1560.0 руб.)
2026-08-05 04:58:40,877 | INFO | Скидка: 69%
2026-08-05 04:58:40,877 | INFO | Рейтинг: 4.9Отзывы: 1532
2026-08-05 04:58:40,878 | INFO | Прошлая цена: 490.0
2026-08-05 04:58:40,921 | INFO | Найдена скидка
2026-08-05 04:58:40,922 | INFO | Товар: Наклейки румбокс блокнот для творчества
2026-08-05 04:58:40,924 | INFO | Бренд: МуРЛЕПКИ
2026-08-05 04:58:40,925 | INFO | Цена: 576.0 руб. (было 2998.0 руб.)
2026-08-05 04:58:40,926 | INFO | Скидка: 81%
2026-08-05 04:58:40,927 | INFO | Рейтинг: 5Отзывы: 1031
2026-08-05 04:58:40,927 | INFO | Прошлая цена: 576.0
2026-08-05 04:58:40,956 | INFO | Найдена скидка
2026-08-05 04:58:40,956 | INFO | Товар: Румбокс блокнот с наклейками животные 20 комнат
2026-08-05 04:58:40,957 | INFO | Бренд: 
2026-08-05 04:58:40,958 | INFO | Цена: 441.0 руб. (было 1500.0 руб.)
2026-08-05 04:58:40,959 | INFO | Скидка: 71%
2026-08-05 04:58:40,960 | INFO | Рейтинг: 4.8Отзывы: 37
2026-08-05 04:58:40,961 | INFO | Прошлая цена: 441.0
2026-08-05 04:58:40,988 | INFO | Найдена скидка
2026-08-05 04:58:40,989 | INFO | Товар: Румбокс наклейки блокнот куроми 16 листов
2026-08-05 04:58:40,989 | INFO | Бренд: HomeActive
2026-08-05 04:58:40,990 | INFO | Цена: 324.0 руб. (было 1500.0 руб.)
2026-08-05 04:58:40,991 | INFO | Скидка: 78%
2026-08-05 04:58:40,992 | INFO | Рейтинг: 4.9Отзывы: 2426
2026-08-05 04:58:40,993 | INFO | Прошлая цена: 324.0
2026-08-05 04:58:41,019 | INFO | Найдена скидка
2026-08-05 04:58:41,020 | INFO | Товар: с домиками 1 шт 20 комнат
2026-08-05 04:58:41,021 | INFO | Бренд: Румбокс наклейки блокнот
2026-08-05 04:58:41,022 | INFO | Цена: 382.0 руб. (было 2600.0 руб.)
2026-08-05 04:58:41,022 | INFO | Скидка: 85%
2026-08-05 04:58:41,023 | INFO | Рейтинг: 4.6Отзывы: 63
2026-08-05 04:58:41,024 | INFO | Прошлая цена: 382.0
2026-08-05 04:58:41,047 | INFO | Найдена скидка
2026-08-05 04:58:41,049 | INFO | Товар: Набор для творчества румбокс наклейки блокнот
2026-08-05 04:58:41,051 | INFO | Бренд: I-SIMNO
2026-08-05 04:58:41,052 | INFO | Цена: 433.0 руб. (было 700.0 руб.)
2026-08-05 04:58:41,053 | INFO | Скидка: 38%
2026-08-05 04:58:41,054 | INFO | Рейтинг: 4.8Отзывы: 366
2026-08-05 04:58:41,055 | INFO | Прошлая цена: 433.0
2026-08-05 04:58:41,079 | INFO | Найдена скидка
2026-08-05 04:58:41,079 | INFO | Товар: Румбокс наклейки блокнот с домиками Roombox 4 шт
2026-08-05 04:58:41,080 | INFO | Бренд: 
2026-08-05 04:58:41,080 | INFO | Цена: 923.0 руб. (было 1600.0 руб.)
2026-08-05 04:58:41,081 | INFO | Скидка: 42%
2026-08-05 04:58:41,083 | INFO | Рейтинг: 5Отзывы: 12
2026-08-05 04:58:41,084 | INFO | Прошлая цена: 923.0
2026-08-05 04:58:41,108 | INFO | Найдена скидка
2026-08-05 04:58:41,108 | INFO | Товар: Румбокс наклейки блокнот капибара
2026-08-05 04:58:41,109 | INFO | Бренд: 
2026-08-05 04:58:41,110 | INFO | Цена: 259.0 руб. (было 999.0 руб.)
2026-08-05 04:58:41,110 | INFO | Скидка: 74%
2026-08-05 04:58:41,111 | INFO | Рейтинг: 5Отзывы: 20
2026-08-05 04:58:41,112 | INFO | Прошлая цена: 259.0
2026-08-05 04:58:41,138 | INFO | Найдена скидка
2026-08-05 04:58:41,139 | INFO | Товар: Румбокс наклейки блокнот для творчества
2026-08-05 04:58:41,140 | INFO | Бренд: FAROhome
2026-08-05 04:58:41,140 | INFO | Цена: 421.0 руб. (было 3299.0 руб.)
2026-08-05 04:58:41,141 | INFO | Скидка: 87%
2026-08-05 04:58:41,141 | INFO | Рейтинг: 4.9Отзывы: 204
2026-08-05 04:58:41,142 | INFO | Прошлая цена: 421.0
2026-08-05 04:58:41,164 | INFO | Найдена скидка
2026-08-05 04:58:41,165 | INFO | Товар: Румбокс наклейки дом капибара
2026-08-05 04:58:41,166 | INFO | Бренд: 
2026-08-05 04:58:41,167 | INFO | Цена: 291.0 руб. (было 1120.0 руб.)
2026-08-05 04:58:41,169 | INFO | Скидка: 74%
2026-08-05 04:58:41,169 | INFO | Рейтинг: 4.8Отзывы: 52
2026-08-05 04:58:41,170 | INFO | Прошлая цена: 291.0
2026-08-05 04:58:41,195 | INFO | Найдена скидка
2026-08-05 04:58:41,195 | INFO | Товар: Румбокс наклейки Roombox
2026-08-05 04:58:41,196 | INFO | Бренд: 
2026-08-05 04:58:41,197 | INFO | Цена: 500.0 руб. (было 2000.0 руб.)
2026-08-05 04:58:41,202 | INFO | Скидка: 75%
2026-08-05 04:58:41,203 | INFO | Рейтинг: 4.9Отзывы: 209
2026-08-05 04:58:41,204 | INFO | Прошлая цена: 500.0
2026-08-05 04:58:41,238 | INFO | Найдена скидка
2026-08-05 04:58:41,239 | INFO | Товар: Румбокс наклейки блокнот большой Хантрикс 16 листов
2026-08-05 04:58:41,240 | INFO | Бренд: HomeActive
2026-08-05 04:58:41,241 | INFO | Цена: 324.0 руб. (было 1500.0 руб.)
2026-08-05 04:58:41,242 | INFO | Скидка: 78%
2026-08-05 04:58:41,243 | INFO | Рейтинг: 4.9Отзывы: 2426
2026-08-05 04:58:41,244 | INFO | Прошлая цена: 324.0
2026-08-05 04:58:41,288 | INFO | Найдена скидка
2026-08-05 04:58:41,290 | INFO | Товар: Румбокс наклейки блокнот с домиками Roombox Капибара 2шт
2026-08-05 04:58:41,295 | INFO | Бренд: 
2026-08-05 04:58:41,303 | INFO | Цена: 500.0 руб. (было 800.0 руб.)
2026-08-05 04:58:41,305 | INFO | Скидка: 38%
2026-08-05 04:58:41,306 | INFO | Рейтинг: 4.8Отзывы: 73
2026-08-05 04:58:41,307 | INFO | Прошлая цена: 500.0
2026-08-05 04:58:41,338 | INFO | Найдена скидка
2026-08-05 04:58:41,339 | INFO | Товар: Румбокс котики блокнот с наклейками
2026-08-05 04:58:41,340 | INFO | Бренд: 
2026-08-05 04:58:41,340 | INFO | Цена: 294.0 руб. (было 600.0 руб.)
2026-08-05 04:58:41,341 | INFO | Скидка: 51%
2026-08-05 04:58:41,342 | INFO | Рейтинг: 5Отзывы: 11
2026-08-05 04:58:41,343 | INFO | Прошлая цена: 294.0
2026-08-05 04:58:41,373 | INFO | Найдена скидка
2026-08-05 04:58:41,373 | INFO | Товар: Румбокс блокнот с наклейками 8 комнат Зверополис
2026-08-05 04:58:41,374 | INFO | Бренд: 
2026-08-05 04:58:41,375 | INFO | Цена: 376.0 руб. (было 1199.0 руб.)
2026-08-05 04:58:41,376 | INFO | Скидка: 69%
2026-08-05 04:58:41,377 | INFO | Рейтинг: 4.9Отзывы: 14
2026-08-05 04:58:41,379 | INFO | Прошлая цена: 376.0
2026-08-05 04:58:41,419 | INFO | Найдена скидка
2026-08-05 04:58:41,420 | INFO | Товар: Румбокс наклейки блокнот с домиками Roombox
2026-08-05 04:58:41,421 | INFO | Бренд: ПишиStore
2026-08-05 04:58:41,422 | INFO | Цена: 417.0 руб. (было 850.0 руб.)
2026-08-05 04:58:41,423 | INFO | Скидка: 51%
2026-08-05 04:58:41,424 | INFO | Рейтинг: 4.7Отзывы: 292
2026-08-05 04:58:41,425 | INFO | Прошлая цена: 417.0
2026-08-05 04:58:41,452 | INFO | Найдена скидка
2026-08-05 04:58:41,453 | INFO | Товар: Блокнот румбокс капибара комната из наклеек roombox
2026-08-05 04:58:41,454 | INFO | Бренд: MODGILOVE
2026-08-05 04:58:41,455 | INFO | Цена: 491.0 руб. (было 740.0 руб.)
2026-08-05 04:58:41,455 | INFO | Скидка: 34%
2026-08-05 04:58:41,456 | INFO | Рейтинг: 5Отзывы: 16
2026-08-05 04:58:44,454 | INFO | Проверяем запрос: румбокс в банке
2026-08-05 04:58:44,454 | INFO | Открываем поиск: румбокс в банке
2026-08-05 04:58:44,455 | INFO | Ждём ответ API...
2026-08-05 04:58:45,230 | INFO | 🔥 API пойман!Статус: 200URL: https://www.wildberries.ru/__internal/u-search/exactmatch/ru/common/v18/search?ab_testing=false&appType=1&curr=rub&dest=1259570991&hide_dtype=15&hide_vflags=4294967296&inheritFilters=true&lang=ru&locale=ru&query=%D1%80%D1%83%D0%BC%D0%B1%D0%BE%D0%BA%D1%81+%D0%B2+%D0%B1%D0%B0%D0%BD%D0%BA%D0%B5&resultset=catalog&sort=popular&spp=30&suppressSpellcheck=false
2026-08-05 04:58:45,269 | INFO | JSON получен: 100 товаров
2026-08-05 04:58:45,269 | INFO | ✅ Получено товаров: 100
2026-08-05 04:58:45,270 | INFO | Найдено товаров: 100
2026-08-05 04:58:45,301 | INFO | Найдена скидка
2026-08-05 04:58:45,302 | INFO | Товар: Силиконовый клей для творчества румбокса скрапбукинга 30 мл
2026-08-05 04:58:45,303 | INFO | Бренд: 
2026-08-05 04:58:45,304 | INFO | Цена: 427.0 руб. (было 1500.0 руб.)
2026-08-05 04:58:45,305 | INFO | Скидка: 72%
2026-08-05 04:58:45,306 | INFO | Рейтинг: 4.8Отзывы: 93
2026-08-05 04:58:45,306 | INFO | Прошлая цена: 427.0
2026-08-05 04:58:45,330 | INFO | Найдена скидка
2026-08-05 04:58:45,332 | INFO | Товар: Румбокс конструктор Шоколад Генри Henry's Chocolate
2026-08-05 04:58:45,332 | INFO | Бренд: Robotime Russia
2026-08-05 04:58:45,333 | INFO | Цена: 3821.0 руб. (было 10332.0 руб.)
2026-08-05 04:58:45,334 | INFO | Скидка: 63%
2026-08-05 04:58:45,336 | INFO | Рейтинг: 4.8Отзывы: 64
2026-08-05 04:58:45,336 | INFO | Прошлая цена: 3821.0
2026-08-05 04:58:45,359 | INFO | Найдена скидка
2026-08-05 04:58:45,359 | INFO | Товар: Наклейки акулы на телефон и карту, скрапбукинг, румбокс
2026-08-05 04:58:45,360 | INFO | Бренд: Милые подарки
2026-08-05 04:58:45,360 | INFO | Цена: 133.0 руб. (было 704.0 руб.)
2026-08-05 04:58:45,361 | INFO | Скидка: 81%
2026-08-05 04:58:45,361 | INFO | Рейтинг: 4.9Отзывы: 567
2026-08-05 04:58:45,362 | INFO | Прошлая цена: 133.0
2026-08-05 04:58:45,384 | INFO | Найдена скидка
2026-08-05 04:58:45,385 | INFO | Товар: Наклейки на телефон и карту, для скрапбукинга и румбокса
2026-08-05 04:58:45,386 | INFO | Бренд: Милые подарки
2026-08-05 04:58:45,386 | INFO | Цена: 104.0 руб. (было 697.0 руб.)
2026-08-05 04:58:45,386 | INFO | Скидка: 85%
2026-08-05 04:58:45,387 | INFO | Рейтинг: 4.7Отзывы: 143
2026-08-05 04:58:45,387 | INFO | Прошлая цена: 104.0
2026-08-05 04:58:45,408 | INFO | Найдена скидка
2026-08-05 04:58:45,409 | INFO | Товар: Румбокс интерьерный конструктор Чайная комната для отдыха
2026-08-05 04:58:45,409 | INFO | Бренд: Robotime Russia
2026-08-05 04:58:45,410 | INFO | Цена: 3824.0 руб. (было 10457.0 руб.)
2026-08-05 04:58:45,410 | INFO | Скидка: 63%
2026-08-05 04:58:45,411 | INFO | Рейтинг: 4.8Отзывы: 64
2026-08-05 04:58:45,412 | INFO | Прошлая цена: 3824.0
2026-08-05 04:58:45,438 | INFO | Найдена скидка
2026-08-05 04:58:45,439 | INFO | Товар: Румбокс интерьерный конструктор Разговор о сладком десерте
2026-08-05 04:58:45,440 | INFO | Бренд: Robotime Russia
2026-08-05 04:58:45,440 | INFO | Цена: 3821.0 руб. (было 10812.0 руб.)
2026-08-05 04:58:45,440 | INFO | Скидка: 65%
2026-08-05 04:58:45,441 | INFO | Рейтинг: 4.8Отзывы: 64
2026-08-05 04:58:45,441 | INFO | Прошлая цена: 3821.0
2026-08-05 04:58:45,462 | INFO | Найдена скидка
2026-08-05 04:58:45,463 | INFO | Товар: Румбокс с подсветкой Бабушкин сад
2026-08-05 04:58:45,463 | INFO | Бренд: 
2026-08-05 04:58:45,464 | INFO | Цена: 1807.0 руб. (было 3999.0 руб.)
2026-08-05 04:58:45,465 | INFO | Скидка: 55%
2026-08-05 04:58:45,466 | INFO | Рейтинг: 4.9Отзывы: 935
2026-08-05 04:58:45,467 | INFO | Прошлая цена: 1807.0
2026-08-05 04:58:45,490 | INFO | Найдена скидка
2026-08-05 04:58:45,491 | INFO | Товар: Миниатюра закатка миниатюра банки с вареньем
2026-08-05 04:58:45,492 | INFO | Бренд: MAXI DEKOR
2026-08-05 04:58:45,492 | INFO | Цена: 373.0 руб. (было 1000.0 руб.)
2026-08-05 04:58:45,493 | INFO | Скидка: 63%
2026-08-05 04:58:45,493 | INFO | Рейтинг: 5Отзывы: 52
2026-08-05 04:58:45,494 | INFO | Прошлая цена: 373.0
2026-08-05 04:58:45,518 | INFO | Найдена скидка
2026-08-05 04:58:45,519 | INFO | Товар: Миниатюра варенье для поделок
2026-08-05 04:58:45,519 | INFO | Бренд: INFINITY DECOR
2026-08-05 04:58:45,520 | INFO | Цена: 373.0 руб. (было 1000.0 руб.)
2026-08-05 04:58:45,520 | INFO | Скидка: 63%
2026-08-05 04:58:45,521 | INFO | Рейтинг: 4.9Отзывы: 35
2026-08-05 04:58:45,521 | INFO | Прошлая цена: 373.0
2026-08-05 04:58:45,544 | INFO | Найдена скидка
2026-08-05 04:58:45,544 | INFO | Товар: Набор миниатюрной мебели
2026-08-05 04:58:45,545 | INFO | Бренд: LogiLav
2026-08-05 04:58:45,545 | INFO | Цена: 498.0 руб. (было 3700.0 руб.)
2026-08-05 04:58:45,546 | INFO | Скидка: 87%
2026-08-05 04:58:45,546 | INFO | Рейтинг: 4.9Отзывы: 13
2026-08-05 04:58:45,547 | INFO | Прошлая цена: 498.0
2026-08-05 04:58:45,570 | INFO | Найдена скидка
2026-08-05 04:58:45,571 | INFO | Товар: Набор миниатюрной мебели
2026-08-05 04:58:45,571 | INFO | Бренд: LogiLav
2026-08-05 04:58:45,572 | INFO | Цена: 525.0 руб. (было 4200.0 руб.)
2026-08-05 04:58:45,572 | INFO | Скидка: 88%
2026-08-05 04:58:45,573 | INFO | Рейтинг: 4.9Отзывы: 13
2026-08-05 04:58:45,573 | INFO | Прошлая цена: 525.0
2026-08-05 04:58:45,595 | INFO | Найдена скидка
2026-08-05 04:58:45,596 | INFO | Товар: Сахарница с крышкой и ложкой емкость для соли меда
2026-08-05 04:58:45,597 | INFO | Бренд: HomeHoud
2026-08-05 04:58:45,597 | INFO | Цена: 524.0 руб. (было 3045.0 руб.)
2026-08-05 04:58:45,599 | INFO | Скидка: 83%
2026-08-05 04:58:45,600 | INFO | Рейтинг: 4.9Отзывы: 2623
2026-08-05 04:58:45,601 | INFO | Прошлая цена: 524.0
2026-08-05 04:58:47,604 | INFO | Проверяем запрос: тинт для губ
2026-08-05 04:58:47,605 | INFO | Открываем поиск: тинт для губ
2026-08-05 04:58:47,605 | INFO | Ждём ответ API...
2026-08-05 04:58:48,340 | INFO | 🔥 API пойман!Статус: 200URL: https://www.wildberries.ru/__internal/u-search/exactmatch/ru/common/v18/search?ab_testing=false&appType=1&curr=rub&dest=1259570991&hide_dtype=15&hide_vflags=4294967296&inheritFilters=true&lang=ru&locale=ru&query=%D1%82%D0%B8%D0%BD%D1%82+%D0%B4%D0%BB%D1%8F+%D0%B3%D1%83%D0%B1&resultset=catalog&sort=popular&spp=30&suppressSpellcheck=false
2026-08-05 04:58:48,402 | INFO | JSON получен: 100 товаров
2026-08-05 04:58:48,406 | INFO | ✅ Получено товаров: 100
2026-08-05 04:58:48,407 | INFO | Найдено товаров: 100
2026-08-05 04:58:48,433 | INFO | Найдена скидка
2026-08-05 04:58:48,434 | INFO | Товар: Тинт масло для губ 2 в 1
2026-08-05 04:58:48,435 | INFO | Бренд: tellmi
2026-08-05 04:58:48,436 | INFO | Цена: 1943.0 руб. (было 3637.0 руб.)
2026-08-05 04:58:48,436 | INFO | Скидка: 47%
2026-08-05 04:58:48,437 | INFO | Рейтинг: 4.3Отзывы: 744
2026-08-05 04:58:48,438 | INFO | Прошлая цена: 1943.0
2026-08-05 04:58:48,462 | INFO | Найдена скидка
2026-08-05 04:58:48,463 | INFO | Товар: Тинт для губ матовый пудровый оттенок RAF
2026-08-05 04:58:48,464 | INFO | Бренд: OK Beauty
2026-08-05 04:58:48,466 | INFO | Цена: 607.0 руб. (было 1469.0 руб.)
2026-08-05 04:58:48,467 | INFO | Скидка: 59%
2026-08-05 04:58:48,469 | INFO | Рейтинг: 4.8Отзывы: 3056
2026-08-05 04:58:48,471 | INFO | Прошлая цена: 607.0
2026-08-05 04:58:48,499 | INFO | Найдена скидка
2026-08-05 04:58:48,500 | INFO | Товар: Стойкий матовый гель тинт для губ LIP TINT AQUA GEL hyaluron
2026-08-05 04:58:48,501 | INFO | Бренд: LUXVISAGE
2026-08-05 04:58:48,502 | INFO | Цена: 299.0 руб. (было 440.0 руб.)
2026-08-05 04:58:48,503 | INFO | Скидка: 32%
2026-08-05 04:58:48,503 | INFO | Рейтинг: 4.9Отзывы: 232
2026-08-05 04:58:48,504 | INFO | Прошлая цена: 299.0
2026-08-05 04:58:48,530 | INFO | Найдена скидка
2026-08-05 04:58:48,531 | INFO | Товар: Стойкий матовый гель тинт для губ LIP TINT AQUA GEL hyaluron
2026-08-05 04:58:48,532 | INFO | Бренд: LUXVISAGE
2026-08-05 04:58:48,533 | INFO | Цена: 350.0 руб. (было 1020.0 руб.)
2026-08-05 04:58:48,534 | INFO | Скидка: 66%
2026-08-05 04:58:48,534 | INFO | Рейтинг: 4.8Отзывы: 4225
2026-08-05 04:58:48,535 | INFO | Прошлая цена: 350.0
2026-08-05 04:58:48,558 | INFO | Найдена скидка
2026-08-05 04:58:48,558 | INFO | Товар: Оттеночный гель-тинт для губ LIP TINT AQUA GEL hyaluron 10
2026-08-05 04:58:48,559 | INFO | Бренд: LUXVISAGE
2026-08-05 04:58:48,559 | INFO | Цена: 240.0 руб. (было 860.0 руб.)
2026-08-05 04:58:48,560 | INFO | Скидка: 72%
2026-08-05 04:58:48,560 | INFO | Рейтинг: 4.8Отзывы: 149760
2026-08-05 04:58:48,560 | INFO | Прошлая цена: 240.0
2026-08-05 04:58:48,581 | INFO | Найдена скидка
2026-08-05 04:58:48,583 | INFO | Товар: Матовая помада тинт для губ
2026-08-05 04:58:48,584 | INFO | Бренд: cappuvini
2026-08-05 04:58:48,585 | INFO | Цена: 300.0 руб. (было 1000.0 руб.)
2026-08-05 04:58:48,586 | INFO | Скидка: 70%
2026-08-05 04:58:48,586 | INFO | Рейтинг: 4.7Отзывы: 417
2026-08-05 04:58:48,587 | INFO | Прошлая цена: 300.0
2026-08-05 04:58:48,611 | INFO | Найдена скидка
2026-08-05 04:58:48,612 | INFO | Товар: Проявляющийся тинт-бальзам для губ Алоэ Вера блеск
2026-08-05 04:58:48,613 | INFO | Бренд: 
2026-08-05 04:58:48,614 | INFO | Цена: 263.0 руб. (было 2930.0 руб.)
2026-08-05 04:58:48,615 | INFO | Скидка: 91%
2026-08-05 04:58:48,617 | INFO | Рейтинг: 4.7Отзывы: 216
2026-08-05 04:58:48,618 | INFO | Прошлая цена: 263.0
2026-08-05 04:58:48,640 | INFO | Найдена скидка
2026-08-05 04:58:48,641 | INFO | Товар: Стойкий матовый гель тинт для губ LIP TINT AQUA GEL hyaluron
2026-08-05 04:58:48,642 | INFO | Бренд: LUXVISAGE
2026-08-05 04:58:48,642 | INFO | Цена: 350.0 руб. (было 1020.0 руб.)
2026-08-05 04:58:48,643 | INFO | Скидка: 66%
2026-08-05 04:58:48,643 | INFO | Рейтинг: 4.9Отзывы: 2688
2026-08-05 04:58:48,644 | INFO | Прошлая цена: 350.0
2026-08-05 04:58:48,667 | INFO | Найдена скидка
2026-08-05 04:58:48,668 | INFO | Товар: Тинт для губ бальзам
2026-08-05 04:58:48,669 | INFO | Бренд: OMGA
2026-08-05 04:58:48,670 | INFO | Цена: 255.0 руб. (было 690.0 руб.)
2026-08-05 04:58:48,670 | INFO | Скидка: 63%
2026-08-05 04:58:48,671 | INFO | Рейтинг: 4.9Отзывы: 10408
2026-08-05 04:58:48,672 | INFO | Прошлая цена: 255.0
2026-08-05 04:58:48,706 | INFO | Найдена скидка
2026-08-05 04:58:48,707 | INFO | Товар: Оттеночный гель-тинт для губ LIP TINT AQUA GEL hyaluron 03
2026-08-05 04:58:48,708 | INFO | Бренд: LUXVISAGE
2026-08-05 04:58:48,712 | INFO | Цена: 240.0 руб. (было 860.0 руб.)
2026-08-05 04:58:48,718 | INFO | Скидка: 72%
2026-08-05 04:58:48,719 | INFO | Рейтинг: 4.8Отзывы: 149760
2026-08-05 04:58:48,720 | INFO | Прошлая цена: 240.0
2026-08-05 04:58:48,756 | INFO | Найдена скидка
2026-08-05 04:58:48,757 | INFO | Товар: Набор блески для губ род 4 шт rhode
2026-08-05 04:58:48,759 | INFO | Бренд: 
2026-08-05 04:58:48,760 | INFO | Цена: 490.0 руб. (было 805.0 руб.)
2026-08-05 04:58:48,761 | INFO | Скидка: 39%
2026-08-05 04:58:48,764 | INFO | Рейтинг: 4.7Отзывы: 586
2026-08-05 04:58:48,766 | INFO | Прошлая цена: 490.0
2026-08-05 04:58:48,802 | INFO | Найдена скидка
2026-08-05 04:58:48,803 | INFO | Товар: Тинт для губ -матовый
2026-08-05 04:58:48,804 | INFO | Бренд: Crazy Price
2026-08-05 04:58:48,804 | INFO | Цена: 162.0 руб. (было 626.0 руб.)
2026-08-05 04:58:48,805 | INFO | Скидка: 74%
2026-08-05 04:58:48,806 | INFO | Рейтинг: 4.6Отзывы: 6204
2026-08-05 04:58:48,807 | INFO | Прошлая цена: 162.0
2026-08-05 04:58:48,856 | INFO | Найдена скидка
2026-08-05 04:58:48,857 | INFO | Товар: Тинт для губ глянцевый Kiss&Stay тон 04 ягодный
2026-08-05 04:58:48,858 | INFO | Бренд: DIVAGE
2026-08-05 04:58:48,858 | INFO | Цена: 375.0 руб. (было 938.0 руб.)
2026-08-05 04:58:48,859 | INFO | Скидка: 60%
2026-08-05 04:58:48,860 | INFO | Рейтинг: 4.6Отзывы: 299
2026-08-05 04:58:48,860 | INFO | Прошлая цена: 375.0
2026-08-05 04:58:48,890 | INFO | Найдена скидка
2026-08-05 04:58:48,891 | INFO | Товар: Бальзам тинт для губ проявляющийся
2026-08-05 04:58:48,892 | INFO | Бренд: OMGA
2026-08-05 04:58:48,893 | INFO | Цена: 272.0 руб. (было 400.0 руб.)
2026-08-05 04:58:48,893 | INFO | Скидка: 32%
2026-08-05 04:58:48,894 | INFO | Рейтинг: 4.9Отзывы: 9344
2026-08-05 04:58:48,894 | INFO | Прошлая цена: 272.0
2026-08-05 04:58:48,923 | INFO | Найдена скидка
2026-08-05 04:58:48,924 | INFO | Товар: Тинт для губ глянцевый оттенок #03
2026-08-05 04:58:48,925 | INFO | Бренд: IMBA KANA
2026-08-05 04:58:48,925 | INFO | Цена: 309.0 руб. (было 500.0 руб.)
2026-08-05 04:58:48,926 | INFO | Скидка: 38%
2026-08-05 04:58:48,927 | INFO | Рейтинг: 4.7Отзывы: 430
2026-08-05 04:58:48,928 | INFO | Прошлая цена: 309.0
2026-08-05 04:58:48,957 | INFO | Найдена скидка
2026-08-05 04:58:48,958 | INFO | Товар: Стойкий матовый гель тинт для губ LIP TINT AQUA GEL hyaluron
2026-08-05 04:58:48,959 | INFO | Бренд: LUXVISAGE
2026-08-05 04:58:48,960 | INFO | Цена: 350.0 руб. (было 1020.0 руб.)
2026-08-05 04:58:48,960 | INFO | Скидка: 66%
2026-08-05 04:58:48,961 | INFO | Рейтинг: 4.8Отзывы: 3596
2026-08-05 04:58:48,961 | INFO | Прошлая цена: 350.0
2026-08-05 04:58:49,011 | INFO | Найдена скидка
2026-08-05 04:58:49,012 | INFO | Товар: Оттеночный гель-тинт для губ LIP TINT AQUA GEL hyaluron 09
2026-08-05 04:58:49,013 | INFO | Бренд: LUXVISAGE
2026-08-05 04:58:49,014 | INFO | Цена: 240.0 руб. (было 860.0 руб.)
2026-08-05 04:58:49,017 | INFO | Скидка: 72%
2026-08-05 04:58:49,018 | INFO | Рейтинг: 4.8Отзывы: 149760
2026-08-05 04:58:49,019 | INFO | Прошлая цена: 240.0
2026-08-05 04:58:49,051 | INFO | Найдена скидка
2026-08-05 04:58:49,052 | INFO | Товар: Оттеночный гель-тинт для губ LIP TINT AQUA GEL hyaluron 02
2026-08-05 04:58:49,053 | INFO | Бренд: LUXVISAGE
2026-08-05 04:58:49,053 | INFO | Цена: 240.0 руб. (было 860.0 руб.)
2026-08-05 04:58:49,054 | INFO | Скидка: 72%
2026-08-05 04:58:49,055 | INFO | Рейтинг: 4.8Отзывы: 149760
2026-08-05 04:58:49,056 | INFO | Прошлая цена: 240.0
2026-08-05 04:58:49,086 | INFO | Найдена скидка
2026-08-05 04:58:49,087 | INFO | Товар: Тинт для губ матовый и стойкий Miami
2026-08-05 04:58:49,088 | INFO | Бренд: CLIMTCOSMETICS
2026-08-05 04:58:49,089 | INFO | Цена: 615.0 руб. (было 1390.0 руб.)
2026-08-05 04:58:49,090 | INFO | Скидка: 56%
2026-08-05 04:58:49,090 | INFO | Рейтинг: 4.7Отзывы: 15481
2026-08-05 04:58:49,091 | INFO | Прошлая цена: 615.0
2026-08-05 04:58:49,120 | INFO | Найдена скидка
2026-08-05 04:58:49,121 | INFO | Товар: Матовая помада тинт для губ
2026-08-05 04:58:49,122 | INFO | Бренд: 
2026-08-05 04:58:49,123 | INFO | Цена: 299.0 руб. (было 856.0 руб.)
2026-08-05 04:58:49,124 | INFO | Скидка: 65%
2026-08-05 04:58:49,125 | INFO | Рейтинг: 4.7Отзывы: 2034
2026-08-05 04:58:49,127 | INFO | Прошлая цена: 299.0
2026-08-05 04:58:49,160 | INFO | Найдена скидка
2026-08-05 04:58:49,160 | INFO | Товар: Стойкий матовый гель тинт для губ LIP TINT AQUA GEL hyaluron
2026-08-05 04:58:49,161 | INFO | Бренд: LUXVISAGE
2026-08-05 04:58:49,162 | INFO | Цена: 299.0 руб. (было 440.0 руб.)
2026-08-05 04:58:49,163 | INFO | Скидка: 32%
2026-08-05 04:58:49,163 | INFO | Рейтинг: 4.8Отзывы: 37
2026-08-05 04:58:49,164 | INFO | Прошлая цена: 299.0
2026-08-05 04:58:49,189 | INFO | Найдена скидка
2026-08-05 04:58:49,189 | INFO | Товар: Муссовая помада тинт 3 в 1 Plush matt для губ щек и век
2026-08-05 04:58:49,190 | INFO | Бренд: LUXVISAGE
2026-08-05 04:58:49,191 | INFO | Цена: 486.0 руб. (было 1406.0 руб.)
2026-08-05 04:58:49,192 | INFO | Скидка: 65%
2026-08-05 04:58:49,192 | INFO | Рейтинг: 4.8Отзывы: 642
2026-08-05 04:58:49,193 | INFO | Прошлая цена: 486.0
2026-08-05 04:58:49,216 | INFO | Найдена скидка
2026-08-05 04:58:49,217 | INFO | Товар: Матовая помада тинт для губ
2026-08-05 04:58:49,218 | INFO | Бренд: 
2026-08-05 04:58:49,218 | INFO | Цена: 294.0 руб. (было 865.0 руб.)
2026-08-05 04:58:49,219 | INFO | Скидка: 66%
2026-08-05 04:58:49,219 | INFO | Рейтинг: 4.8Отзывы: 337
2026-08-05 04:58:49,220 | INFO | Прошлая цена: 294.0
2026-08-05 04:58:49,243 | INFO | Найдена скидка
2026-08-05 04:58:49,244 | INFO | Товар: Оттеночный гель-тинт для губ LIP TINT AQUA GEL hyaluron 05
2026-08-05 04:58:49,245 | INFO | Бренд: LUXVISAGE
2026-08-05 04:58:49,246 | INFO | Цена: 240.0 руб. (было 860.0 руб.)
2026-08-05 04:58:49,246 | INFO | Скидка: 72%
2026-08-05 04:58:49,248 | INFO | Рейтинг: 4.8Отзывы: 149760
2026-08-05 04:58:49,249 | INFO | Прошлая цена: 240.0
2026-08-05 04:58:49,272 | INFO | Найдена скидка
2026-08-05 04:58:49,273 | INFO | Товар: Губная матовая помада тинт стойкий для губ корейский макияж
2026-08-05 04:58:49,273 | INFO | Бренд: cappuvini
2026-08-05 04:58:49,274 | INFO | Цена: 300.0 руб. (было 1000.0 руб.)
2026-08-05 04:58:49,274 | INFO | Скидка: 70%
2026-08-05 04:58:49,275 | INFO | Рейтинг: 4.7Отзывы: 581
2026-08-05 04:58:49,276 | INFO | Прошлая цена: 300.0
2026-08-05 04:58:49,320 | INFO | Найдена скидка
2026-08-05 04:58:49,322 | INFO | Товар: Тинт для губ.Хэллоу Китти
2026-08-05 04:58:49,324 | INFO | Бренд: BeautyAy
2026-08-05 04:58:49,335 | INFO | Цена: 290.0 руб. (было 500.0 руб.)
2026-08-05 04:58:49,337 | INFO | Скидка: 42%
2026-08-05 04:58:49,340 | INFO | Рейтинг: 4.4Отзывы: 21
2026-08-05 04:58:49,342 | INFO | Прошлая цена: 290.0
2026-08-05 04:58:49,385 | INFO | Найдена скидка
2026-08-05 04:58:49,388 | INFO | Товар: Тинт для губ LIP TINT AQUA GEL тон 08 Truffle
2026-08-05 04:58:49,396 | INFO | Бренд: LUXVISAGE
2026-08-05 04:58:49,402 | INFO | Цена: 486.0 руб. (было 990.0 руб.)
2026-08-05 04:58:49,426 | INFO | Скидка: 51%
2026-08-05 04:58:49,438 | INFO | Рейтинг: 4.7Отзывы: 42
2026-08-05 04:58:49,441 | INFO | Прошлая цена: 486.0
2026-08-05 04:58:49,501 | INFO | Найдена скидка
2026-08-05 04:58:49,504 | INFO | Товар: Блеск бальзам проявляющийся тинт для губ
2026-08-05 04:58:49,506 | INFO | Бренд: DS kids
2026-08-05 04:58:49,511 | INFO | Цена: 228.0 руб. (было 601.0 руб.)
2026-08-05 04:58:49,513 | INFO | Скидка: 62%
2026-08-05 04:58:49,519 | INFO | Рейтинг: 4.9Отзывы: 153
2026-08-05 04:58:49,524 | INFO | Прошлая цена: 228.0
2026-08-05 04:58:49,574 | INFO | Найдена скидка
2026-08-05 04:58:49,575 | INFO | Товар: Бальзам для губ проявляющийся тинт "Клубника"
2026-08-05 04:58:49,576 | INFO | Бренд: Between us girls
2026-08-05 04:58:49,576 | INFO | Цена: 215.0 руб. (было 2150.0 руб.)
2026-08-05 04:58:49,577 | INFO | Скидка: 90%
2026-08-05 04:58:49,578 | INFO | Рейтинг: 4.9Отзывы: 172
2026-08-05 04:58:49,578 | INFO | Прошлая цена: 215.0
2026-08-05 04:58:49,605 | INFO | Найдена скидка
2026-08-05 04:58:49,606 | INFO | Товар: Набор тинт блеск для губ Rhode 4 шт
2026-08-05 04:58:49,607 | INFO | Бренд: 
2026-08-05 04:58:49,608 | INFO | Цена: 486.0 руб. (было 990.0 руб.)
2026-08-05 04:58:49,608 | INFO | Скидка: 51%
2026-08-05 04:58:49,609 | INFO | Рейтинг: 4.8Отзывы: 1066
2026-08-05 04:58:49,610 | INFO | Прошлая цена: 486.0
2026-08-05 04:58:49,638 | INFO | Найдена скидка
2026-08-05 04:58:49,639 | INFO | Товар: Бальзам-блеск тинт для губ
2026-08-05 04:58:49,640 | INFO | Бренд: Beauty Blossom
2026-08-05 04:58:49,640 | INFO | Цена: 250.0 руб. (было 500.0 руб.)
2026-08-05 04:58:49,641 | INFO | Скидка: 50%
2026-08-05 04:58:49,642 | INFO | Рейтинг: 4.8Отзывы: 2847
2026-08-05 04:58:49,643 | INFO | Прошлая цена: 250.0
2026-08-05 04:58:49,673 | INFO | Найдена скидка
2026-08-05 04:58:49,674 | INFO | Товар: Стойкий матовый гель тинт для губ LIP TINT AQUA GEL hyaluron
2026-08-05 04:58:49,675 | INFO | Бренд: LUXVISAGE
2026-08-05 04:58:49,676 | INFO | Цена: 299.0 руб. (было 440.0 руб.)
2026-08-05 04:58:49,677 | INFO | Скидка: 32%
2026-08-05 04:58:49,678 | INFO | Рейтинг: 4.8Отзывы: 147
2026-08-05 04:58:49,679 | INFO | Прошлая цена: 299.0
2026-08-05 04:58:49,705 | INFO | Найдена скидка
2026-08-05 04:58:49,706 | INFO | Товар: Тинт для губ LIP TINT AQUA GEL тон 07 Baked Sugar
2026-08-05 04:58:49,707 | INFO | Бренд: LUXVISAGE
2026-08-05 04:58:49,707 | INFO | Цена: 486.0 руб. (было 990.0 руб.)
2026-08-05 04:58:49,708 | INFO | Скидка: 51%
2026-08-05 04:58:49,709 | INFO | Рейтинг: 4.9Отзывы: 33
2026-08-05 04:58:49,709 | INFO | Прошлая цена: 486.0
2026-08-05 04:58:49,735 | INFO | Найдена скидка
2026-08-05 04:58:49,736 | INFO | Товар: Тинт для губ Aqua hyaluron 09 стойкий матовый увлажняющий
2026-08-05 04:58:49,737 | INFO | Бренд: LUXVISAGE
2026-08-05 04:58:49,737 | INFO | Цена: 240.0 руб. (было 463.0 руб.)
2026-08-05 04:58:49,738 | INFO | Скидка: 48%
2026-08-05 04:58:49,739 | INFO | Рейтинг: 4.8Отзывы: 2831
2026-08-05 04:58:49,739 | INFO | Прошлая цена: 240.0
2026-08-05 04:58:49,772 | INFO | Найдена скидка
2026-08-05 04:58:49,774 | INFO | Товар: Тинт-мусс 3 в 1 для губ, щек и век PLUSH MATT тон 302
2026-08-05 04:58:49,778 | INFO | Бренд: LUXVISAGE
2026-08-05 04:58:49,780 | INFO | Цена: 404.0 руб. (было 832.0 руб.)
2026-08-05 04:58:49,782 | INFO | Скидка: 51%
2026-08-05 04:58:49,785 | INFO | Рейтинг: 4.8Отзывы: 1066
2026-08-05 04:58:49,786 | INFO | Прошлая цена: 404.0
2026-08-05 04:58:49,824 | INFO | Найдена скидка
2026-08-05 04:58:49,824 | INFO | Товар: Тинт-мусс 3 в 1 для губ, щек и век PLUSH MATT тон 301
2026-08-05 04:58:49,825 | INFO | Бренд: LUXVISAGE
2026-08-05 04:58:49,826 | INFO | Цена: 368.0 руб. (было 758.0 руб.)
2026-08-05 04:58:49,828 | INFO | Скидка: 51%
2026-08-05 04:58:49,830 | INFO | Рейтинг: 4.9Отзывы: 824
2026-08-05 04:58:49,833 | INFO | Прошлая цена: 368.0
2026-08-05 04:58:49,862 | INFO | Найдена скидка
2026-08-05 04:58:49,863 | INFO | Товар: Стойкий матовый гель тинт для губ LIP TINT AQUA GEL hyaluron
2026-08-05 04:58:49,863 | INFO | Бренд: LUXVISAGE
2026-08-05 04:58:49,864 | INFO | Цена: 658.0 руб. (было 1800.0 руб.)
2026-08-05 04:58:49,866 | INFO | Скидка: 63%
2026-08-05 04:58:49,868 | INFO | Рейтинг: 4.9Отзывы: 1453
2026-08-05 04:58:49,869 | INFO | Прошлая цена: 658.0
2026-08-05 04:58:49,892 | INFO | Найдена скидка
2026-08-05 04:58:49,893 | INFO | Товар: Оттеночный гель-тинт для губ LIP TINT AQUA GEL hyaluron 01
2026-08-05 04:58:49,894 | INFO | Бренд: LUXVISAGE
2026-08-05 04:58:49,894 | INFO | Цена: 240.0 руб. (было 860.0 руб.)
2026-08-05 04:58:49,895 | INFO | Скидка: 72%
2026-08-05 04:58:49,896 | INFO | Рейтинг: 4.8Отзывы: 149760
2026-08-05 04:58:49,896 | INFO | Прошлая цена: 240.0
2026-08-05 04:58:49,925 | INFO | Найдена скидка
2026-08-05 04:58:49,926 | INFO | Товар: Тинт для губ матовый стойкий с шиммером не отпечатывается
2026-08-05 04:58:49,927 | INFO | Бренд: CmaaDu
2026-08-05 04:58:49,927 | INFO | Цена: 397.0 руб. (было 628.0 руб.)
2026-08-05 04:58:49,928 | INFO | Скидка: 37%
2026-08-05 04:58:49,929 | INFO | Рейтинг: 4.4Отзывы: 67
2026-08-05 04:58:49,930 | INFO | Прошлая цена: 397.0
2026-08-05 04:58:49,958 | INFO | Найдена скидка
2026-08-05 04:58:49,959 | INFO | Товар: Тинт для губ глянцевый Kiss&Stay тон 06 лиловый
2026-08-05 04:58:49,959 | INFO | Бренд: DIVAGE
2026-08-05 04:58:49,960 | INFO | Цена: 375.0 руб. (было 938.0 руб.)
2026-08-05 04:58:49,960 | INFO | Скидка: 60%
2026-08-05 04:58:49,961 | INFO | Рейтинг: 4.6Отзывы: 181
2026-08-05 04:58:49,962 | INFO | Прошлая цена: 375.0
2026-08-05 04:58:49,988 | INFO | Найдена скидка
2026-08-05 04:58:49,989 | INFO | Товар: Проявляющаяся гигиеническая помада тинт для губ Алоэ Вера
2026-08-05 04:58:49,990 | INFO | Бренд: NEW SAMO
2026-08-05 04:58:49,990 | INFO | Цена: 409.0 руб. (было 3795.0 руб.)
2026-08-05 04:58:49,991 | INFO | Скидка: 89%
2026-08-05 04:58:49,991 | INFO | Рейтинг: 4.8Отзывы: 478
2026-08-05 04:58:49,992 | INFO | Прошлая цена: 409.0
2026-08-05 04:58:50,018 | INFO | Найдена скидка
2026-08-05 04:58:50,019 | INFO | Товар: Губная матовая помада тинт стойкий для губ корейский макияж
2026-08-05 04:58:50,020 | INFO | Бренд: 
2026-08-05 04:58:50,020 | INFO | Цена: 285.0 руб. (было 950.0 руб.)
2026-08-05 04:58:50,021 | INFO | Скидка: 70%
2026-08-05 04:58:50,022 | INFO | Рейтинг: 4.7Отзывы: 387
2026-08-05 04:58:50,022 | INFO | Прошлая цена: 285.0
2026-08-05 04:58:50,055 | INFO | Найдена скидка
2026-08-05 04:58:50,056 | INFO | Товар: Набор тинт для губ
2026-08-05 04:58:50,056 | INFO | Бренд: Minka
2026-08-05 04:58:50,058 | INFO | Цена: 521.0 руб. (было 1022.0 руб.)
2026-08-05 04:58:50,059 | INFO | Скидка: 49%
2026-08-05 04:58:50,059 | INFO | Рейтинг: 4.7Отзывы: 831
2026-08-05 04:58:50,061 | INFO | Прошлая цена: 521.0
2026-08-05 04:58:50,088 | INFO | Найдена скидка
2026-08-05 04:58:50,089 | INFO | Товар: Блеск для губ тинт набор 4шт
2026-08-05 04:58:50,090 | INFO | Бренд: Rhode
2026-08-05 04:58:50,091 | INFO | Цена: 577.0 руб. (было 1000.0 руб.)
2026-08-05 04:58:50,091 | INFO | Скидка: 42%
2026-08-05 04:58:50,092 | INFO | Рейтинг: 4.6Отзывы: 65
2026-08-05 04:58:50,093 | INFO | Прошлая цена: 577.0
2026-08-05 04:58:50,121 | INFO | Найдена скидка
2026-08-05 04:58:50,122 | INFO | Товар: Блеск для губ увлажняющий
2026-08-05 04:58:50,123 | INFO | Бренд: MYDOW
2026-08-05 04:58:50,124 | INFO | Цена: 150.0 руб. (было 3000.0 руб.)
2026-08-05 04:58:50,124 | INFO | Скидка: 95%
2026-08-05 04:58:50,125 | INFO | Рейтинг: 4.8Отзывы: 4665
2026-08-05 04:58:50,126 | INFO | Прошлая цена: 150.0
2026-08-05 04:58:50,152 | INFO | Найдена скидка
2026-08-05 04:58:50,153 | INFO | Товар: Тинт для губ Show 02 Пыльная_роза
2026-08-05 04:58:50,154 | INFO | Бренд: Parisa
2026-08-05 04:58:50,155 | INFO | Цена: 323.0 руб. (было 621.0 руб.)
2026-08-05 04:58:50,155 | INFO | Скидка: 48%
2026-08-05 04:58:50,156 | INFO | Рейтинг: 4.7Отзывы: 659
2026-08-05 04:58:50,157 | INFO | Прошлая цена: 323.0
2026-08-05 04:58:50,186 | INFO | Найдена скидка
2026-08-05 04:58:50,187 | INFO | Товар: Оттеночный гель-тинт для губ LIP TINT AQUA GEL ТОН 08
2026-08-05 04:58:50,187 | INFO | Бренд: LUXVISAGE
2026-08-05 04:58:50,188 | INFO | Цена: 365.0 руб. (было 752.0 руб.)
2026-08-05 04:58:50,189 | INFO | Скидка: 51%
2026-08-05 04:58:50,190 | INFO | Рейтинг: 4.8Отзывы: 4029
2026-08-05 04:58:50,191 | INFO | Прошлая цена: 365.0
2026-08-05 04:58:50,215 | INFO | Найдена скидка
2026-08-05 04:58:50,216 | INFO | Товар: Оттеночный гель-тинт для губ LIP TINT AQUA GEL hyaluron
2026-08-05 04:58:50,218 | INFO | Бренд: LUXVISAGE
2026-08-05 04:58:50,219 | INFO | Цена: 486.0 руб. (было 990.0 руб.)
2026-08-05 04:58:50,219 | INFO | Скидка: 51%
2026-08-05 04:58:50,220 | INFO | Рейтинг: 4.8Отзывы: 415
2026-08-05 04:58:50,221 | INFO | Прошлая цена: 486.0
2026-08-05 04:58:50,249 | INFO | Найдена скидка
2026-08-05 04:58:50,251 | INFO | Товар: Масло-тинт для губ с оттенком CRAZY ROSE, 5 мл
2026-08-05 04:58:50,253 | INFO | Бренд: Cha U Kao
2026-08-05 04:58:50,254 | INFO | Цена: 712.0 руб. (было 12350.0 руб.)
2026-08-05 04:58:50,256 | INFO | Скидка: 94%
2026-08-05 04:58:50,257 | INFO | Рейтинг: 4.8Отзывы: 4006
2026-08-05 04:58:50,258 | INFO | Прошлая цена: 712.0
2026-08-05 04:58:50,283 | INFO | Найдена скидка
2026-08-05 04:58:50,284 | INFO | Товар: Оттеночный тинт для губ помада 03 Deep Ruby
2026-08-05 04:58:50,285 | INFO | Бренд: LUXVISAGE
2026-08-05 04:58:50,287 | INFO | Цена: 473.0 руб. (было 730.0 руб.)
2026-08-05 04:58:50,287 | INFO | Скидка: 35%
2026-08-05 04:58:50,288 | INFO | Рейтинг: 4.8Отзывы: 190
2026-08-05 04:58:50,289 | INFO | Прошлая цена: 473.0
2026-08-05 04:58:50,313 | INFO | Найдена скидка
2026-08-05 04:58:50,314 | INFO | Товар: Проявляющаяся гигиеническая помада тинт для губ Алоэ Вера
2026-08-05 04:58:50,315 | INFO | Бренд: NEW SAMO
2026-08-05 04:58:50,316 | INFO | Цена: 394.0 руб. (было 4469.0 руб.)
2026-08-05 04:58:50,317 | INFO | Скидка: 91%
2026-08-05 04:58:50,319 | INFO | Рейтинг: 4.8Отзывы: 1074
2026-08-05 04:58:50,320 | INFO | Прошлая цена: 394.0
2026-08-05 04:58:50,353 | INFO | Найдена скидка
2026-08-05 04:58:50,355 | INFO | Товар: Тинт для губ матовый
2026-08-05 04:58:50,357 | INFO | Бренд: DyadaS
2026-08-05 04:58:50,358 | INFO | Цена: 391.0 руб. (было 984.0 руб.)
2026-08-05 04:58:50,359 | INFO | Скидка: 60%
2026-08-05 04:58:50,360 | INFO | Рейтинг: 4.6Отзывы: 665
2026-08-05 04:58:50,361 | INFO | Прошлая цена: 391.0
2026-08-05 04:58:50,389 | INFO | Найдена скидка
2026-08-05 04:58:50,390 | INFO | Товар: Тинт для губ Aqua hyaluron 03 стойкий матовый увлажняющий
2026-08-05 04:58:50,391 | INFO | Бренд: LUXVISAGE
2026-08-05 04:58:50,392 | INFO | Цена: 276.0 руб. (было 531.0 руб.)
2026-08-05 04:58:50,392 | INFO | Скидка: 48%
2026-08-05 04:58:50,393 | INFO | Рейтинг: 4.8Отзывы: 2831
2026-08-05 04:58:50,393 | INFO | Прошлая цена: 276.0
2026-08-05 04:58:50,420 | INFO | Найдена скидка
2026-08-05 04:58:50,421 | INFO | Товар: Оттеночный гель-тинт для губ LIP TINT AQUA GEL ТОН 10
2026-08-05 04:58:50,422 | INFO | Бренд: LUXVISAGE
2026-08-05 04:58:50,422 | INFO | Цена: 388.0 руб. (было 800.0 руб.)
2026-08-05 04:58:50,423 | INFO | Скидка: 52%
2026-08-05 04:58:50,424 | INFO | Рейтинг: 4.8Отзывы: 545
2026-08-05 04:58:50,424 | INFO | Прошлая цена: 388.0
2026-08-05 04:58:50,450 | INFO | Найдена скидка
2026-08-05 04:58:50,450 | INFO | Товар: Тинт для губ глянцевый Kiss&Stay 01 карамельно-розовый
2026-08-05 04:58:50,451 | INFO | Бренд: DIVAGE
2026-08-05 04:58:50,452 | INFO | Цена: 375.0 руб. (было 938.0 руб.)
2026-08-05 04:58:50,453 | INFO | Скидка: 60%
2026-08-05 04:58:50,454 | INFO | Рейтинг: 4.5Отзывы: 180
2026-08-05 04:58:50,454 | INFO | Прошлая цена: 375.0
2026-08-05 04:58:50,474 | INFO | ОБНАРУЖЕНО ПАДЕНИЕ ЦЕНЫ!
2026-08-05 04:58:50,475 | INFO | Товар: Тинт для губ глянцевый Kiss&Stay тон 03 теплый нюд
2026-08-05 04:58:50,475 | INFO | Старая цена: 480.0
2026-08-05 04:58:50,476 | INFO | Новая цена: 375.0
2026-08-05 04:58:50,477 | INFO | Chat ID: 1084489750 |
2026-08-05 04:58:50,479 | INFO | Уведомление уже отправлялось: False
2026-08-05 04:58:50,489 | INFO | Отправляем Telegram-уведомление...
2026-08-05 04:58:52,026 | INFO | Telegram-уведомление отправлено!
2026-08-05 04:58:52,058 | INFO | Уведомление сохранено в БД
2026-08-05 04:58:52,066 | INFO | Найдена скидка
2026-08-05 04:58:52,067 | INFO | Товар: Тинт для губ глянцевый Kiss&Stay тон 03 теплый нюд
2026-08-05 04:58:52,068 | INFO | Бренд: DIVAGE
2026-08-05 04:58:52,068 | INFO | Цена: 375.0 руб. (было 938.0 руб.)
2026-08-05 04:58:52,069 | INFO | Скидка: 60%
2026-08-05 04:58:52,070 | INFO | Рейтинг: 4.6Отзывы: 248
2026-08-05 04:58:52,070 | INFO | Прошлая цена: 480.0
2026-08-05 04:58:52,092 | INFO | Найдена скидка
2026-08-05 04:58:52,092 | INFO | Товар: Тинт для губ стойкий матовый LIP TINT AQUA GEL HYALURON 04
2026-08-05 04:58:52,093 | INFO | Бренд: LUXVISAGE
2026-08-05 04:58:52,093 | INFO | Цена: 317.0 руб. (было 453.0 руб.)
2026-08-05 04:58:52,094 | INFO | Скидка: 30%
2026-08-05 04:58:52,095 | INFO | Рейтинг: 4.9Отзывы: 8394
2026-08-05 04:58:53,097 | INFO | Проверяем запрос: шампуни babayaga
2026-08-05 04:58:53,098 | INFO | Открываем поиск: шампуни babayaga
2026-08-05 04:58:53,100 | INFO | Ждём ответ API...
2026-08-05 04:58:53,706 | INFO | 🔥 API пойман!Статус: 200URL: https://www.wildberries.ru/__internal/u-search/exactmatch/ru/common/v18/search?ab_testing=false&appType=1&curr=rub&dest=1259570991&hide_dtype=15&hide_vflags=4294967296&inheritFilters=true&lang=ru&locale=ru&query=%D1%88%D0%B0%D0%BC%D0%BF%D1%83%D0%BD%D0%B8+babayaga&resultset=catalog&sort=popular&spp=30&suppressSpellcheck=false
2026-08-05 04:58:53,778 | INFO | JSON получен: 29 товаров
2026-08-05 04:58:53,779 | INFO | ✅ Получено товаров: 29
2026-08-05 04:58:53,781 | INFO | Найдено товаров: 29
2026-08-05 04:58:55,800 | INFO | Проверяем запрос: футболка skims
2026-08-05 04:58:55,801 | INFO | Открываем поиск: футболка skims
2026-08-05 04:58:55,801 | INFO | Ждём ответ API...
2026-08-05 04:58:56,320 | INFO | 🔥 API пойман!Статус: 200URL: https://www.wildberries.ru/__internal/u-search/exactmatch/ru/common/v18/search?ab_testing=false&appType=1&curr=rub&dest=1259570991&hide_dtype=15&hide_vflags=4294967296&inheritFilters=true&lang=ru&locale=ru&query=%D1%84%D1%83%D1%82%D0%B1%D0%BE%D0%BB%D0%BA%D0%B0+skims&resultset=catalog&sort=popular&spp=30&suppressSpellcheck=false
2026-08-05 04:58:56,385 | INFO | JSON получен: 100 товаров
2026-08-05 04:58:56,387 | INFO | ✅ Получено товаров: 100
2026-08-05 04:58:56,388 | INFO | Найдено товаров: 100
2026-08-05 04:58:56,416 | INFO | Найдена скидка
2026-08-05 04:58:56,416 | INFO | Товар: Приталенная футболка скимс с широкими рукавами облегающая
2026-08-05 04:58:56,417 | INFO | Бренд: Rest
2026-08-05 04:58:56,418 | INFO | Цена: 749.0 руб. (было 2000.0 руб.)
2026-08-05 04:58:56,419 | INFO | Скидка: 63%
2026-08-05 04:58:56,421 | INFO | Рейтинг: 4.9Отзывы: 6728
2026-08-05 04:58:56,421 | INFO | Прошлая цена: 749.0
2026-08-05 04:58:56,443 | INFO | Найдена скидка
2026-08-05 04:58:56,445 | INFO | Товар: Набор футболок скимс 6в1
2026-08-05 04:58:56,445 | INFO | Бренд: BM Textile
2026-08-05 04:58:56,446 | INFO | Цена: 2259.0 руб. (было 5077.0 руб.)
2026-08-05 04:58:56,447 | INFO | Скидка: 56%
2026-08-05 04:58:56,449 | INFO | Рейтинг: 4.8Отзывы: 2704
2026-08-05 04:58:56,450 | INFO | Прошлая цена: 2259.0
2026-08-05 04:58:56,476 | INFO | Найдена скидка
2026-08-05 04:58:56,477 | INFO | Товар: Футболка в стиле скимс облегающая
2026-08-05 04:58:56,478 | INFO | Бренд: Pure Energy
2026-08-05 04:58:56,478 | INFO | Цена: 505.0 руб. (было 2000.0 руб.)
2026-08-05 04:58:56,479 | INFO | Скидка: 75%
2026-08-05 04:58:56,480 | INFO | Рейтинг: 4.9Отзывы: 390
2026-08-05 04:58:56,482 | INFO | Прошлая цена: 475.0
2026-08-05 04:58:56,506 | INFO | Найдена скидка
2026-08-05 04:58:56,506 | INFO | Товар: Футболка скимс базовая облегающая
2026-08-05 04:58:56,507 | INFO | Бренд: Red Flag
2026-08-05 04:58:56,507 | INFO | Цена: 689.0 руб. (было 1950.0 руб.)
2026-08-05 04:58:56,508 | INFO | Скидка: 65%
2026-08-05 04:58:56,508 | INFO | Рейтинг: 4.9Отзывы: 29033
2026-08-05 04:58:56,509 | INFO | Прошлая цена: 689.0
2026-08-05 04:58:56,531 | INFO | Найдена скидка
2026-08-05 04:58:56,533 | INFO | Товар: Футболка Skims y2k базовая облегающая
2026-08-05 04:58:56,534 | INFO | Бренд: Main Char
2026-08-05 04:58:56,535 | INFO | Цена: 1188.0 руб. (было 3062.0 руб.)
2026-08-05 04:58:56,535 | INFO | Скидка: 61%
2026-08-05 04:58:56,536 | INFO | Рейтинг: 4.6Отзывы: 44
2026-08-05 04:58:56,536 | INFO | Прошлая цена: 1188.0
2026-08-05 04:58:56,557 | INFO | Найдена скидка
2026-08-05 04:58:56,558 | INFO | Товар: Набор футболок скимс 3в1
2026-08-05 04:58:56,559 | INFO | Бренд: BM Textile
2026-08-05 04:58:56,559 | INFO | Цена: 1525.0 руб. (было 5651.0 руб.)
2026-08-05 04:58:56,559 | INFO | Скидка: 73%
2026-08-05 04:58:56,560 | INFO | Рейтинг: 4.8Отзывы: 2704
2026-08-05 04:58:56,561 | INFO | Прошлая цена: 1525.0
2026-08-05 04:58:56,582 | INFO | Найдена скидка
2026-08-05 04:58:56,583 | INFO | Товар: Набор футболок скимс 3в1
2026-08-05 04:58:56,584 | INFO | Бренд: BM Textile
2026-08-05 04:58:56,585 | INFO | Цена: 1525.0 руб. (было 5651.0 руб.)
2026-08-05 04:58:56,586 | INFO | Скидка: 73%
2026-08-05 04:58:56,586 | INFO | Рейтинг: 4.8Отзывы: 2704
2026-08-05 04:58:56,587 | INFO | Прошлая цена: 1525.0
2026-08-05 04:58:56,609 | INFO | Найдена скидка
2026-08-05 04:58:56,609 | INFO | Товар: Набор футболок скимс 6в1
2026-08-05 04:58:56,610 | INFO | Бренд: ZIMIN
2026-08-05 04:58:56,610 | INFO | Цена: 2363.0 руб. (было 5425.0 руб.)
2026-08-05 04:58:56,611 | INFO | Скидка: 56%
2026-08-05 04:58:56,611 | INFO | Рейтинг: 4.8Отзывы: 5355
2026-08-05 04:58:56,612 | INFO | Прошлая цена: 2363.0
2026-08-05 04:58:56,638 | INFO | Найдена скидка
2026-08-05 04:58:56,639 | INFO | Товар: Футболка скимс базовая облегающая
2026-08-05 04:58:56,639 | INFO | Бренд: RUMIA
2026-08-05 04:58:56,640 | INFO | Цена: 488.0 руб. (было 1030.0 руб.)
2026-08-05 04:58:56,640 | INFO | Скидка: 53%
2026-08-05 04:58:56,641 | INFO | Рейтинг: 4.9Отзывы: 5934
2026-08-05 04:58:56,641 | INFO | Прошлая цена: 488.0
2026-08-05 04:58:56,662 | INFO | Найдена скидка
2026-08-05 04:58:56,663 | INFO | Товар: Футболка однотонная скимс набор
2026-08-05 04:58:56,665 | INFO | Бренд: USKOVA
2026-08-05 04:58:56,666 | INFO | Цена: 1467.0 руб. (было 5570.0 руб.)
2026-08-05 04:58:56,667 | INFO | Скидка: 74%
2026-08-05 04:58:56,668 | INFO | Рейтинг: 4.9Отзывы: 3589
2026-08-05 04:58:56,669 | INFO | Прошлая цена: 1467.0
2026-08-05 04:58:56,691 | INFO | Найдена скидка
2026-08-05 04:58:56,692 | INFO | Товар: Набор футболок скимс 3в1
2026-08-05 04:58:56,693 | INFO | Бренд: ZIMIN
2026-08-05 04:58:56,693 | INFO | Цена: 1485.0 руб. (было 3302.0 руб.)
2026-08-05 04:58:56,694 | INFO | Скидка: 55%
2026-08-05 04:58:56,695 | INFO | Рейтинг: 4.8Отзывы: 5355
2026-08-05 04:58:56,695 | INFO | Прошлая цена: 1485.0
2026-08-05 04:58:56,719 | INFO | Найдена скидка
2026-08-05 04:58:56,720 | INFO | Товар: Футболка приталенная скимс хлопок
2026-08-05 04:58:56,720 | INFO | Бренд: 
2026-08-05 04:58:56,721 | INFO | Цена: 479.0 руб. (было 5000.0 руб.)
2026-08-05 04:58:56,722 | INFO | Скидка: 90%
2026-08-05 04:58:56,723 | INFO | Рейтинг: 4.9Отзывы: 39
2026-08-05 04:58:56,723 | INFO | Прошлая цена: 479.0
2026-08-05 04:58:56,745 | INFO | Найдена скидка
2026-08-05 04:58:56,746 | INFO | Товар: Футболка в стиле скимс облегающая
2026-08-05 04:58:56,749 | INFO | Бренд: Kloé Lau
2026-08-05 04:58:56,750 | INFO | Цена: 926.0 руб. (было 2795.0 руб.)
2026-08-05 04:58:56,751 | INFO | Скидка: 67%
2026-08-05 04:58:56,752 | INFO | Рейтинг: 4.9Отзывы: 27713
2026-08-05 04:58:56,753 | INFO | Прошлая цена: 926.0
2026-08-05 04:58:56,776 | INFO | Найдена скидка
2026-08-05 04:58:56,777 | INFO | Товар: Футболка облегающая базовая skims
2026-08-05 04:58:56,778 | INFO | Бренд: LANLEE
2026-08-05 04:58:56,778 | INFO | Цена: 516.0 руб. (было 3700.0 руб.)
2026-08-05 04:58:56,779 | INFO | Скидка: 86%
2026-08-05 04:58:56,780 | INFO | Рейтинг: 4.8Отзывы: 6114
2026-08-05 04:58:56,783 | INFO | Прошлая цена: 516.0
2026-08-05 04:58:56,807 | INFO | Найдена скидка
2026-08-05 04:58:56,808 | INFO | Товар: Футболка скимс 3в1
2026-08-05 04:58:56,809 | INFO | Бренд: ZIMIN
2026-08-05 04:58:56,809 | INFO | Цена: 1416.0 руб. (было 5060.0 руб.)
2026-08-05 04:58:56,810 | INFO | Скидка: 72%
2026-08-05 04:58:56,811 | INFO | Рейтинг: 4.8Отзывы: 5355
2026-08-05 04:58:56,811 | INFO | Прошлая цена: 1416.0
2026-08-05 04:58:56,841 | INFO | Найдена скидка
2026-08-05 04:58:56,842 | INFO | Товар: Футболка в стиле скимс базовая облегающая
2026-08-05 04:58:56,843 | INFO | Бренд: JustLike
2026-08-05 04:58:56,870 | INFO | Цена: 793.0 руб. (было 1400.0 руб.)
2026-08-05 04:58:56,872 | INFO | Скидка: 43%
2026-08-05 04:58:56,872 | INFO | Рейтинг: 4.9Отзывы: 22615
2026-08-05 04:58:56,873 | INFO | Прошлая цена: 793.0
2026-08-05 04:58:56,903 | INFO | Найдена скидка
2026-08-05 04:58:56,904 | INFO | Товар: Футболка скимс с принтом
2026-08-05 04:58:56,905 | INFO | Бренд: RUMIA
2026-08-05 04:58:56,906 | INFO | Цена: 381.0 руб. (было 1200.0 руб.)
2026-08-05 04:58:56,907 | INFO | Скидка: 68%
2026-08-05 04:58:56,908 | INFO | Рейтинг: 4.9Отзывы: 3037
2026-08-05 04:58:56,909 | INFO | Прошлая цена: 381.0
2026-08-05 04:58:56,935 | INFO | Найдена скидка
2026-08-05 04:58:56,936 | INFO | Товар: Футболка в стиле скимс базовая облегающая
2026-08-05 04:58:56,937 | INFO | Бренд: SABCOLLECTION
2026-08-05 04:58:56,938 | INFO | Цена: 439.0 руб. (было 1500.0 руб.)
2026-08-05 04:58:56,939 | INFO | Скидка: 71%
2026-08-05 04:58:56,940 | INFO | Рейтинг: 4.9Отзывы: 162
2026-08-05 04:58:56,942 | INFO | Прошлая цена: 439.0
2026-08-05 04:58:56,967 | INFO | Найдена скидка
2026-08-05 04:58:56,968 | INFO | Товар: футболка скимс, набор из 4 футболок
2026-08-05 04:58:56,968 | INFO | Бренд: BIBIFidSHOP
2026-08-05 04:58:56,969 | INFO | Цена: 1491.0 руб. (было 9700.0 руб.)
2026-08-05 04:58:56,970 | INFO | Скидка: 85%
2026-08-05 04:58:56,970 | INFO | Рейтинг: 4.8Отзывы: 1842
2026-08-05 04:58:56,971 | INFO | Прошлая цена: 1491.0
2026-08-05 04:58:56,993 | INFO | Найдена скидка
2026-08-05 04:58:56,994 | INFO | Товар: Футболка скимс
2026-08-05 04:58:56,995 | INFO | Бренд: LANLEE
2026-08-05 04:58:56,998 | INFO | Цена: 451.0 руб. (было 3700.0 руб.)
2026-08-05 04:58:56,999 | INFO | Скидка: 88%
2026-08-05 04:58:57,001 | INFO | Рейтинг: 4.8Отзывы: 6114
2026-08-05 04:58:57,002 | INFO | Прошлая цена: 451.0
2026-08-05 04:58:57,025 | INFO | Найдена скидка
2026-08-05 04:58:57,026 | INFO | Товар: Футболка скимс базовая облегающая
2026-08-05 04:58:57,026 | INFO | Бренд: AnnyStore
2026-08-05 04:58:57,027 | INFO | Цена: 548.0 руб. (было 3700.0 руб.)
2026-08-05 04:58:57,028 | INFO | Скидка: 85%
2026-08-05 04:58:57,028 | INFO | Рейтинг: 4.8Отзывы: 3087
2026-08-05 04:58:57,030 | INFO | Прошлая цена: 548.0
2026-08-05 04:58:57,054 | INFO | Найдена скидка
2026-08-05 04:58:57,055 | INFO | Товар: Футболка в стиле skims облегающая
2026-08-05 04:58:57,056 | INFO | Бренд: LEGGA
2026-08-05 04:58:57,057 | INFO | Цена: 601.0 руб. (было 2030.0 руб.)
2026-08-05 04:58:57,057 | INFO | Скидка: 70%
2026-08-05 04:58:57,058 | INFO | Рейтинг: 4.9Отзывы: 105
2026-08-05 04:58:57,058 | INFO | Прошлая цена: 601.0
2026-08-05 04:58:57,083 | INFO | Найдена скидка
2026-08-05 04:58:57,083 | INFO | Товар: Футболка скимс обтягивающая в рубчик
2026-08-05 04:58:57,084 | INFO | Бренд: Stefania
2026-08-05 04:58:57,084 | INFO | Цена: 608.0 руб. (было 2790.0 руб.)
2026-08-05 04:58:57,085 | INFO | Скидка: 78%
2026-08-05 04:58:57,086 | INFO | Рейтинг: 4.8Отзывы: 89
2026-08-05 04:58:57,086 | INFO | Прошлая цена: 608.0
2026-08-05 04:58:57,108 | INFO | Найдена скидка
2026-08-05 04:58:57,109 | INFO | Товар: Футболка топ скимс базовая облегающая
2026-08-05 04:58:57,110 | INFO | Бренд: sore subject
2026-08-05 04:58:57,111 | INFO | Цена: 437.0 руб. (было 980.0 руб.)
2026-08-05 04:58:57,111 | INFO | Скидка: 55%
2026-08-05 04:58:57,112 | INFO | Рейтинг: 4.6Отзывы: 3767
2026-08-05 04:58:57,115 | INFO | Прошлая цена: 437.0
2026-08-05 04:58:57,141 | INFO | Найдена скидка
2026-08-05 04:58:57,142 | INFO | Товар: Футболка в стиле скимс облегающая
2026-08-05 04:58:57,143 | INFO | Бренд: JUSTFIRE
2026-08-05 04:58:57,143 | INFO | Цена: 777.0 руб. (было 1564.0 руб.)
2026-08-05 04:58:57,144 | INFO | Скидка: 50%
2026-08-05 04:58:57,145 | INFO | Рейтинг: 4.9Отзывы: 129095
2026-08-05 04:58:57,146 | INFO | Прошлая цена: 777.0
2026-08-05 04:58:57,171 | INFO | Найдена скидка
2026-08-05 04:58:57,172 | INFO | Товар: Футболка облегающая базовая как скимс
2026-08-05 04:58:57,172 | INFO | Бренд: Edshop
2026-08-05 04:58:57,173 | INFO | Цена: 654.0 руб. (было 1500.0 руб.)
2026-08-05 04:58:57,173 | INFO | Скидка: 56%
2026-08-05 04:58:57,174 | INFO | Рейтинг: 4.7Отзывы: 219
2026-08-05 04:58:57,174 | INFO | Прошлая цена: 654.0
2026-08-05 04:58:57,198 | INFO | Найдена скидка
2026-08-05 04:58:57,199 | INFO | Товар: Футболка в стиле скимс базовая облегающая
2026-08-05 04:58:57,200 | INFO | Бренд: SABCOLLECTION
2026-08-05 04:58:57,201 | INFO | Цена: 439.0 руб. (было 1500.0 руб.)
2026-08-05 04:58:57,201 | INFO | Скидка: 71%
2026-08-05 04:58:57,202 | INFO | Рейтинг: 4.9Отзывы: 162
2026-08-05 04:58:57,203 | INFO | Прошлая цена: 439.0
2026-08-05 04:58:57,225 | INFO | Найдена скидка
2026-08-05 04:58:57,226 | INFO | Товар: Базовая плотная приталенная футболка
2026-08-05 04:58:57,227 | INFO | Бренд: ТВОЕ
2026-08-05 04:58:57,228 | INFO | Цена: 433.0 руб. (было 1799.0 руб.)
2026-08-05 04:58:57,229 | INFO | Скидка: 76%
2026-08-05 04:58:57,231 | INFO | Рейтинг: 4.8Отзывы: 13769
2026-08-05 04:58:57,234 | INFO | Прошлая цена: 433.0
2026-08-05 04:58:57,260 | INFO | Найдена скидка
2026-08-05 04:58:57,261 | INFO | Товар: Футболка в стиле скимс базовая облегающая
2026-08-05 04:58:57,261 | INFO | Бренд: JUSTFIRE
2026-08-05 04:58:57,262 | INFO | Цена: 967.0 руб. (было 2017.0 руб.)
2026-08-05 04:58:57,263 | INFO | Скидка: 52%
2026-08-05 04:58:57,265 | INFO | Рейтинг: 4.9Отзывы: 129095
2026-08-05 04:58:57,267 | INFO | Прошлая цена: 967.0
2026-08-05 04:58:57,299 | INFO | Найдена скидка
2026-08-05 04:58:57,302 | INFO | Товар: Футболка топ скимс базовая облегающая
2026-08-05 04:58:57,304 | INFO | Бренд: sore subject
2026-08-05 04:58:57,305 | INFO | Цена: 523.0 руб. (было 1200.0 руб.)
2026-08-05 04:58:57,307 | INFO | Скидка: 56%
2026-08-05 04:58:57,308 | INFO | Рейтинг: 4.6Отзывы: 3767
2026-08-05 04:58:57,309 | INFO | Прошлая цена: 523.0
2026-08-05 04:58:57,339 | INFO | Найдена скидка
2026-08-05 04:58:57,340 | INFO | Товар: Футболка облегающая базовая как скимс
2026-08-05 04:58:57,341 | INFO | Бренд: Alvinka
2026-08-05 04:58:57,342 | INFO | Цена: 654.0 руб. (было 1500.0 руб.)
2026-08-05 04:58:57,343 | INFO | Скидка: 56%
2026-08-05 04:58:57,344 | INFO | Рейтинг: 4.8Отзывы: 96
2026-08-05 04:58:57,345 | INFO | Прошлая цена: 654.0
2026-08-05 04:58:57,375 | INFO | Найдена скидка
2026-08-05 04:58:57,376 | INFO | Товар: Футболка skims
2026-08-05 04:58:57,377 | INFO | Бренд: maiden rose
2026-08-05 04:58:57,378 | INFO | Цена: 191.0 руб. (было 3000.0 руб.)
2026-08-05 04:58:57,378 | INFO | Скидка: 94%
2026-08-05 04:58:57,379 | INFO | Рейтинг: 4.8Отзывы: 5352
2026-08-05 04:58:57,384 | INFO | Прошлая цена: 191.0
2026-08-05 04:58:57,419 | INFO | Найдена скидка
2026-08-05 04:58:57,425 | INFO | Товар: Футболка однотонная скимс набор
2026-08-05 04:58:57,426 | INFO | Бренд: USKOVA
2026-08-05 04:58:57,432 | INFO | Цена: 1763.0 руб. (было 3050.0 руб.)
2026-08-05 04:58:57,436 | INFO | Скидка: 42%
2026-08-05 04:58:57,438 | INFO | Рейтинг: 4.9Отзывы: 3589
2026-08-05 04:58:57,439 | INFO | Прошлая цена: 1763.0
2026-08-05 04:58:57,471 | INFO | Найдена скидка
2026-08-05 04:58:57,471 | INFO | Товар: футболка скимс
2026-08-05 04:58:57,474 | INFO | Бренд: BIBIFidSHOP
2026-08-05 04:58:57,475 | INFO | Цена: 1219.0 руб. (было 7000.0 руб.)
2026-08-05 04:58:57,478 | INFO | Скидка: 83%
2026-08-05 04:58:57,479 | INFO | Рейтинг: 4.7Отзывы: 1075
2026-08-05 04:58:57,483 | INFO | Прошлая цена: 1219.0
2026-08-05 04:58:57,510 | INFO | Найдена скидка
2026-08-05 04:58:57,511 | INFO | Товар: Футболка в стиле скимс базовая облегающая
2026-08-05 04:58:57,512 | INFO | Бренд: SABCOLLECTION
2026-08-05 04:58:57,516 | INFO | Цена: 439.0 руб. (было 1500.0 руб.)
2026-08-05 04:58:57,518 | INFO | Скидка: 71%
2026-08-05 04:58:57,519 | INFO | Рейтинг: 4.9Отзывы: 162
2026-08-05 04:58:57,520 | INFO | Прошлая цена: 439.0
2026-08-05 04:58:57,546 | INFO | Найдена скидка
2026-08-05 04:58:57,552 | INFO | Товар: Футболка скимс базовая облегающая
2026-08-05 04:58:57,553 | INFO | Бренд: Queens Love
2026-08-05 04:58:57,556 | INFO | Цена: 499.0 руб. (было 2490.0 руб.)
2026-08-05 04:58:57,558 | INFO | Скидка: 80%
2026-08-05 04:58:57,560 | INFO | Рейтинг: 4.9Отзывы: 2081
2026-08-05 04:58:57,561 | INFO | Прошлая цена: 499.0
2026-08-05 04:58:57,600 | INFO | Найдена скидка
2026-08-05 04:58:57,601 | INFO | Товар: Футболка скимс базовая облегающая летняя
2026-08-05 04:58:57,603 | INFO | Бренд: SHATILOVA M.V.
2026-08-05 04:58:57,604 | INFO | Цена: 593.0 руб. (было 2550.0 руб.)
2026-08-05 04:58:57,605 | INFO | Скидка: 77%
2026-08-05 04:58:57,606 | INFO | Рейтинг: 4.9Отзывы: 186
2026-08-05 04:58:57,607 | INFO | Прошлая цена: 593.0
2026-08-05 04:58:57,634 | INFO | Найдена скидка
2026-08-05 04:58:57,635 | INFO | Товар: Футболка скимс облегающая базовая
2026-08-05 04:58:57,637 | INFO | Бренд: LINGEAMO
2026-08-05 04:58:57,639 | INFO | Цена: 550.0 руб. (было 6309.0 руб.)
2026-08-05 04:58:57,641 | INFO | Скидка: 91%
2026-08-05 04:58:57,642 | INFO | Рейтинг: 4.9Отзывы: 80
2026-08-05 04:58:57,643 | INFO | Прошлая цена: 550.0
2026-08-05 04:58:57,670 | INFO | Найдена скидка
2026-08-05 04:58:57,671 | INFO | Товар: Футболка скимс базовая облегающая летняя
2026-08-05 04:58:57,671 | INFO | Бренд: SHATILOVA M.V.
2026-08-05 04:58:57,672 | INFO | Цена: 593.0 руб. (было 2550.0 руб.)
2026-08-05 04:58:57,673 | INFO | Скидка: 77%
2026-08-05 04:58:57,674 | INFO | Рейтинг: 4.9Отзывы: 186
2026-08-05 04:58:57,674 | INFO | Прошлая цена: 593.0
2026-08-05 04:58:57,699 | INFO | Найдена скидка
2026-08-05 04:58:57,701 | INFO | Товар: Скимс футболка облегающая
2026-08-05 04:58:57,702 | INFO | Бренд: 
2026-08-05 04:58:57,703 | INFO | Цена: 385.0 руб. (было 3325.0 руб.)
2026-08-05 04:58:57,705 | INFO | Скидка: 88%
2026-08-05 04:58:57,706 | INFO | Рейтинг: 4.9Отзывы: 20
2026-08-05 04:58:57,707 | INFO | Прошлая цена: 385.0
2026-08-05 04:58:57,735 | INFO | Найдена скидка
2026-08-05 04:58:57,736 | INFO | Товар: Футболка облегающая базовая как скимс
2026-08-05 04:58:57,736 | INFO | Бренд: Alvinka
2026-08-05 04:58:57,737 | INFO | Цена: 654.0 руб. (было 1500.0 руб.)
2026-08-05 04:58:57,738 | INFO | Скидка: 56%
2026-08-05 04:58:57,739 | INFO | Рейтинг: 4.7Отзывы: 334
2026-08-05 04:58:57,739 | INFO | Прошлая цена: 654.0
2026-08-05 04:58:57,768 | INFO | Найдена скидка
2026-08-05 04:58:57,769 | INFO | Товар: Футболка однотонная скимс
2026-08-05 04:58:57,769 | INFO | Бренд: USKOVA
2026-08-05 04:58:57,770 | INFO | Цена: 654.0 руб. (было 3000.0 руб.)
2026-08-05 04:58:57,771 | INFO | Скидка: 78%
2026-08-05 04:58:57,772 | INFO | Рейтинг: 4.9Отзывы: 3589
2026-08-05 04:58:57,773 | INFO | Прошлая цена: 654.0
2026-08-05 04:58:57,797 | INFO | Найдена скидка
2026-08-05 04:58:57,799 | INFO | Товар: Футболка облегающая базовая как скимс
2026-08-05 04:58:57,800 | INFO | Бренд: Alvinka
2026-08-05 04:58:57,801 | INFO | Цена: 654.0 руб. (было 1500.0 руб.)
2026-08-05 04:58:57,802 | INFO | Скидка: 56%
2026-08-05 04:58:57,802 | INFO | Рейтинг: 4.8Отзывы: 3456
2026-08-05 04:58:57,803 | INFO | Прошлая цена: 654.0
2026-08-05 04:58:57,828 | INFO | Найдена скидка
2026-08-05 04:58:57,830 | INFO | Товар: Футболка скимс базовая облегающая
2026-08-05 04:58:57,831 | INFO | Бренд: RUMIA
2026-08-05 04:58:57,832 | INFO | Цена: 493.0 руб. (было 1040.0 руб.)
2026-08-05 04:58:57,834 | INFO | Скидка: 53%
2026-08-05 04:58:57,836 | INFO | Рейтинг: 4.9Отзывы: 5934
2026-08-05 04:58:57,837 | INFO | Прошлая цена: 493.0
2026-08-05 04:58:57,870 | INFO | Найдена скидка
2026-08-05 04:58:57,872 | INFO | Товар: Базовая обтягивающая футболка скимс
2026-08-05 04:58:57,873 | INFO | Бренд: Tishka
2026-08-05 04:58:57,874 | INFO | Цена: 509.0 руб. (было 1182.0 руб.)
2026-08-05 04:58:57,875 | INFO | Скидка: 57%
2026-08-05 04:58:57,876 | INFO | Рейтинг: 4.8Отзывы: 18553
2026-08-05 04:58:57,878 | INFO | Прошлая цена: 509.0
2026-08-05 04:58:57,917 | INFO | Найдена скидка
2026-08-05 04:58:57,920 | INFO | Товар: Футболка скимс базовая облегающая
2026-08-05 04:58:57,922 | INFO | Бренд: SHATILOVA M.V.
2026-08-05 04:58:57,927 | INFO | Цена: 736.0 руб. (было 3050.0 руб.)
2026-08-05 04:58:57,929 | INFO | Скидка: 76%
2026-08-05 04:58:57,930 | INFO | Рейтинг: 4.8Отзывы: 2631
2026-08-05 04:58:57,933 | INFO | Прошлая цена: 736.0
2026-08-05 04:58:57,967 | INFO | Найдена скидка
2026-08-05 04:58:57,969 | INFO | Товар: Базовая плотная приталенная футболка
2026-08-05 04:58:57,976 | INFO | Бренд: ТВОЕ
2026-08-05 04:58:57,979 | INFO | Цена: 353.0 руб. (было 1799.0 руб.)
2026-08-05 04:58:57,980 | INFO | Скидка: 80%
2026-08-05 04:58:57,986 | INFO | Рейтинг: 4.8Отзывы: 13769
2026-08-05 04:58:57,987 | INFO | Прошлая цена: 353.0
2026-08-05 04:58:58,018 | INFO | Найдена скидка
2026-08-05 04:58:58,019 | INFO | Товар: Футболка облегающая с широкими рукавами летучая мышь
2026-08-05 04:58:58,019 | INFO | Бренд: Ness
2026-08-05 04:58:58,020 | INFO | Цена: 654.0 руб. (было 3000.0 руб.)
2026-08-05 04:58:58,021 | INFO | Скидка: 78%
2026-08-05 04:58:58,022 | INFO | Рейтинг: 4.9Отзывы: 252
2026-08-05 04:58:58,023 | INFO | Прошлая цена: 654.0
2026-08-05 04:58:58,054 | INFO | Найдена скидка
2026-08-05 04:58:58,055 | INFO | Товар: Футболка skims базовая обтягивающая
2026-08-05 04:58:58,056 | INFO | Бренд: LEMONCHEㅤ
2026-08-05 04:58:58,057 | INFO | Цена: 612.0 руб. (было 3900.0 руб.)
2026-08-05 04:58:58,058 | INFO | Скидка: 84%
2026-08-05 04:58:58,059 | INFO | Рейтинг: 4.9Отзывы: 82
2026-08-05 04:58:58,060 | INFO | Прошлая цена: 612.0
2026-08-05 04:58:58,091 | INFO | Найдена скидка
2026-08-05 04:58:58,092 | INFO | Товар: Скинни футболка
2026-08-05 04:58:58,093 | INFO | Бренд: Yartoch
2026-08-05 04:58:58,094 | INFO | Цена: 1043.0 руб. (было 2850.0 руб.)
2026-08-05 04:58:58,094 | INFO | Скидка: 63%
2026-08-05 04:58:58,096 | INFO | Рейтинг: 5Отзывы: 33
2026-08-05 04:58:58,100 | INFO | Прошлая цена: 1043.0
2026-08-05 04:58:58,132 | INFO | Найдена скидка
2026-08-05 04:58:58,133 | INFO | Товар: Облегающая футболка скимс с принтом гранж
2026-08-05 04:58:58,134 | INFO | Бренд: Tishka
2026-08-05 04:58:58,135 | INFO | Цена: 579.0 руб. (было 1344.0 руб.)
2026-08-05 04:58:58,135 | INFO | Скидка: 57%
2026-08-05 04:58:58,136 | INFO | Рейтинг: 4.8Отзывы: 6089
2026-08-05 04:58:58,137 | INFO | Прошлая цена: 579.0
2026-08-05 04:58:58,174 | INFO | Найдена скидка
2026-08-05 04:58:58,175 | INFO | Товар: Футболка летняя однотонная скимс
2026-08-05 04:58:58,176 | INFO | Бренд: USKOVA
2026-08-05 04:58:58,178 | INFO | Цена: 507.0 руб. (было 3880.0 руб.)
2026-08-05 04:58:58,179 | INFO | Скидка: 87%
2026-08-05 04:58:58,182 | INFO | Рейтинг: 4.7Отзывы: 1908
2026-08-05 04:58:58,184 | INFO | Прошлая цена: 507.0
2026-08-05 04:58:58,210 | INFO | Найдена скидка
2026-08-05 04:58:58,211 | INFO | Товар: Базовая обтягивающая футболка скимс
2026-08-05 04:58:58,212 | INFO | Бренд: Tishka
2026-08-05 04:58:58,214 | INFO | Цена: 528.0 руб. (было 1226.0 руб.)
2026-08-05 04:58:58,216 | INFO | Скидка: 57%
2026-08-05 04:58:58,217 | INFO | Рейтинг: 4.8Отзывы: 4618
2026-08-05 04:58:58,218 | INFO | Прошлая цена: 528.0
2026-08-05 04:58:58,257 | INFO | Найдена скидка
2026-08-05 04:58:58,262 | INFO | Товар: Футболка скимс базовая облегающая
2026-08-05 04:58:58,267 | INFO | Бренд: A.VELA
2026-08-05 04:58:58,270 | INFO | Цена: 576.0 руб. (было 1200.0 руб.)
2026-08-05 04:58:58,272 | INFO | Скидка: 52%
2026-08-05 04:58:58,275 | INFO | Рейтинг: 4.8Отзывы: 88
2026-08-05 04:58:58,276 | INFO | Прошлая цена: 576.0
2026-08-05 04:58:58,316 | INFO | Найдена скидка
2026-08-05 04:58:58,317 | INFO | Товар: Футболка облегающая базовая как скимс
2026-08-05 04:58:58,318 | INFO | Бренд: Edshop
2026-08-05 04:58:58,319 | INFO | Цена: 654.0 руб. (было 1500.0 руб.)
2026-08-05 04:58:58,320 | INFO | Скидка: 56%
2026-08-05 04:58:58,322 | INFO | Рейтинг: 4.6Отзывы: 887
2026-08-05 04:58:58,323 | INFO | Прошлая цена: 654.0
2026-08-05 04:58:58,352 | INFO | Найдена скидка
2026-08-05 04:58:58,353 | INFO | Товар: Футболка скимс облегающая
2026-08-05 04:58:58,354 | INFO | Бренд: T-SOD
2026-08-05 04:58:58,355 | INFO | Цена: 497.0 руб. (было 1500.0 руб.)
2026-08-05 04:58:58,356 | INFO | Скидка: 67%
2026-08-05 04:58:58,357 | INFO | Рейтинг: 4.9Отзывы: 3185
2026-08-05 04:58:58,361 | INFO | Прошлая цена: 497.0
2026-08-05 04:58:58,389 | INFO | Найдена скидка
2026-08-05 04:58:58,390 | INFO | Товар: Футболка скимс облегающая черная
2026-08-05 04:58:58,390 | INFO | Бренд: T-SOD
2026-08-05 04:58:58,391 | INFO | Цена: 497.0 руб. (было 1500.0 руб.)
2026-08-05 04:58:58,392 | INFO | Скидка: 67%
2026-08-05 04:58:58,393 | INFO | Рейтинг: 4.9Отзывы: 3185
2026-08-05 04:58:58,394 | INFO | Прошлая цена: 497.0
2026-08-05 04:58:58,420 | INFO | Найдена скидка
2026-08-05 04:58:58,421 | INFO | Товар: Футболка облегающая базовая как скимс
2026-08-05 04:58:58,422 | INFO | Бренд: Edshop
2026-08-05 04:58:58,423 | INFO | Цена: 654.0 руб. (было 1500.0 руб.)
2026-08-05 04:58:58,424 | INFO | Скидка: 56%
2026-08-05 04:58:58,425 | INFO | Рейтинг: 4.7Отзывы: 1667
2026-08-05 04:58:58,425 | INFO | Прошлая цена: 654.0
2026-08-05 04:58:58,455 | INFO | Найдена скидка
2026-08-05 04:58:58,456 | INFO | Товар: Футболка в стиле скимс облегающая
2026-08-05 04:58:58,456 | INFO | Бренд: JUSTFIRE
2026-08-05 04:58:58,457 | INFO | Цена: 777.0 руб. (было 1564.0 руб.)
2026-08-05 04:58:58,458 | INFO | Скидка: 50%
2026-08-05 04:58:58,459 | INFO | Рейтинг: 4.9Отзывы: 129095
2026-08-05 04:58:58,460 | INFO | Прошлая цена: 777.0
2026-08-05 04:58:58,487 | INFO | Найдена скидка
2026-08-05 04:58:58,488 | INFO | Товар: Футболка для девочки скимс обтягивающая
2026-08-05 04:58:58,489 | INFO | Бренд: HW_kids
2026-08-05 04:58:58,490 | INFO | Цена: 988.0 руб. (было 2099.0 руб.)
2026-08-05 04:58:58,491 | INFO | Скидка: 53%
2026-08-05 04:58:58,492 | INFO | Рейтинг: 5Отзывы: 1585
2026-08-05 04:58:58,492 | INFO | Прошлая цена: 988.0
2026-08-05 04:58:58,517 | INFO | Найдена скидка
2026-08-05 04:58:58,518 | INFO | Товар: Футболка облегающая базовая как скимс
2026-08-05 04:58:58,518 | INFO | Бренд: Alvinka
2026-08-05 04:58:58,519 | INFO | Цена: 654.0 руб. (было 1500.0 руб.)
2026-08-05 04:58:58,520 | INFO | Скидка: 56%
2026-08-05 04:58:58,520 | INFO | Рейтинг: 4.7Отзывы: 325
2026-08-05 04:58:58,521 | INFO | Прошлая цена: 654.0
2026-08-05 04:58:58,545 | INFO | Найдена скидка
2026-08-05 04:58:58,545 | INFO | Товар: Набор футболок скимс 6в1
2026-08-05 04:58:58,546 | INFO | Бренд: Eliz Brand
2026-08-05 04:58:58,550 | INFO | Цена: 3007.0 руб. (было 7940.0 руб.)
2026-08-05 04:58:58,550 | INFO | Скидка: 62%
2026-08-05 04:58:58,551 | INFO | Рейтинг: 4.7Отзывы: 736
2026-08-05 04:58:58,552 | INFO | Прошлая цена: 3007.0
2026-08-05 04:58:58,574 | INFO | Найдена скидка
2026-08-05 04:58:58,575 | INFO | Товар: Футболка скимс облегающая в рубчик
2026-08-05 04:58:58,576 | INFO | Бренд: MARFAWOMEN
2026-08-05 04:58:58,576 | INFO | Цена: 488.0 руб. (было 4050.0 руб.)
2026-08-05 04:58:58,577 | INFO | Скидка: 88%
2026-08-05 04:58:58,578 | INFO | Рейтинг: 4.9Отзывы: 3654
2026-08-05 04:58:58,578 | INFO | Прошлая цена: 488.0
2026-08-05 04:58:58,605 | INFO | Найдена скидка
2026-08-05 04:58:58,606 | INFO | Товар: Футболка в стиле скимс базовая облегающая
2026-08-05 04:58:58,607 | INFO | Бренд: LILIJAMO
2026-08-05 04:58:58,607 | INFO | Цена: 610.0 руб. (было 3500.0 руб.)
2026-08-05 04:58:58,608 | INFO | Скидка: 83%
2026-08-05 04:58:58,608 | INFO | Рейтинг: 4.9Отзывы: 104
2026-08-05 04:58:58,609 | INFO | Прошлая цена: 610.0
2026-08-05 04:58:58,635 | INFO | Найдена скидка
2026-08-05 04:58:58,636 | INFO | Товар: Футболка skims базовая облегающая
2026-08-05 04:58:58,636 | INFO | Бренд: HYPEWEAR
2026-08-05 04:58:58,637 | INFO | Цена: 585.0 руб. (было 2099.0 руб.)
2026-08-05 04:58:58,637 | INFO | Скидка: 72%
2026-08-05 04:58:58,638 | INFO | Рейтинг: 4.9Отзывы: 6214
2026-08-05 04:58:58,639 | INFO | Прошлая цена: 585.0
2026-08-05 04:58:58,668 | INFO | Найдена скидка
2026-08-05 04:58:58,669 | INFO | Товар: футболка skims
2026-08-05 04:58:58,671 | INFO | Бренд: 
2026-08-05 04:58:58,672 | INFO | Цена: 374.0 руб. (было 2000.0 руб.)
2026-08-05 04:58:58,674 | INFO | Скидка: 81%
2026-08-05 04:58:58,679 | INFO | Рейтинг: 4.8Отзывы: 42
2026-08-05 04:58:58,685 | INFO | Прошлая цена: 374.0
2026-08-05 04:58:58,733 | INFO | Найдена скидка
2026-08-05 04:58:58,742 | INFO | Товар: Футболка скимс
2026-08-05 04:58:58,752 | INFO | Бренд: Zeyd
2026-08-05 04:58:58,753 | INFO | Цена: 1504.0 руб. (было 6850.0 руб.)
2026-08-05 04:58:58,773 | INFO | Скидка: 78%
2026-08-05 04:58:58,774 | INFO | Рейтинг: 4.7Отзывы: 3636
2026-08-05 04:58:58,777 | INFO | Прошлая цена: 1504.0
2026-08-05 04:58:58,810 | INFO | Найдена скидка
2026-08-05 04:58:58,816 | INFO | Товар: Футболка женская в стиле скимс набор 3 шт
2026-08-05 04:58:58,817 | INFO | Бренд: RUMIA
2026-08-05 04:58:58,819 | INFO | Цена: 1187.0 руб. (было 3100.0 руб.)
2026-08-05 04:58:58,820 | INFO | Скидка: 62%
2026-08-05 04:58:58,822 | INFO | Рейтинг: 4.8Отзывы: 11794
2026-08-05 04:58:58,823 | INFO | Прошлая цена: 1187.0
2026-08-05 04:58:58,855 | INFO | Найдена скидка
2026-08-05 04:58:58,855 | INFO | Товар: Базовая обтягивающая футболка скимс
2026-08-05 04:58:58,857 | INFO | Бренд: Tishka
2026-08-05 04:58:58,859 | INFO | Цена: 700.0 руб. (было 1626.0 руб.)
2026-08-05 04:58:58,861 | INFO | Скидка: 57%
2026-08-05 04:58:58,862 | INFO | Рейтинг: 4.8Отзывы: 4618
2026-08-05 04:58:58,863 | INFO | Прошлая цена: 700.0
2026-08-05 04:58:58,908 | INFO | Найдена скидка
2026-08-05 04:58:58,911 | INFO | Товар: Футболка скимс базовая облегающая
2026-08-05 04:58:58,912 | INFO | Бренд: 
2026-08-05 04:58:58,913 | INFO | Цена: 419.0 руб. (было 2999.0 руб.)
2026-08-05 04:58:58,916 | INFO | Скидка: 86%
2026-08-05 04:58:58,942 | INFO | Рейтинг: 4.7Отзывы: 86
2026-08-05 04:58:58,954 | INFO | Прошлая цена: 419.0
2026-08-05 04:58:59,004 | INFO | Найдена скидка
2026-08-05 04:58:59,007 | INFO | Товар: Футболка скимс
2026-08-05 04:58:59,010 | INFO | Бренд: BIBIFidSHOP
2026-08-05 04:58:59,011 | INFO | Цена: 1366.0 руб. (было 6900.0 руб.)
2026-08-05 04:58:59,012 | INFO | Скидка: 80%
2026-08-05 04:58:59,018 | INFO | Рейтинг: 4.7Отзывы: 18921
2026-08-05 04:58:59,020 | INFO | Прошлая цена: 1366.0
2026-08-05 04:59:02,024 | INFO | Проверяем запрос: широкие джинсы на высокой посадке
2026-08-05 04:59:02,024 | INFO | Открываем поиск: широкие джинсы на высокой посадке
2026-08-05 04:59:02,025 | INFO | Ждём ответ API...
2026-08-05 04:59:02,657 | INFO | 🔥 API пойман!Статус: 200URL: https://www.wildberries.ru/__internal/u-search/exactmatch/ru/common/v18/search?ab_testing=false&appType=1&curr=rub&dest=1259570991&hide_dtype=15&hide_vflags=4294967296&inheritFilters=true&lang=ru&locale=ru&query=%D1%88%D0%B8%D1%80%D0%BE%D0%BA%D0%B8%D0%B5+%D0%B4%D0%B6%D0%B8%D0%BD%D1%81%D1%8B+%D0%BD%D0%B0+%D0%B2%D1%8B%D1%81%D0%BE%D0%BA%D0%BE%D0%B9+%D0%BF%D0%BE%D1%81%D0%B0%D0%B4%D0%BA%D0%B5&resultset=catalog&sort=popular&spp=30&suppressSpellcheck=false
2026-08-05 04:59:02,972 | INFO | JSON получен: 100 товаров
2026-08-05 04:59:02,973 | INFO | ✅ Получено товаров: 100
2026-08-05 04:59:02,974 | INFO | Найдено товаров: 100
2026-08-05 04:59:03,009 | INFO | Найдена скидка
2026-08-05 04:59:03,010 | INFO | Товар: Прямые джинсы мом с высокой посадкой
2026-08-05 04:59:03,011 | INFO | Бренд: YChoice
2026-08-05 04:59:03,012 | INFO | Цена: 2813.0 руб. (было 25627.0 руб.)
2026-08-05 04:59:03,015 | INFO | Скидка: 89%
2026-08-05 04:59:03,017 | INFO | Рейтинг: 4.6Отзывы: 1875
2026-08-05 04:59:03,018 | INFO | Прошлая цена: 2813.0
2026-08-05 04:59:03,041 | INFO | Найдена скидка
2026-08-05 04:59:03,042 | INFO | Товар: Джинсы летние прямые с высокой посадкой
2026-08-05 04:59:03,043 | INFO | Бренд: JC Brand
2026-08-05 04:59:03,043 | INFO | Цена: 3297.0 руб. (было 5825.0 руб.)
2026-08-05 04:59:03,044 | INFO | Скидка: 43%
2026-08-05 04:59:03,044 | INFO | Рейтинг: 4.8Отзывы: 2309
2026-08-05 04:59:03,045 | INFO | Прошлая цена: 3297.0
2026-08-05 04:59:03,067 | INFO | Найдена скидка
2026-08-05 04:59:03,068 | INFO | Товар: Джинсы женские летние широкие
2026-08-05 04:59:03,068 | INFO | Бренд: SABCOLLECTION
2026-08-05 04:59:03,069 | INFO | Цена: 1718.0 руб. (было 6999.0 руб.)
2026-08-05 04:59:03,070 | INFO | Скидка: 75%
2026-08-05 04:59:03,070 | INFO | Рейтинг: 4.8Отзывы: 253
2026-08-05 04:59:03,071 | INFO | Прошлая цена: 1718.0
2026-08-05 04:59:03,091 | INFO | Найдена скидка
2026-08-05 04:59:03,092 | INFO | Товар: Джинсы трубы подростковые широкие
2026-08-05 04:59:03,093 | INFO | Бренд: VSE PROSTO
2026-08-05 04:59:03,093 | INFO | Цена: 3670.0 руб. (было 6600.0 руб.)
2026-08-05 04:59:03,094 | INFO | Скидка: 44%
2026-08-05 04:59:03,094 | INFO | Рейтинг: 4.9Отзывы: 6999
2026-08-05 04:59:03,094 | INFO | Прошлая цена: 3670.0
2026-08-05 04:59:03,120 | INFO | Найдена скидка
2026-08-05 04:59:03,121 | INFO | Товар: Джинсы широкие багги
2026-08-05 04:59:03,121 | INFO | Бренд: NOVOCH
2026-08-05 04:59:03,122 | INFO | Цена: 2382.0 руб. (было 6000.0 руб.)
2026-08-05 04:59:03,122 | INFO | Скидка: 60%
2026-08-05 04:59:03,123 | INFO | Рейтинг: 4.8Отзывы: 4449
2026-08-05 04:59:03,123 | INFO | Прошлая цена: 2382.0
2026-08-05 04:59:03,143 | INFO | Найдена скидка
2026-08-05 04:59:03,143 | INFO | Товар: Джинсы широкие клеш трубы
2026-08-05 04:59:03,144 | INFO | Бренд: BUDELAAO
2026-08-05 04:59:03,145 | INFO | Цена: 2023.0 руб. (было 7900.0 руб.)
2026-08-05 04:59:03,145 | INFO | Скидка: 74%
2026-08-05 04:59:03,146 | INFO | Рейтинг: 4.8Отзывы: 113
2026-08-05 04:59:03,148 | INFO | Прошлая цена: 2023.0
2026-08-05 04:59:03,170 | INFO | Найдена скидка
2026-08-05 04:59:03,170 | INFO | Товар: Джинсы бананы широкие зауженные к низу серые
2026-08-05 04:59:03,171 | INFO | Бренд: HITFORMA
2026-08-05 04:59:03,171 | INFO | Цена: 3619.0 руб. (было 6120.0 руб.)
2026-08-05 04:59:03,172 | INFO | Скидка: 41%
2026-08-05 04:59:03,173 | INFO | Рейтинг: 4.9Отзывы: 4739
2026-08-05 04:59:03,174 | INFO | Прошлая цена: 3619.0
2026-08-05 04:59:03,196 | INFO | Найдена скидка
2026-08-05 04:59:03,197 | INFO | Товар: Джинсы широкие рваные y2k
2026-08-05 04:59:03,198 | INFO | Бренд: Feimailis
2026-08-05 04:59:03,200 | INFO | Цена: 2898.0 руб. (было 9900.0 руб.)
2026-08-05 04:59:03,200 | INFO | Скидка: 71%
2026-08-05 04:59:03,201 | INFO | Рейтинг: 4.8Отзывы: 1047
2026-08-05 04:59:03,202 | INFO | Прошлая цена: 2898.0
2026-08-05 04:59:03,223 | INFO | Найдена скидка
2026-08-05 04:59:03,223 | INFO | Товар: Джинсы бананы широкие
2026-08-05 04:59:03,224 | INFO | Бренд: JINSVIBE
2026-08-05 04:59:03,224 | INFO | Цена: 3732.0 руб. (было 7120.0 руб.)
2026-08-05 04:59:03,225 | INFO | Скидка: 48%
2026-08-05 04:59:03,225 | INFO | Рейтинг: 4.8Отзывы: 3431
2026-08-05 04:59:03,226 | INFO | Прошлая цена: 3732.0
2026-08-05 04:59:03,247 | INFO | Найдена скидка
2026-08-05 04:59:03,249 | INFO | Товар: Трубы прямые широкие джинсы
2026-08-05 04:59:03,254 | INFO | Бренд: Denim AE-GX
2026-08-05 04:59:03,255 | INFO | Цена: 3638.0 руб. (было 7000.0 руб.)
2026-08-05 04:59:03,256 | INFO | Скидка: 48%
2026-08-05 04:59:03,256 | INFO | Рейтинг: 5Отзывы: 35
2026-08-05 04:59:03,257 | INFO | Прошлая цена: 3638.0
2026-08-05 04:59:03,277 | INFO | Найдена скидка
2026-08-05 04:59:03,278 | INFO | Товар: Джинсы прямые с высокой посадкой
2026-08-05 04:59:03,279 | INFO | Бренд: JC Brand
2026-08-05 04:59:03,280 | INFO | Цена: 4043.0 руб. (было 10001.0 руб.)
2026-08-05 04:59:03,282 | INFO | Скидка: 60%
2026-08-05 04:59:03,283 | INFO | Рейтинг: 4.8Отзывы: 2309
2026-08-05 04:59:03,284 | INFO | Прошлая цена: 4043.0
2026-08-05 04:59:03,305 | INFO | Найдена скидка
2026-08-05 04:59:03,306 | INFO | Товар: Широкие джинсы багги со стразами
2026-08-05 04:59:03,306 | INFO | Бренд: StreetDNK
2026-08-05 04:59:03,307 | INFO | Цена: 3483.0 руб. (было 7000.0 руб.)
2026-08-05 04:59:03,307 | INFO | Скидка: 50%
2026-08-05 04:59:03,308 | INFO | Рейтинг: 4.8Отзывы: 2433
2026-08-05 04:59:03,308 | INFO | Прошлая цена: 3483.0
2026-08-05 04:59:03,332 | INFO | Найдена скидка
2026-08-05 04:59:03,333 | INFO | Товар: Джинсы багги трубы бананы широкие оверсайз в стиле Y2K
2026-08-05 04:59:03,334 | INFO | Бренд: RANAN
2026-08-05 04:59:03,334 | INFO | Цена: 3586.0 руб. (было 8106.0 руб.)
2026-08-05 04:59:03,335 | INFO | Скидка: 56%
2026-08-05 04:59:03,335 | INFO | Рейтинг: 4.9Отзывы: 206
2026-08-05 04:59:03,336 | INFO | Прошлая цена: 3586.0
2026-08-05 04:59:03,356 | INFO | Найдена скидка
2026-08-05 04:59:03,357 | INFO | Товар: Джинсы прямые со средней посадкой
2026-08-05 04:59:03,358 | INFO | Бренд: Closie
2026-08-05 04:59:03,358 | INFO | Цена: 3805.0 руб. (было 6118.0 руб.)
2026-08-05 04:59:03,359 | INFO | Скидка: 38%
2026-08-05 04:59:03,359 | INFO | Рейтинг: 4.8Отзывы: 2210
2026-08-05 04:59:03,360 | INFO | Прошлая цена: 3805.0
2026-08-05 04:59:03,383 | INFO | Найдена скидка
2026-08-05 04:59:03,384 | INFO | Товар: Джинсы широкие прямые с высокой посадкой
2026-08-05 04:59:03,385 | INFO | Бренд: Feimailis
2026-08-05 04:59:03,386 | INFO | Цена: 2890.0 руб. (было 5200.0 руб.)
2026-08-05 04:59:03,386 | INFO | Скидка: 44%
2026-08-05 04:59:03,387 | INFO | Рейтинг: 4.8Отзывы: 131941
2026-08-05 04:59:03,388 | INFO | Прошлая цена: 2890.0
2026-08-05 04:59:03,427 | INFO | Найдена скидка
2026-08-05 04:59:03,428 | INFO | Товар: Джинсы широкие прямые трубы с высокой посадкой
2026-08-05 04:59:03,430 | INFO | Бренд: MARFAWOMEN
2026-08-05 04:59:03,431 | INFO | Цена: 2888.0 руб. (было 10000.0 руб.)
2026-08-05 04:59:03,442 | INFO | Скидка: 71%
2026-08-05 04:59:03,446 | INFO | Рейтинг: 4.9Отзывы: 2850
2026-08-05 04:59:03,450 | INFO | Прошлая цена: 2888.0
2026-08-05 04:59:03,478 | INFO | Найдена скидка
2026-08-05 04:59:03,481 | INFO | Товар: Джинсы широкие багги на резинке
2026-08-05 04:59:03,483 | INFO | Бренд: M'S
2026-08-05 04:59:03,484 | INFO | Цена: 3115.0 руб. (было 12160.0 руб.)
2026-08-05 04:59:03,485 | INFO | Скидка: 74%
2026-08-05 04:59:03,486 | INFO | Рейтинг: 4.9Отзывы: 1658
2026-08-05 04:59:03,486 | INFO | Прошлая цена: 3115.0
2026-08-05 04:59:03,513 | INFO | Найдена скидка
2026-08-05 04:59:03,516 | INFO | Товар: Широкие джинсы багги на молнии
2026-08-05 04:59:03,517 | INFO | Бренд: Fluffyfox
2026-08-05 04:59:03,518 | INFO | Цена: 3647.0 руб. (было 8350.0 руб.)
2026-08-05 04:59:03,519 | INFO | Скидка: 56%
2026-08-05 04:59:03,520 | INFO | Рейтинг: 4.9Отзывы: 1304
2026-08-05 04:59:03,521 | INFO | Прошлая цена: 3647.0
2026-08-05 04:59:03,547 | INFO | Найдена скидка
2026-08-05 04:59:03,548 | INFO | Товар: Джинсы прямые легкие на средней посадке классические
2026-08-05 04:59:03,550 | INFO | Бренд: Levitate
2026-08-05 04:59:03,551 | INFO | Цена: 3366.0 руб. (было 9325.0 руб.)
2026-08-05 04:59:03,551 | INFO | Скидка: 64%
2026-08-05 04:59:03,552 | INFO | Рейтинг: 4.7Отзывы: 45
2026-08-05 04:59:03,553 | INFO | Прошлая цена: 3366.0
2026-08-05 04:59:03,577 | INFO | Найдена скидка
2026-08-05 04:59:03,582 | INFO | Товар: Джинсы багги широкие коричневые
2026-08-05 04:59:03,584 | INFO | Бренд: NOVOCH
2026-08-05 04:59:03,585 | INFO | Цена: 1877.0 руб. (было 4000.0 руб.)
2026-08-05 04:59:03,586 | INFO | Скидка: 53%
2026-08-05 04:59:03,586 | INFO | Рейтинг: 4.7Отзывы: 25513
2026-08-05 04:59:03,587 | INFO | Прошлая цена: 1877.0
2026-08-05 04:59:03,610 | INFO | Найдена скидка
2026-08-05 04:59:03,610 | INFO | Товар: Джинсы широкие
2026-08-05 04:59:03,611 | INFO | Бренд: Feimailis
2026-08-05 04:59:03,613 | INFO | Цена: 2404.0 руб. (было 9000.0 руб.)
2026-08-05 04:59:03,615 | INFO | Скидка: 73%
2026-08-05 04:59:03,617 | INFO | Рейтинг: 4.8Отзывы: 45439
2026-08-05 04:59:03,618 | INFO | Прошлая цена: 2404.0
2026-08-05 04:59:03,642 | INFO | Найдена скидка
2026-08-05 04:59:03,643 | INFO | Товар: Джинсы широкие летние прямые на высокой посадке
2026-08-05 04:59:03,644 | INFO | Бренд: Levitate
2026-08-05 04:59:03,644 | INFO | Цена: 3526.0 руб. (было 9770.0 руб.)
2026-08-05 04:59:03,646 | INFO | Скидка: 64%
2026-08-05 04:59:03,647 | INFO | Рейтинг: 4.7Отзывы: 45
2026-08-05 04:59:03,649 | INFO | Прошлая цена: 3526.0
2026-08-05 04:59:03,672 | INFO | Найдена скидка
2026-08-05 04:59:03,673 | INFO | Товар: Джинсы с вышивкой прямые широкие
2026-08-05 04:59:03,673 | INFO | Бренд: LovenHeart
2026-08-05 04:59:03,674 | INFO | Цена: 4529.0 руб. (было 7780.0 руб.)
2026-08-05 04:59:03,675 | INFO | Скидка: 42%
2026-08-05 04:59:03,675 | INFO | Рейтинг: 4.8Отзывы: 414
2026-08-05 04:59:03,676 | INFO | Прошлая цена: 4529.0
2026-08-05 04:59:03,702 | INFO | Найдена скидка
2026-08-05 04:59:03,703 | INFO | Товар: Джинсы для беременных трубы с высокой посадкой
2026-08-05 04:59:03,703 | INFO | Бренд: Primo Meleto
2026-08-05 04:59:03,704 | INFO | Цена: 3792.0 руб. (было 12000.0 руб.)
2026-08-05 04:59:03,706 | INFO | Скидка: 68%
2026-08-05 04:59:03,707 | INFO | Рейтинг: 4.8Отзывы: 844
2026-08-05 04:59:03,708 | INFO | Прошлая цена: 3792.0
2026-08-05 04:59:03,744 | INFO | Найдена скидка
2026-08-05 04:59:03,744 | INFO | Товар: Джинсы широкие летние прямые на средней посадке
2026-08-05 04:59:03,750 | INFO | Бренд: Levitate
2026-08-05 04:59:03,752 | INFO | Цена: 3369.0 руб. (было 9335.0 руб.)
2026-08-05 04:59:03,753 | INFO | Скидка: 64%
2026-08-05 04:59:03,754 | INFO | Рейтинг: 4.7Отзывы: 45
2026-08-05 04:59:03,755 | INFO | Прошлая цена: 3369.0
2026-08-05 04:59:03,795 | INFO | Найдена скидка
2026-08-05 04:59:03,798 | INFO | Товар: Джинсы со стразами широкие багги y2k
2026-08-05 04:59:03,799 | INFO | Бренд: NOVOCH
2026-08-05 04:59:03,801 | INFO | Цена: 2345.0 руб. (было 5600.0 руб.)
2026-08-05 04:59:03,804 | INFO | Скидка: 58%
2026-08-05 04:59:03,804 | INFO | Рейтинг: 4.7Отзывы: 25513
2026-08-05 04:59:03,806 | INFO | Прошлая цена: 2345.0
2026-08-05 04:59:03,841 | INFO | Найдена скидка
2026-08-05 04:59:03,842 | INFO | Товар: Джинсы прямые со средней посадкой
2026-08-05 04:59:03,843 | INFO | Бренд: Closie
2026-08-05 04:59:03,845 | INFO | Цена: 3110.0 руб. (было 5001.0 руб.)
2026-08-05 04:59:03,846 | INFO | Скидка: 38%
2026-08-05 04:59:03,847 | INFO | Рейтинг: 4.8Отзывы: 2698
2026-08-05 04:59:03,849 | INFO | Прошлая цена: 3110.0
2026-08-05 04:59:03,884 | INFO | Найдена скидка
2026-08-05 04:59:03,885 | INFO | Товар: Джинсы со стразами широкие багги y2k
2026-08-05 04:59:03,886 | INFO | Бренд: NOVOCH
2026-08-05 04:59:03,887 | INFO | Цена: 2148.0 руб. (было 4800.0 руб.)
2026-08-05 04:59:03,888 | INFO | Скидка: 55%
2026-08-05 04:59:03,889 | INFO | Рейтинг: 4.7Отзывы: 25513
2026-08-05 04:59:03,889 | INFO | Прошлая цена: 2148.0
2026-08-05 04:59:03,931 | INFO | Найдена скидка
2026-08-05 04:59:03,932 | INFO | Товар: Джинсы багги японский деним синие широкие у2к
2026-08-05 04:59:03,934 | INFO | Бренд: XANTRAK
2026-08-05 04:59:03,935 | INFO | Цена: 3792.0 руб. (было 12000.0 руб.)
2026-08-05 04:59:03,937 | INFO | Скидка: 68%
2026-08-05 04:59:03,938 | INFO | Рейтинг: 4.8Отзывы: 59
2026-08-05 04:59:03,939 | INFO | Прошлая цена: 3792.0
2026-08-05 04:59:03,966 | INFO | Найдена скидка
2026-08-05 04:59:03,967 | INFO | Товар: Джинсы прямые со средней посадкой
2026-08-05 04:59:03,968 | INFO | Бренд: Closie
2026-08-05 04:59:03,969 | INFO | Цена: 3110.0 руб. (было 5001.0 руб.)
2026-08-05 04:59:03,970 | INFO | Скидка: 38%
2026-08-05 04:59:03,971 | INFO | Рейтинг: 4.8Отзывы: 2698
2026-08-05 04:59:03,972 | INFO | Прошлая цена: 3110.0
2026-08-05 04:59:03,996 | INFO | Найдена скидка
2026-08-05 04:59:03,997 | INFO | Товар: Джинсы широкие летние прямые на средней посадке
2026-08-05 04:59:03,998 | INFO | Бренд: Levitate
2026-08-05 04:59:03,999 | INFO | Цена: 3351.0 руб. (было 9284.0 руб.)
2026-08-05 04:59:04,000 | INFO | Скидка: 64%
2026-08-05 04:59:04,001 | INFO | Рейтинг: 4.7Отзывы: 45
2026-08-05 04:59:04,002 | INFO | Прошлая цена: 3351.0
2026-08-05 04:59:04,027 | INFO | Найдена скидка
2026-08-05 04:59:04,028 | INFO | Товар: Джинсы широкие летние клеш от колена на средней посадке
2026-08-05 04:59:04,029 | INFO | Бренд: Levitate
2026-08-05 04:59:04,031 | INFO | Цена: 3372.0 руб. (было 9341.0 руб.)
2026-08-05 04:59:04,032 | INFO | Скидка: 64%
2026-08-05 04:59:04,034 | INFO | Рейтинг: 4.7Отзывы: 45
2026-08-05 04:59:04,035 | INFO | Прошлая цена: 3372.0
2026-08-05 04:59:04,061 | INFO | Найдена скидка
2026-08-05 04:59:04,063 | INFO | Товар: Джинсы прямые легкие на средней посадке классические
2026-08-05 04:59:04,064 | INFO | Бренд: Levitate
2026-08-05 04:59:04,065 | INFO | Цена: 3385.0 руб. (было 9379.0 руб.)
2026-08-05 04:59:04,066 | INFO | Скидка: 64%
2026-08-05 04:59:04,067 | INFO | Рейтинг: 4.7Отзывы: 45
2026-08-05 04:59:04,068 | INFO | Прошлая цена: 3385.0
2026-08-05 04:59:04,114 | INFO | Найдена скидка
2026-08-05 04:59:04,121 | INFO | Товар: Джинсы женские клеш
2026-08-05 04:59:04,123 | INFO | Бренд: ODI
2026-08-05 04:59:04,131 | INFO | Цена: 2166.0 руб. (было 10000.0 руб.)
2026-08-05 04:59:04,134 | INFO | Скидка: 78%
2026-08-05 04:59:04,136 | INFO | Рейтинг: 4.8Отзывы: 1781
2026-08-05 04:59:04,137 | INFO | Прошлая цена: 2166.0
2026-08-05 04:59:04,168 | INFO | Найдена скидка
2026-08-05 04:59:04,169 | INFO | Товар: Джинсы трубы широкие прямые
2026-08-05 04:59:04,170 | INFO | Бренд: FAELLO SHOP
2026-08-05 04:59:04,171 | INFO | Цена: 3215.0 руб. (было 12920.0 руб.)
2026-08-05 04:59:04,172 | INFO | Скидка: 75%
2026-08-05 04:59:04,174 | INFO | Рейтинг: 4.7Отзывы: 9006
2026-08-05 04:59:04,174 | INFO | Прошлая цена: 3215.0
2026-08-05 04:59:04,294 | INFO | Найдена скидка
2026-08-05 04:59:04,298 | INFO | Товар: Джинсы багги для девочки на резинке широкие
2026-08-05 04:59:04,301 | INFO | Бренд: 1985clothes
2026-08-05 04:59:04,302 | INFO | Цена: 2740.0 руб. (было 7200.0 руб.)
2026-08-05 04:59:04,304 | INFO | Скидка: 62%
2026-08-05 04:59:04,307 | INFO | Рейтинг: 4.9Отзывы: 294
2026-08-05 04:59:04,308 | INFO | Прошлая цена: 2740.0
2026-08-05 04:59:04,350 | INFO | Найдена скидка
2026-08-05 04:59:04,352 | INFO | Товар: Брюки джинсы рваные
2026-08-05 04:59:04,353 | INFO | Бренд: Tioka
2026-08-05 04:59:04,354 | INFO | Цена: 2224.0 руб. (было 3799.0 руб.)
2026-08-05 04:59:04,355 | INFO | Скидка: 41%
2026-08-05 04:59:04,356 | INFO | Рейтинг: 4.9Отзывы: 1454
2026-08-05 04:59:04,357 | INFO | Прошлая цена: 2224.0
2026-08-05 04:59:04,389 | INFO | Найдена скидка
2026-08-05 04:59:04,390 | INFO | Товар: Джинсы бананы широкие
2026-08-05 04:59:04,391 | INFO | Бренд: SOKOLLIST
2026-08-05 04:59:04,391 | INFO | Цена: 2541.0 руб. (было 8000.0 руб.)
2026-08-05 04:59:04,392 | INFO | Скидка: 68%
2026-08-05 04:59:04,393 | INFO | Рейтинг: 4.8Отзывы: 9003
2026-08-05 04:59:04,394 | INFO | Прошлая цена: 2541.0
2026-08-05 04:59:04,423 | INFO | Найдена скидка
2026-08-05 04:59:04,424 | INFO | Товар: Джинсы для для беременных с высокой посадкой
2026-08-05 04:59:04,427 | INFO | Бренд: Primo Meleto
2026-08-05 04:59:04,429 | INFO | Цена: 4032.0 руб. (было 12000.0 руб.)
2026-08-05 04:59:04,431 | INFO | Скидка: 66%
2026-08-05 04:59:04,432 | INFO | Рейтинг: 4.8Отзывы: 562
2026-08-05 04:59:04,435 | INFO | Прошлая цена: 4032.0
2026-08-05 04:59:04,465 | INFO | Найдена скидка
2026-08-05 04:59:04,466 | INFO | Товар: Джинсы широкие багги
2026-08-05 04:59:04,467 | INFO | Бренд: GATIN
2026-08-05 04:59:04,468 | INFO | Цена: 2773.0 руб. (было 7428.0 руб.)
2026-08-05 04:59:04,468 | INFO | Скидка: 63%
2026-08-05 04:59:04,469 | INFO | Рейтинг: 4.8Отзывы: 1325
2026-08-05 04:59:04,470 | INFO | Прошлая цена: 2773.0
2026-08-05 04:59:04,511 | INFO | Найдена скидка
2026-08-05 04:59:04,511 | INFO | Товар: Джинсы багги широкие на резинке
2026-08-05 04:59:04,513 | INFO | Бренд: Gen A St
2026-08-05 04:59:04,518 | INFO | Цена: 2636.0 руб. (было 7350.0 руб.)
2026-08-05 04:59:04,519 | INFO | Скидка: 64%
2026-08-05 04:59:04,520 | INFO | Рейтинг: 4.8Отзывы: 268
2026-08-05 04:59:04,520 | INFO | Прошлая цена: 2636.0
2026-08-05 04:59:04,543 | INFO | Найдена скидка
2026-08-05 04:59:04,544 | INFO | Товар: Широкие джинсы с цветочным принтом в стиле ретро
2026-08-05 04:59:04,550 | INFO | Бренд: Grasiozo storeez
2026-08-05 04:59:04,551 | INFO | Цена: 2331.0 руб. (было 4900.0 руб.)
2026-08-05 04:59:04,551 | INFO | Скидка: 52%
2026-08-05 04:59:04,552 | INFO | Рейтинг: 4.7Отзывы: 120
2026-08-05 04:59:04,553 | INFO | Прошлая цена: 2331.0
2026-08-05 04:59:04,575 | INFO | Найдена скидка
2026-08-05 04:59:04,576 | INFO | Товар: Джинсы трубы широкие
2026-08-05 04:59:04,577 | INFO | Бренд: Sam Alex’s Jeans
2026-08-05 04:59:04,577 | INFO | Цена: 2459.0 руб. (было 6000.0 руб.)
2026-08-05 04:59:04,578 | INFO | Скидка: 59%
2026-08-05 04:59:04,581 | INFO | Рейтинг: 4.9Отзывы: 4422
2026-08-05 04:59:04,582 | INFO | Прошлая цена: 2459.0
2026-08-05 04:59:04,607 | INFO | Найдена скидка
2026-08-05 04:59:04,608 | INFO | Товар: Джинсы черные широкие летние оверсайз
2026-08-05 04:59:04,609 | INFO | Бренд: TRUE BALANCE
2026-08-05 04:59:04,610 | INFO | Цена: 1976.0 руб. (было 10000.0 руб.)
2026-08-05 04:59:04,611 | INFO | Скидка: 80%
2026-08-05 04:59:04,613 | INFO | Рейтинг: 4.9Отзывы: 1722
2026-08-05 04:59:04,616 | INFO | Прошлая цена: 1976.0
2026-08-05 04:59:04,638 | INFO | Найдена скидка
2026-08-05 04:59:04,639 | INFO | Товар: Широкие джинсы трубы клеш с высокой посадкой
2026-08-05 04:59:04,639 | INFO | Бренд: DayZing
2026-08-05 04:59:04,640 | INFO | Цена: 2886.0 руб. (было 32859.0 руб.)
2026-08-05 04:59:04,640 | INFO | Скидка: 91%
2026-08-05 04:59:04,642 | INFO | Рейтинг: 4.7Отзывы: 39
2026-08-05 04:59:04,642 | INFO | Прошлая цена: 2886.0
2026-08-05 04:59:04,671 | INFO | Найдена скидка
2026-08-05 04:59:04,672 | INFO | Товар: Широкие джинсы трубы клеш с высокой посадкой
2026-08-05 04:59:04,673 | INFO | Бренд: DayZing
2026-08-05 04:59:04,674 | INFO | Цена: 2989.0 руб. (было 34034.0 руб.)
2026-08-05 04:59:04,674 | INFO | Скидка: 91%
2026-08-05 04:59:04,675 | INFO | Рейтинг: 4.6Отзывы: 92
2026-08-05 04:59:04,676 | INFO | Прошлая цена: 2989.0
2026-08-05 04:59:04,700 | INFO | Найдена скидка
2026-08-05 04:59:04,701 | INFO | Товар: Джинсы мужские прямые широкие
2026-08-05 04:59:04,701 | INFO | Бренд: NEVERMIND
2026-08-05 04:59:04,702 | INFO | Цена: 3168.0 руб. (было 5014.0 руб.)
2026-08-05 04:59:04,702 | INFO | Скидка: 37%
2026-08-05 04:59:04,703 | INFO | Рейтинг: 4.9Отзывы: 1205
2026-08-05 04:59:04,703 | INFO | Прошлая цена: 3168.0
2026-08-05 04:59:04,726 | INFO | Найдена скидка
2026-08-05 04:59:04,727 | INFO | Товар: Джинсы широкие трубы с высокой посадкой
2026-08-05 04:59:04,729 | INFO | Бренд: АЛЬТЕРНА
2026-08-05 04:59:04,732 | INFO | Цена: 2964.0 руб. (было 5400.0 руб.)
2026-08-05 04:59:04,734 | INFO | Скидка: 45%
2026-08-05 04:59:04,735 | INFO | Рейтинг: 4.7Отзывы: 254
2026-08-05 04:59:04,735 | INFO | Прошлая цена: 2964.0
2026-08-05 04:59:04,759 | INFO | Найдена скидка
2026-08-05 04:59:04,760 | INFO | Товар: Джинсы палаццо с высокой посадкой
2026-08-05 04:59:04,760 | INFO | Бренд: Modjimoda
2026-08-05 04:59:04,761 | INFO | Цена: 1206.0 руб. (было 10000.0 руб.)
2026-08-05 04:59:04,762 | INFO | Скидка: 88%
2026-08-05 04:59:04,766 | INFO | Рейтинг: 4.8Отзывы: 2112
2026-08-05 04:59:04,767 | INFO | Прошлая цена: 1206.0
2026-08-05 04:59:04,790 | INFO | Найдена скидка
2026-08-05 04:59:04,791 | INFO | Товар: Джинсы прямые свободные с высокой посадкой
2026-08-05 04:59:04,792 | INFO | Бренд: Jeans Line
2026-08-05 04:59:04,792 | INFO | Цена: 3435.0 руб. (было 9059.0 руб.)
2026-08-05 04:59:04,793 | INFO | Скидка: 62%
2026-08-05 04:59:04,793 | INFO | Рейтинг: 4.8Отзывы: 185
2026-08-05 04:59:04,794 | INFO | Прошлая цена: 3435.0
2026-08-05 04:59:04,816 | INFO | Найдена скидка
2026-08-05 04:59:04,817 | INFO | Товар: Багги джинсы широкие
2026-08-05 04:59:04,818 | INFO | Бренд: Denim AE-GX
2026-08-05 04:59:04,819 | INFO | Цена: 3638.0 руб. (было 7000.0 руб.)
2026-08-05 04:59:04,820 | INFO | Скидка: 48%
2026-08-05 04:59:04,820 | INFO | Рейтинг: 4.9Отзывы: 55
2026-08-05 04:59:04,821 | INFO | Прошлая цена: 3638.0
2026-08-05 04:59:04,849 | INFO | Найдена скидка
2026-08-05 04:59:04,850 | INFO | Товар: Джинсы трубы широкие оверсайз прямые sk8 y2k
2026-08-05 04:59:04,850 | INFO | Бренд: Beekt
2026-08-05 04:59:04,851 | INFO | Цена: 3595.0 руб. (было 5350.0 руб.)
2026-08-05 04:59:04,851 | INFO | Скидка: 33%
2026-08-05 04:59:04,852 | INFO | Рейтинг: 4.9Отзывы: 10343
2026-08-05 04:59:04,852 | INFO | Прошлая цена: 3595.0
2026-08-05 04:59:04,875 | INFO | Найдена скидка
2026-08-05 04:59:04,876 | INFO | Товар: Джинсы укороченные широкие клеш
2026-08-05 04:59:04,877 | INFO | Бренд: PromoKOT
2026-08-05 04:59:04,878 | INFO | Цена: 3488.0 руб. (было 12000.0 руб.)
2026-08-05 04:59:04,878 | INFO | Скидка: 71%
2026-08-05 04:59:04,882 | INFO | Рейтинг: 4.6Отзывы: 1741
2026-08-05 04:59:04,883 | INFO | Прошлая цена: 3488.0
2026-08-05 04:59:04,908 | INFO | Найдена скидка
2026-08-05 04:59:04,909 | INFO | Товар: Джинсы укороченные широкие клеш
2026-08-05 04:59:04,909 | INFO | Бренд: PromoKOT
2026-08-05 04:59:04,910 | INFO | Цена: 3488.0 руб. (было 12000.0 руб.)
2026-08-05 04:59:04,911 | INFO | Скидка: 71%
2026-08-05 04:59:04,911 | INFO | Рейтинг: 4.6Отзывы: 1741
2026-08-05 04:59:04,915 | INFO | Прошлая цена: 3488.0
2026-08-05 04:59:04,943 | INFO | Найдена скидка
2026-08-05 04:59:04,944 | INFO | Товар: Джинсы женские прямые трубы с высокой посадкой со стрелками
2026-08-05 04:59:04,944 | INFO | Бренд: DayZing
2026-08-05 04:59:04,945 | INFO | Цена: 3091.0 руб. (было 35200.0 руб.)
2026-08-05 04:59:04,947 | INFO | Скидка: 91%
2026-08-05 04:59:04,948 | INFO | Рейтинг: 4.7Отзывы: 28
2026-08-05 04:59:04,950 | INFO | Прошлая цена: 3091.0
2026-08-05 04:59:04,977 | INFO | Найдена скидка
2026-08-05 04:59:04,978 | INFO | Товар: Джинсы женские баллоны мом с высокой посадкой
2026-08-05 04:59:04,979 | INFO | Бренд: WAIB
2026-08-05 04:59:04,981 | INFO | Цена: 2155.0 руб. (было 15499.0 руб.)
2026-08-05 04:59:04,983 | INFO | Скидка: 86%
2026-08-05 04:59:04,984 | INFO | Рейтинг: 4.8Отзывы: 610
2026-08-05 04:59:04,985 | INFO | Прошлая цена: 2155.0
2026-08-05 04:59:05,011 | INFO | Найдена скидка
2026-08-05 04:59:05,017 | INFO | Товар: Джинсы женские широкие трубы палаццо
2026-08-05 04:59:05,020 | INFO | Бренд: WAIB
2026-08-05 04:59:05,021 | INFO | Цена: 2119.0 руб. (было 19299.0 руб.)
2026-08-05 04:59:05,022 | INFO | Скидка: 89%
2026-08-05 04:59:05,022 | INFO | Рейтинг: 4.8Отзывы: 98
2026-08-05 04:59:05,023 | INFO | Прошлая цена: 2119.0
2026-08-05 04:59:05,049 | INFO | Найдена скидка
2026-08-05 04:59:05,050 | INFO | Товар: Джинсы подростковые на девочку
2026-08-05 04:59:05,051 | INFO | Бренд: 
2026-08-05 04:59:05,052 | INFO | Цена: 2562.0 руб. (было 5000.0 руб.)
2026-08-05 04:59:05,053 | INFO | Скидка: 49%
2026-08-05 04:59:05,053 | INFO | Рейтинг: 4.8Отзывы: 164
2026-08-05 04:59:05,054 | INFO | Прошлая цена: 2562.0
2026-08-05 04:59:05,084 | INFO | Найдена скидка
2026-08-05 04:59:05,086 | INFO | Товар: Джинсы прямые трубы
2026-08-05 04:59:05,086 | INFO | Бренд: SALENDO.joy
2026-08-05 04:59:05,087 | INFO | Цена: 3137.0 руб. (было 7390.0 руб.)
2026-08-05 04:59:05,088 | INFO | Скидка: 58%
2026-08-05 04:59:05,088 | INFO | Рейтинг: 4.9Отзывы: 915
2026-08-05 04:59:05,090 | INFO | Прошлая цена: 3137.0
2026-08-05 04:59:05,121 | INFO | Найдена скидка
2026-08-05 04:59:05,121 | INFO | Товар: Джинсы прямые широкие трубы с высокой посадкой
2026-08-05 04:59:05,122 | INFO | Бренд: Jeans Line
2026-08-05 04:59:05,123 | INFO | Цена: 3697.0 руб. (было 9750.0 руб.)
2026-08-05 04:59:05,124 | INFO | Скидка: 62%
2026-08-05 04:59:05,124 | INFO | Рейтинг: 4.8Отзывы: 682
2026-08-05 04:59:05,125 | INFO | Прошлая цена: 3697.0
2026-08-05 04:59:05,157 | INFO | Найдена скидка
2026-08-05 04:59:05,158 | INFO | Товар: Джинсы для девочки подростка
2026-08-05 04:59:05,159 | INFO | Бренд: Gotika
2026-08-05 04:59:05,159 | INFO | Цена: 2496.0 руб. (было 6820.0 руб.)
2026-08-05 04:59:05,160 | INFO | Скидка: 63%
2026-08-05 04:59:05,161 | INFO | Рейтинг: 5Отзывы: 15
2026-08-05 04:59:05,164 | INFO | Прошлая цена: 2496.0
2026-08-05 04:59:05,192 | INFO | Найдена скидка
2026-08-05 04:59:05,193 | INFO | Товар: Джинсы мужские широкие прямые
2026-08-05 04:59:05,193 | INFO | Бренд: ARVADOR
2026-08-05 04:59:05,194 | INFO | Цена: 2827.0 руб. (было 20333.0 руб.)
2026-08-05 04:59:05,195 | INFO | Скидка: 86%
2026-08-05 04:59:05,197 | INFO | Рейтинг: 4.7Отзывы: 33218
2026-08-05 04:59:05,199 | INFO | Прошлая цена: 2827.0
2026-08-05 04:59:05,225 | INFO | Найдена скидка
2026-08-05 04:59:05,226 | INFO | Товар: Джинсы трубы прямые с высокой посадкой широкие
2026-08-05 04:59:05,227 | INFO | Бренд: Jeans Line
2026-08-05 04:59:05,228 | INFO | Цена: 3513.0 руб. (было 8000.0 руб.)
2026-08-05 04:59:05,228 | INFO | Скидка: 56%
2026-08-05 04:59:05,230 | INFO | Рейтинг: 4.7Отзывы: 698
2026-08-05 04:59:05,231 | INFO | Прошлая цена: 3513.0
2026-08-05 04:59:05,256 | INFO | Найдена скидка
2026-08-05 04:59:05,257 | INFO | Товар: Джинсы широкие
2026-08-05 04:59:05,258 | INFO | Бренд: NOVOCH
2026-08-05 04:59:05,259 | INFO | Цена: 2902.0 руб. (было 6000.0 руб.)
2026-08-05 04:59:05,260 | INFO | Скидка: 52%
2026-08-05 04:59:05,260 | INFO | Рейтинг: 4.7Отзывы: 25513
2026-08-05 04:59:05,261 | INFO | Прошлая цена: 2902.0
2026-08-05 04:59:05,290 | INFO | Найдена скидка
2026-08-05 04:59:05,291 | INFO | Товар: Джинсы широкие багги оверсайз трубы y2k baggy jeans
2026-08-05 04:59:05,291 | INFO | Бренд: ROCKBABE
2026-08-05 04:59:05,292 | INFO | Цена: 3314.0 руб. (было 104900.0 руб.)
2026-08-05 04:59:05,292 | INFO | Скидка: 97%
2026-08-05 04:59:05,293 | INFO | Рейтинг: 4.8Отзывы: 6230
2026-08-05 04:59:05,294 | INFO | Прошлая цена: 3314.0
2026-08-05 04:59:05,318 | INFO | Найдена скидка
2026-08-05 04:59:05,319 | INFO | Товар: Джинсы женские широкие клеш от бедра
2026-08-05 04:59:05,319 | INFO | Бренд: Mark Formelle
2026-08-05 04:59:05,320 | INFO | Цена: 3293.0 руб. (было 5357.0 руб.)
2026-08-05 04:59:05,321 | INFO | Скидка: 39%
2026-08-05 04:59:05,321 | INFO | Рейтинг: 4.6Отзывы: 189
2026-08-05 04:59:05,322 | INFO | Прошлая цена: 3293.0
2026-08-05 04:59:05,365 | INFO | Найдена скидка
2026-08-05 04:59:05,366 | INFO | Товар: Джинсы бананы зауженные к низу
2026-08-05 04:59:05,367 | INFO | Бренд: DENIMAN
2026-08-05 04:59:05,368 | INFO | Цена: 3701.0 руб. (было 6580.0 руб.)
2026-08-05 04:59:05,369 | INFO | Скидка: 44%
2026-08-05 04:59:05,370 | INFO | Рейтинг: 4.8Отзывы: 2607
2026-08-05 04:59:05,370 | INFO | Прошлая цена: 3701.0
2026-08-05 04:59:05,393 | INFO | Найдена скидка
2026-08-05 04:59:05,393 | INFO | Товар: Джинсы широкие женские палаццо
2026-08-05 04:59:05,394 | INFO | Бренд: L.A.F
2026-08-05 04:59:05,395 | INFO | Цена: 2887.0 руб. (было 7999.0 руб.)
2026-08-05 04:59:05,396 | INFO | Скидка: 64%
2026-08-05 04:59:05,397 | INFO | Рейтинг: 4.8Отзывы: 3169
2026-08-05 04:59:05,399 | INFO | Прошлая цена: 2887.0
2026-08-05 04:59:05,426 | INFO | Найдена скидка
2026-08-05 04:59:05,428 | INFO | Товар: Джинсы бананы зауженные к низу
2026-08-05 04:59:05,433 | INFO | Бренд: DENIMAN
2026-08-05 04:59:05,437 | INFO | Цена: 3685.0 руб. (было 7880.0 руб.)
2026-08-05 04:59:05,438 | INFO | Скидка: 53%
2026-08-05 04:59:05,441 | INFO | Рейтинг: 4.8Отзывы: 1515
2026-08-05 04:59:05,446 | INFO | Прошлая цена: 3685.0
2026-08-05 04:59:05,485 | INFO | Найдена скидка
2026-08-05 04:59:05,486 | INFO | Товар: Джинсы широкие багги женские трубы wide leg y2k оверсайз
2026-08-05 04:59:05,487 | INFO | Бренд: ROCKBABE
2026-08-05 04:59:05,487 | INFO | Цена: 3656.0 руб. (было 99900.0 руб.)
2026-08-05 04:59:05,489 | INFO | Скидка: 96%
2026-08-05 04:59:05,490 | INFO | Рейтинг: 4.8Отзывы: 6230
2026-08-05 04:59:05,491 | INFO | Прошлая цена: 3656.0
2026-08-05 04:59:05,527 | INFO | Найдена скидка
2026-08-05 04:59:05,528 | INFO | Товар: Джинсовые брюки Алладины больших размеров
2026-08-05 04:59:05,529 | INFO | Бренд: TROUSERS-PromoKOT
2026-08-05 04:59:05,531 | INFO | Цена: 3760.0 руб. (было 10000.0 руб.)
2026-08-05 04:59:05,534 | INFO | Скидка: 62%
2026-08-05 04:59:05,535 | INFO | Рейтинг: 4.6Отзывы: 1741
2026-08-05 04:59:05,536 | INFO | Прошлая цена: 3760.0
2026-08-05 04:59:05,569 | INFO | Найдена скидка
2026-08-05 04:59:05,570 | INFO | Товар: Джинсы прямые трубы
2026-08-05 04:59:05,571 | INFO | Бренд: Jeans Line
2026-08-05 04:59:05,572 | INFO | Цена: 3435.0 руб. (было 9059.0 руб.)
2026-08-05 04:59:05,573 | INFO | Скидка: 62%
2026-08-05 04:59:05,574 | INFO | Рейтинг: 4.8Отзывы: 874
2026-08-05 04:59:05,575 | INFO | Прошлая цена: 3435.0
2026-08-05 04:59:05,609 | INFO | Найдена скидка
2026-08-05 04:59:05,610 | INFO | Товар: Джинсы широкие трубы с высокой посадкой
2026-08-05 04:59:05,611 | INFO | Бренд: pado
2026-08-05 04:59:05,612 | INFO | Цена: 3402.0 руб. (было 76912.0 руб.)
2026-08-05 04:59:05,617 | INFO | Скидка: 96%
2026-08-05 04:59:05,618 | INFO | Рейтинг: 4.8Отзывы: 635
2026-08-05 04:59:05,619 | INFO | Прошлая цена: 3402.0
2026-08-05 04:59:05,651 | INFO | Найдена скидка
2026-08-05 04:59:05,652 | INFO | Товар: Джинсы прямые широкие багги
2026-08-05 04:59:05,653 | INFO | Бренд: Modjimoda
2026-08-05 04:59:05,654 | INFO | Цена: 1251.0 руб. (было 10000.0 руб.)
2026-08-05 04:59:05,655 | INFO | Скидка: 87%
2026-08-05 04:59:05,656 | INFO | Рейтинг: 4.9Отзывы: 1870
2026-08-05 04:59:05,657 | INFO | Прошлая цена: 1251.0
2026-08-05 04:59:05,687 | INFO | Найдена скидка
2026-08-05 04:59:05,688 | INFO | Товар: Джинсы мужские широкие прямые
2026-08-05 04:59:05,688 | INFO | Бренд: ARVADOR
2026-08-05 04:59:05,689 | INFO | Цена: 2288.0 руб. (было 52097.0 руб.)
2026-08-05 04:59:05,690 | INFO | Скидка: 96%
2026-08-05 04:59:05,691 | INFO | Рейтинг: 4.7Отзывы: 1151
2026-08-05 04:59:05,692 | INFO | Прошлая цена: 2288.0
2026-08-05 04:59:05,721 | INFO | Найдена скидка
2026-08-05 04:59:05,722 | INFO | Товар: Джинсы женские баллоны мом с высокой посадкой
2026-08-05 04:59:05,723 | INFO | Бренд: WAIB
2026-08-05 04:59:05,723 | INFO | Цена: 2155.0 руб. (было 15499.0 руб.)
2026-08-05 04:59:05,724 | INFO | Скидка: 86%
2026-08-05 04:59:05,725 | INFO | Рейтинг: 4.7Отзывы: 320
2026-08-05 04:59:05,726 | INFO | Прошлая цена: 2155.0
2026-08-05 04:59:05,756 | INFO | Найдена скидка
2026-08-05 04:59:05,757 | INFO | Товар: Джинсы широкие палаццо трубы с высокой посадкой
2026-08-05 04:59:05,758 | INFO | Бренд: FLEECY
2026-08-05 04:59:05,759 | INFO | Цена: 3867.0 руб. (было 14233.0 руб.)
2026-08-05 04:59:05,760 | INFO | Скидка: 73%
2026-08-05 04:59:05,761 | INFO | Рейтинг: 4.8Отзывы: 3096
2026-08-05 04:59:05,763 | INFO | Прошлая цена: 3867.0
2026-08-05 04:59:05,795 | INFO | Найдена скидка
2026-08-05 04:59:05,797 | INFO | Товар: Джинсы палаццо с высокой посадкой
2026-08-05 04:59:05,798 | INFO | Бренд: FemmeFlair
2026-08-05 04:59:05,799 | INFO | Цена: 5624.0 руб. (было 38695.0 руб.)
2026-08-05 04:59:05,800 | INFO | Скидка: 85%
2026-08-05 04:59:05,800 | INFO | Рейтинг: 4.8Отзывы: 1091
2026-08-05 04:59:05,802 | INFO | Прошлая цена: 5624.0
2026-08-05 04:59:05,833 | INFO | Найдена скидка
2026-08-05 04:59:05,834 | INFO | Товар: Джинсы широкие багги y2k
2026-08-05 04:59:05,835 | INFO | Бренд: 10pm
2026-08-05 04:59:05,838 | INFO | Цена: 4819.0 руб. (было 8200.0 руб.)
2026-08-05 04:59:05,839 | INFO | Скидка: 41%
2026-08-05 04:59:05,840 | INFO | Рейтинг: 4.7Отзывы: 419
2026-08-05 04:59:05,841 | INFO | Прошлая цена: 4819.0
2026-08-05 04:59:05,873 | INFO | Найдена скидка
2026-08-05 04:59:05,874 | INFO | Товар: Джинсы широкие прямые палаццо с высокой посадкой
2026-08-05 04:59:05,875 | INFO | Бренд: RENZORIA
2026-08-05 04:59:05,875 | INFO | Цена: 4248.0 руб. (было 12223.0 руб.)
2026-08-05 04:59:05,876 | INFO | Скидка: 65%
2026-08-05 04:59:05,877 | INFO | Рейтинг: 4.8Отзывы: 774
2026-08-05 04:59:05,879 | INFO | Прошлая цена: 4248.0
2026-08-05 04:59:05,910 | INFO | Найдена скидка
2026-08-05 04:59:05,910 | INFO | Товар: Джинсы для девочки подростка широкие
2026-08-05 04:59:05,916 | INFO | Бренд: Gotika
2026-08-05 04:59:05,917 | INFO | Цена: 2494.0 руб. (было 6816.0 руб.)
2026-08-05 04:59:05,918 | INFO | Скидка: 63%
2026-08-05 04:59:05,919 | INFO | Рейтинг: 4.6Отзывы: 16
2026-08-05 04:59:05,920 | INFO | Прошлая цена: 2494.0
2026-08-05 04:59:05,954 | INFO | Найдена скидка
2026-08-05 04:59:05,955 | INFO | Товар: Джинсы бананы с высокой посадкой мом
2026-08-05 04:59:05,956 | INFO | Бренд: WAIB
2026-08-05 04:59:05,957 | INFO | Цена: 2099.0 руб. (было 11470.0 руб.)
2026-08-05 04:59:05,958 | INFO | Скидка: 82%
2026-08-05 04:59:05,959 | INFO | Рейтинг: 4.8Отзывы: 17893
2026-08-05 04:59:05,959 | INFO | Прошлая цена: 2099.0
2026-08-05 04:59:05,988 | INFO | Найдена скидка
2026-08-05 04:59:05,989 | INFO | Товар: Джинсы Турецкие палаццо широкие трубы Весна - Лето
2026-08-05 04:59:05,990 | INFO | Бренд: 
2026-08-05 04:59:05,991 | INFO | Цена: 3535.0 руб. (было 9990.0 руб.)
2026-08-05 04:59:05,991 | INFO | Скидка: 65%
2026-08-05 04:59:05,992 | INFO | Рейтинг: 4.8Отзывы: 2894
2026-08-05 04:59:05,993 | INFO | Прошлая цена: 3535.0
2026-08-05 04:59:06,022 | INFO | Найдена скидка
2026-08-05 04:59:06,025 | INFO | Товар: Джинсы прямые с высокой посадкой
2026-08-05 04:59:06,026 | INFO | Бренд: JC Brand
2026-08-05 04:59:06,027 | INFO | Цена: 3519.0 руб. (было 7858.0 руб.)
2026-08-05 04:59:06,031 | INFO | Скидка: 55%
2026-08-05 04:59:06,035 | INFO | Рейтинг: 4.9Отзывы: 346
2026-08-05 04:59:06,039 | INFO | Прошлая цена: 3519.0
2026-08-05 04:59:06,073 | INFO | Найдена скидка
2026-08-05 04:59:06,074 | INFO | Товар: Вельветовые джинсы прямые
2026-08-05 04:59:06,075 | INFO | Бренд: GVEN LINE
2026-08-05 04:59:06,076 | INFO | Цена: 5417.0 руб. (было 13900.0 руб.)
2026-08-05 04:59:06,077 | INFO | Скидка: 61%
2026-08-05 04:59:06,079 | INFO | Рейтинг: 4.9Отзывы: 312
2026-08-05 04:59:06,082 | INFO | Прошлая цена: 5417.0
2026-08-05 04:59:06,121 | INFO | Найдена скидка
2026-08-05 04:59:06,123 | INFO | Товар: Широкие джинсы багги градиент оверсайз
2026-08-05 04:59:06,124 | INFO | Бренд: ROCKBABE
2026-08-05 04:59:06,125 | INFO | Цена: 3949.0 руб. (было 124990.0 руб.)
2026-08-05 04:59:06,126 | INFO | Скидка: 97%
2026-08-05 04:59:06,130 | INFO | Рейтинг: 4.8Отзывы: 6230
2026-08-05 04:59:06,131 | INFO | Прошлая цена: 3949.0
2026-08-05 04:59:06,167 | INFO | Найдена скидка
2026-08-05 04:59:06,168 | INFO | Товар: Брюки широкие трубы больших размеров летние
2026-08-05 04:59:06,168 | INFO | Бренд: АЛЬТЕРНА
2026-08-05 04:59:06,169 | INFO | Цена: 2277.0 руб. (было 5100.0 руб.)
2026-08-05 04:59:06,170 | INFO | Скидка: 55%
2026-08-05 04:59:06,171 | INFO | Рейтинг: 4.5Отзывы: 33
2026-08-05 04:59:06,172 | INFO | Прошлая цена: 2277.0
2026-08-05 04:59:06,204 | INFO | Найдена скидка
2026-08-05 04:59:06,205 | INFO | Товар: Вельветовые джинсы прямые
2026-08-05 04:59:06,206 | INFO | Бренд: GVEN LINE
2026-08-05 04:59:06,208 | INFO | Цена: 5417.0 руб. (было 13900.0 руб.)
2026-08-05 04:59:06,209 | INFO | Скидка: 61%
2026-08-05 04:59:06,216 | INFO | Рейтинг: 4.9Отзывы: 681
2026-08-05 04:59:06,218 | INFO | Прошлая цена: 5417.0
2026-08-05 04:59:06,250 | INFO | Найдена скидка
2026-08-05 04:59:06,251 | INFO | Товар: джинсы широкие палаццо
2026-08-05 04:59:06,252 | INFO | Бренд: ODI
2026-08-05 04:59:06,253 | INFO | Цена: 2166.0 руб. (было 10000.0 руб.)
2026-08-05 04:59:06,254 | INFO | Скидка: 78%
2026-08-05 04:59:06,255 | INFO | Рейтинг: 4.7Отзывы: 1658
2026-08-05 04:59:06,255 | INFO | Прошлая цена: 2166.0
2026-08-05 04:59:06,289 | INFO | Найдена скидка
2026-08-05 04:59:06,290 | INFO | Товар: джинсы 490 широкие багги
2026-08-05 04:59:06,292 | INFO | Бренд: YOS DESIGN
2026-08-05 04:59:06,294 | INFO | Цена: 6602.0 руб. (было 19946.0 руб.)
2026-08-05 04:59:06,298 | INFO | Скидка: 67%
2026-08-05 04:59:06,299 | INFO | Рейтинг: 4.8Отзывы: 257
2026-08-05 04:59:06,300 | INFO | Прошлая цена: 6602.0
2026-08-05 04:59:06,330 | INFO | Найдена скидка
2026-08-05 04:59:06,330 | INFO | Товар: Джинсы багги широкие оверсайз
2026-08-05 04:59:06,332 | INFO | Бренд: BAGGY FIT
2026-08-05 04:59:06,333 | INFO | Цена: 3503.0 руб. (было 10000.0 руб.)
2026-08-05 04:59:06,334 | INFO | Скидка: 65%
2026-08-05 04:59:06,335 | INFO | Рейтинг: 4.9Отзывы: 204
2026-08-05 04:59:06,336 | INFO | Прошлая цена: 3503.0
2026-08-05 04:59:08,342 | INFO | ===== ПРОВЕРКА ЗАВЕРШЕНА =====
2026-08-05 04:59:08,343 | INFO | Следующая проверка через 900 секунд
2026-08-05 04:59:08,343 | INFO | ==============================
2026-08-05 15:14:55,704 | INFO | Программа запустилась
2026-08-05 15:14:55,707 | INFO | ===== НАЧАЛО ПРОВЕРКИ ЦЕН =====
2026-08-05 15:14:55,710 | INFO | Проверяем запрос: алмазная мозаика огромная
2026-08-05 15:14:55,710 | INFO | Запускаем браузер Wildberries...
2026-08-05 15:15:00,505 | INFO | Браузер запущен
2026-08-05 15:15:00,505 | INFO | Открываем поиск: алмазная мозаика огромная
2026-08-05 15:15:00,506 | INFO | Ждём ответ API...
2026-08-05 15:15:14,937 | ERROR | Не удалось получить API
Traceback (most recent call last):
  File "C:\Users\Asdera\Desktop\Проекты\WB-Price-Hunter\parser\wildberries.py", line 149, in get_products
    await page.goto(
  File "C:\Users\Asdera\Desktop\Проекты\WB-Price-Hunter\.venv\Lib\site-packages\playwright\async_api\_generated.py", line 9869, in goto
    await self._impl_obj.goto(
  File "C:\Users\Asdera\Desktop\Проекты\WB-Price-Hunter\.venv\Lib\site-packages\playwright\_impl\_page.py", line 560, in goto
    return await self._main_frame.goto(**locals_to_params(locals()))
           ^^^^^^^^^^^^^^^^^^^^^^^^^^^^^^^^^^^^^^^^^^^^^^^^^^^^^^^^^
  File "C:\Users\Asdera\Desktop\Проекты\WB-Price-Hunter\.venv\Lib\site-packages\playwright\_impl\_frame.py", line 156, in goto
    await self._channel.send(
  File "C:\Users\Asdera\Desktop\Проекты\WB-Price-Hunter\.venv\Lib\site-packages\playwright\_impl\_connection.py", line 76, in send
    return await self._connection.wrap_api_call(
           ^^^^^^^^^^^^^^^^^^^^^^^^^^^^^^^^^^^^^
  File "C:\Users\Asdera\Desktop\Проекты\WB-Price-Hunter\.venv\Lib\site-packages\playwright\_impl\_connection.py", line 632, in wrap_api_call
    raise rewrite_error(error, f"{parsed_st['apiName']}: {error}") from None
playwright._impl._errors.Error: Page.goto: net::ERR_NAME_NOT_RESOLVED at https://www.wildberries.ru/catalog/0/search.aspx?search=%D0%B0%D0%BB%D0%BC%D0%B0%D0%B7%D0%BD%D0%B0%D1%8F+%D0%BC%D0%BE%D0%B7%D0%B0%D0%B8%D0%BA%D0%B0+%D0%BE%D0%B3%D1%80%D0%BE%D0%BC%D0%BD%D0%B0%D1%8F
Call log:
  - navigating to "https://www.wildberries.ru/catalog/0/search.aspx?search=%D0%B0%D0%BB%D0%BC%D0%B0%D0%B7%D0%BD%D0%B0%D1%8F+%D0%BC%D0%BE%D0%B7%D0%B0%D0%B8%D0%BA%D0%B0+%D0%BE%D0%B3%D1%80%D0%BE%D0%BC%D0%BD%D0%B0%D1%8F", waiting until "domcontentloaded"

2026-08-05 15:15:14,941 | WARNING | ⚠️ Нет данных
2026-08-05 15:15:14,943 | INFO | Проверяем запрос: гель для бровей
2026-08-05 15:15:14,945 | INFO | Открываем поиск: гель для бровей
2026-08-05 15:15:14,947 | INFO | Ждём ответ API...
2026-08-05 15:15:21,210 | ERROR | Не удалось получить API
Traceback (most recent call last):
  File "C:\Users\Asdera\Desktop\Проекты\WB-Price-Hunter\parser\wildberries.py", line 149, in get_products
    await page.goto(
  File "C:\Users\Asdera\Desktop\Проекты\WB-Price-Hunter\.venv\Lib\site-packages\playwright\async_api\_generated.py", line 9869, in goto
    await self._impl_obj.goto(
  File "C:\Users\Asdera\Desktop\Проекты\WB-Price-Hunter\.venv\Lib\site-packages\playwright\_impl\_page.py", line 560, in goto
    return await self._main_frame.goto(**locals_to_params(locals()))
           ^^^^^^^^^^^^^^^^^^^^^^^^^^^^^^^^^^^^^^^^^^^^^^^^^^^^^^^^^
  File "C:\Users\Asdera\Desktop\Проекты\WB-Price-Hunter\.venv\Lib\site-packages\playwright\_impl\_frame.py", line 156, in goto
    await self._channel.send(
  File "C:\Users\Asdera\Desktop\Проекты\WB-Price-Hunter\.venv\Lib\site-packages\playwright\_impl\_connection.py", line 76, in send
    return await self._connection.wrap_api_call(
           ^^^^^^^^^^^^^^^^^^^^^^^^^^^^^^^^^^^^^
  File "C:\Users\Asdera\Desktop\Проекты\WB-Price-Hunter\.venv\Lib\site-packages\playwright\_impl\_connection.py", line 632, in wrap_api_call
    raise rewrite_error(error, f"{parsed_st['apiName']}: {error}") from None
playwright._impl._errors.Error: Page.goto: net::ERR_NAME_NOT_RESOLVED at https://www.wildberries.ru/catalog/0/search.aspx?search=%D0%B3%D0%B5%D0%BB%D1%8C+%D0%B4%D0%BB%D1%8F+%D0%B1%D1%80%D0%BE%D0%B2%D0%B5%D0%B9
Call log:
  - navigating to "https://www.wildberries.ru/catalog/0/search.aspx?search=%D0%B3%D0%B5%D0%BB%D1%8C+%D0%B4%D0%BB%D1%8F+%D0%B1%D1%80%D0%BE%D0%B2%D0%B5%D0%B9", waiting until "domcontentloaded"

2026-08-05 15:15:21,215 | WARNING | ⚠️ Нет данных
2026-08-05 15:15:21,217 | INFO | Проверяем запрос: кровавый пилинг
2026-08-05 15:15:21,219 | INFO | Открываем поиск: кровавый пилинг
2026-08-05 15:15:21,222 | INFO | Ждём ответ API...
2026-08-05 17:01:39,553 | INFO | Программа запустилась
2026-08-05 17:01:39,559 | INFO | ===== НАЧАЛО ПРОВЕРКИ ЦЕН =====
2026-08-05 17:01:39,563 | INFO | Проверяем запрос: алмазная мозаика огромная
2026-08-05 17:01:39,564 | INFO | Запускаем браузер Wildberries...
2026-08-05 17:01:41,546 | INFO | Браузер запущен
2026-08-05 17:01:41,551 | INFO | Открываем поиск: алмазная мозаика огромная
2026-08-05 17:01:41,553 | INFO | Ждём ответ API...
2026-08-05 17:01:47,770 | INFO | 🔥 API пойман!Статус: 200URL: https://www.wildberries.ru/__internal/u-search/exactmatch/ru/common/v18/search?ab_testing=false&appType=1&curr=rub&dest=1259570991&hide_dtype=15&hide_vflags=4294967296&inheritFilters=true&lang=ru&locale=ru&query=%D0%B0%D0%BB%D0%BC%D0%B0%D0%B7%D0%BD%D0%B0%D1%8F+%D0%BC%D0%BE%D0%B7%D0%B0%D0%B8%D0%BA%D0%B0+%D0%BE%D0%B3%D1%80%D0%BE%D0%BC%D0%BD%D0%B0%D1%8F&resultset=catalog&sort=popular&spp=30&suppressSpellcheck=false
2026-08-05 17:01:47,858 | INFO | JSON получен: 100 товаров
2026-08-05 17:01:47,860 | INFO | ✅ Получено товаров: 100
2026-08-05 17:01:47,861 | INFO | Найдено товаров: 100
2026-08-05 17:01:50,870 | INFO | Проверяем запрос: гель для бровей
2026-08-05 17:01:50,873 | INFO | Открываем поиск: гель для бровей
2026-08-05 17:01:50,875 | INFO | Ждём ответ API...
2026-08-05 17:01:52,021 | INFO | 🔥 API пойман!Статус: 200URL: https://www.wildberries.ru/__internal/u-search/exactmatch/ru/common/v18/search?ab_testing=false&appType=1&curr=rub&dest=1259570991&hide_dtype=15&hide_vflags=4294967296&inheritFilters=true&lang=ru&locale=ru&query=%D0%B3%D0%B5%D0%BB%D1%8C+%D0%B4%D0%BB%D1%8F+%D0%B1%D1%80%D0%BE%D0%B2%D0%B5%D0%B9&resultset=catalog&sort=popular&spp=30&suppressSpellcheck=false
2026-08-05 17:01:52,167 | INFO | JSON получен: 100 товаров
2026-08-05 17:01:52,170 | INFO | ✅ Получено товаров: 100
2026-08-05 17:01:52,172 | INFO | Найдено товаров: 100
2026-08-05 17:01:52,278 | INFO | Найдена скидка
2026-08-05 17:01:52,280 | INFO | Товар: Гель для бровей
2026-08-05 17:01:52,281 | INFO | Бренд: NRAV
2026-08-05 17:01:52,283 | INFO | Цена: 693.0 руб. (было 1716.0 руб.)
2026-08-05 17:01:52,285 | INFO | Скидка: 60%
2026-08-05 17:01:52,287 | INFO | Рейтинг: 4.9 Отзывы: 123
2026-08-05 17:01:52,288 | INFO | Прошлая цена: 630.0
2026-08-05 17:01:52,357 | INFO | Найдена скидка
2026-08-05 17:01:52,359 | INFO | Товар: Мини гель для бровей фиксирующий стойкий прозрачный, 2,5 мл
2026-08-05 17:01:52,360 | INFO | Бренд: PUSY
2026-08-05 17:01:52,361 | INFO | Цена: 358.0 руб. (было 641.0 руб.)
2026-08-05 17:01:52,362 | INFO | Скидка: 44%
2026-08-05 17:01:52,365 | INFO | Рейтинг: 4.8 Отзывы: 16949
2026-08-05 17:01:52,370 | INFO | Прошлая цена: 296.0
2026-08-05 17:01:52,413 | INFO | Найдена скидка
2026-08-05 17:01:52,414 | INFO | Товар: Гель для бровей версия 2.0 супер сильная фиксация
2026-08-05 17:01:52,415 | INFO | Бренд: PUSY
2026-08-05 17:01:52,419 | INFO | Цена: 727.0 руб. (было 1982.0 руб.)
2026-08-05 17:01:52,421 | INFO | Скидка: 63%
2026-08-05 17:01:52,422 | INFO | Рейтинг: 4.8 Отзывы: 35537
2026-08-05 17:01:52,423 | INFO | Прошлая цена: 727.0
2026-08-05 17:01:52,473 | INFO | Найдена скидка
2026-08-05 17:01:52,474 | INFO | Товар: Гель для бровей водостойкий BROW LAMINATOR EXTREME FIX 24h
2026-08-05 17:01:52,475 | INFO | Бренд: LUXVISAGE
2026-08-05 17:01:52,477 | INFO | Цена: 328.0 руб. (было 880.0 руб.)
2026-08-05 17:01:52,480 | INFO | Скидка: 63%
2026-08-05 17:01:52,485 | INFO | Рейтинг: 4.9 Отзывы: 18463
2026-08-05 17:01:52,487 | INFO | Прошлая цена: 328.0
2026-08-05 17:01:52,508 | INFO | ОБНАРУЖЕНО ПАДЕНИЕ ЦЕНЫ!
2026-08-05 17:01:52,508 | INFO | Товар: Гель для бровей
2026-08-05 17:01:52,509 | INFO | Старая цена: 309.0
2026-08-05 17:01:52,510 | INFO | Новая цена: 238.0
2026-08-05 17:01:52,510 | INFO | Chat ID: 1084489750 |
2026-08-05 17:01:52,512 | INFO | Уведомление уже отправлялось: False
2026-08-05 17:01:52,513 | INFO | Отправляем Telegram-уведомление...
2026-08-05 17:01:53,959 | INFO | Telegram-уведомление отправлено!
2026-08-05 17:01:53,982 | INFO | Уведомление сохранено в БД
2026-08-05 17:01:53,994 | INFO | Найдена скидка
2026-08-05 17:01:53,995 | INFO | Товар: Гель для бровей
2026-08-05 17:01:53,996 | INFO | Бренд: LUXVISAGE
2026-08-05 17:01:53,997 | INFO | Цена: 238.0 руб. (было 361.0 руб.)
2026-08-05 17:01:53,998 | INFO | Скидка: 34%
2026-08-05 17:01:53,999 | INFO | Рейтинг: 4.9 Отзывы: 4297
2026-08-05 17:01:54,001 | INFO | Прошлая цена: 309.0
2026-08-05 17:01:54,028 | INFO | Найдена скидка
2026-08-05 17:01:54,029 | INFO | Товар: Гель для бровей фиксирующий стойкий, прозрачный
2026-08-05 17:01:54,030 | INFO | Бренд: Semily
2026-08-05 17:01:54,031 | INFO | Цена: 499.0 руб. (было 1749.0 руб.)
2026-08-05 17:01:54,031 | INFO | Скидка: 71%
2026-08-05 17:01:54,034 | INFO | Рейтинг: 4.8 Отзывы: 12378
2026-08-05 17:01:54,037 | INFO | Прошлая цена: 499.0
2026-08-05 17:01:54,063 | INFO | Найдена скидка
2026-08-05 17:01:54,064 | INFO | Товар: Стойкий гель для бровей Brow Styler, 3 мл, прозрачный
2026-08-05 17:01:54,065 | INFO | Бренд: EVA Mosaic
2026-08-05 17:01:54,069 | INFO | Цена: 306.0 руб. (было 467.0 руб.)
2026-08-05 17:01:54,069 | INFO | Скидка: 34%
2026-08-05 17:01:54,071 | INFO | Рейтинг: 4.9 Отзывы: 26
2026-08-05 17:01:54,072 | INFO | Прошлая цена: 306.0
2026-08-05 17:01:54,094 | INFO | Найдена скидка
2026-08-05 17:01:54,095 | INFO | Товар: Помадка для бровей серо-коричневая с кисточкой водостойкая
2026-08-05 17:01:54,096 | INFO | Бренд: TopFace
2026-08-05 17:01:54,097 | INFO | Цена: 628.0 руб. (было 1307.0 руб.)
2026-08-05 17:01:54,098 | INFO | Скидка: 52%
2026-08-05 17:01:54,103 | INFO | Рейтинг: 4.9 Отзывы: 15201
2026-08-05 17:01:54,104 | INFO | Прошлая цена: 628.0
2026-08-05 17:01:54,128 | INFO | Найдена скидка
2026-08-05 17:01:54,129 | INFO | Товар: Помадка для бровей коричневая с кисточкой водостойкая
2026-08-05 17:01:54,130 | INFO | Бренд: TopFace
2026-08-05 17:01:54,130 | INFO | Цена: 616.0 руб. (было 1307.0 руб.)
2026-08-05 17:01:54,131 | INFO | Скидка: 53%
2026-08-05 17:01:54,132 | INFO | Рейтинг: 4.9 Отзывы: 15201
2026-08-05 17:01:54,136 | INFO | Прошлая цена: 616.0
2026-08-05 17:01:54,159 | INFO | Найдена скидка
2026-08-05 17:01:54,160 | INFO | Товар: Гель для бровей прозрачный фиксирующий
2026-08-05 17:01:54,161 | INFO | Бренд: Seauty
2026-08-05 17:01:54,161 | INFO | Цена: 412.0 руб. (было 1050.0 руб.)
2026-08-05 17:01:54,162 | INFO | Скидка: 61%
2026-08-05 17:01:54,163 | INFO | Рейтинг: 4.8 Отзывы: 15245
2026-08-05 17:01:54,164 | INFO | Прошлая цена: 230.0
2026-08-05 17:01:54,196 | INFO | Найдена скидка
2026-08-05 17:01:54,196 | INFO | Товар: Гель для бровей фиксирующий стойкий прозрачный ламинирующий
2026-08-05 17:01:54,197 | INFO | Бренд: Semily
2026-08-05 17:01:54,198 | INFO | Цена: 400.0 руб. (было 1134.0 руб.)
2026-08-05 17:01:54,201 | INFO | Скидка: 65%
2026-08-05 17:01:54,203 | INFO | Рейтинг: 4.9 Отзывы: 469
2026-08-05 17:01:54,204 | INFO | Прошлая цена: 400.0
2026-08-05 17:01:54,226 | INFO | Найдена скидка
2026-08-05 17:01:54,227 | INFO | Товар: Гель для бровей оттеночный PR0 Waterproof Тон 05
2026-08-05 17:01:54,228 | INFO | Бренд: RELOUIS
2026-08-05 17:01:54,228 | INFO | Цена: 409.0 руб. (было 585.0 руб.)
2026-08-05 17:01:54,229 | INFO | Скидка: 30%
2026-08-05 17:01:54,229 | INFO | Рейтинг: 4.9 Отзывы: 21
2026-08-05 17:01:54,331 | INFO | Найдена скидка
2026-08-05 17:01:54,338 | INFO | Товар: Гель для бровей All Day Fixing
2026-08-05 17:01:54,339 | INFO | Бренд: RELOUIS
2026-08-05 17:01:54,340 | INFO | Цена: 362.0 руб. (было 738.0 руб.)
2026-08-05 17:01:54,340 | INFO | Скидка: 51%
2026-08-05 17:01:54,341 | INFO | Рейтинг: 4.9 Отзывы: 10
2026-08-05 17:01:54,341 | INFO | Прошлая цена: 362.0
2026-08-05 17:01:54,373 | INFO | Найдена скидка
2026-08-05 17:01:54,374 | INFO | Товар: Гель для бровей прозрачный фиксирующий
2026-08-05 17:01:54,376 | INFO | Бренд: L.E.SHULLE
2026-08-05 17:01:54,377 | INFO | Цена: 347.0 руб. (было 1768.0 руб.)
2026-08-05 17:01:54,378 | INFO | Скидка: 80%
2026-08-05 17:01:54,379 | INFO | Рейтинг: 4.9 Отзывы: 28897
2026-08-05 17:01:54,379 | INFO | Прошлая цена: 347.0
2026-08-05 17:01:54,405 | INFO | Найдена скидка
2026-08-05 17:01:54,406 | INFO | Товар: Гель для бровей
2026-08-05 17:01:54,407 | INFO | Бренд: 
2026-08-05 17:01:54,407 | INFO | Цена: 272.0 руб. (было 3400.0 руб.)
2026-08-05 17:01:54,407 | INFO | Скидка: 92%
2026-08-05 17:01:54,408 | INFO | Рейтинг: 4.6 Отзывы: 31
2026-08-05 17:01:54,408 | INFO | Прошлая цена: 204.0
2026-08-05 17:01:54,425 | INFO | ОБНАРУЖЕНО ПАДЕНИЕ ЦЕНЫ!
2026-08-05 17:01:54,426 | INFO | Товар: Гель для бровей фиксирующий стойкий мыло воск прозрачный
2026-08-05 17:01:54,426 | INFO | Старая цена: 773.0
2026-08-05 17:01:54,427 | INFO | Новая цена: 613.0
2026-08-05 17:01:54,427 | INFO | Chat ID: 1084489750 |
2026-08-05 17:01:54,429 | INFO | Уведомление уже отправлялось: False
2026-08-05 17:01:54,429 | INFO | Отправляем Telegram-уведомление...
2026-08-05 17:01:55,645 | INFO | Telegram-уведомление отправлено!
2026-08-05 17:01:55,655 | INFO | Уведомление сохранено в БД
2026-08-05 17:01:55,671 | INFO | Найдена скидка
2026-08-05 17:01:55,672 | INFO | Товар: Гель для бровей фиксирующий стойкий мыло воск прозрачный
2026-08-05 17:01:55,674 | INFO | Бренд: TopFace
2026-08-05 17:01:55,675 | INFO | Цена: 613.0 руб. (было 1387.0 руб.)
2026-08-05 17:01:55,676 | INFO | Скидка: 56%
2026-08-05 17:01:55,677 | INFO | Рейтинг: 4.8 Отзывы: 19096
2026-08-05 17:01:55,678 | INFO | Прошлая цена: 773.0
2026-08-05 17:01:55,716 | INFO | Найдена скидка
2026-08-05 17:01:55,717 | INFO | Товар: Тушь для бровей
2026-08-05 17:01:55,719 | INFO | Бренд: CC Brow
2026-08-05 17:01:55,720 | INFO | Цена: 791.0 руб. (было 3430.0 руб.)
2026-08-05 17:01:55,721 | INFO | Скидка: 77%
2026-08-05 17:01:55,722 | INFO | Рейтинг: 4.9 Отзывы: 5308
2026-08-05 17:01:55,767 | INFO | Найдена скидка
2026-08-05 17:01:55,770 | INFO | Товар: Гель для бровей Fixateur эффект ламинирования 6 мл
2026-08-05 17:01:55,771 | INFO | Бренд: VIVIENNE SABO
2026-08-05 17:01:55,773 | INFO | Цена: 220.0 руб. (было 367.0 руб.)
2026-08-05 17:01:55,774 | INFO | Скидка: 40%
2026-08-05 17:01:55,775 | INFO | Рейтинг: 4.8 Отзывы: 6908
2026-08-05 17:01:55,776 | INFO | Прошлая цена: 220.0
2026-08-05 17:01:55,815 | INFO | Найдена скидка
2026-08-05 17:01:55,817 | INFO | Товар: Тушь для бровей коричневая фиксирующая тон 02
2026-08-05 17:01:55,819 | INFO | Бренд: RELOUIS
2026-08-05 17:01:55,820 | INFO | Цена: 389.0 руб. (было 802.0 руб.)
2026-08-05 17:01:55,821 | INFO | Скидка: 51%
2026-08-05 17:01:55,822 | INFO | Рейтинг: 4.9 Отзывы: 6749
2026-08-05 17:01:55,824 | INFO | Прошлая цена: 379.0
2026-08-05 17:01:55,873 | INFO | Найдена скидка
2026-08-05 17:01:55,874 | INFO | Товар: Гель для бровей фиксирующий ONLY BROW прозрачный
2026-08-05 17:01:55,875 | INFO | Бренд: ESTEL
2026-08-05 17:01:55,876 | INFO | Цена: 428.0 руб. (было 623.0 руб.)
2026-08-05 17:01:55,877 | INFO | Скидка: 31%
2026-08-05 17:01:55,878 | INFO | Рейтинг: 4.8 Отзывы: 29
2026-08-05 17:01:55,918 | INFO | Найдена скидка
2026-08-05 17:01:55,919 | INFO | Товар: Гель для укладки бровей с эффектом ламинирования, 5 мл
2026-08-05 17:01:55,921 | INFO | Бренд: L’oco
2026-08-05 17:01:55,921 | INFO | Цена: 615.0 руб. (было 901.0 руб.)
2026-08-05 17:01:55,923 | INFO | Скидка: 32%
2026-08-05 17:01:55,924 | INFO | Рейтинг: 4.9 Отзывы: 20
2026-08-05 17:01:55,961 | INFO | Найдена скидка
2026-08-05 17:01:55,962 | INFO | Товар: Гель для бровей YARA
2026-08-05 17:01:55,962 | INFO | Бренд: 
2026-08-05 17:01:55,963 | INFO | Цена: 257.0 руб. (было 990.0 руб.)
2026-08-05 17:01:55,964 | INFO | Скидка: 74%
2026-08-05 17:01:55,965 | INFO | Рейтинг: 4.6 Отзывы: 320
2026-08-05 17:01:55,967 | INFO | Прошлая цена: 257.0
2026-08-05 17:01:56,005 | INFO | Найдена скидка
2026-08-05 17:01:56,007 | INFO | Товар: Гель для бровей оттеночный PR0 Waterproof Тон 04
2026-08-05 17:01:56,008 | INFO | Бренд: RELOUIS
2026-08-05 17:01:56,008 | INFO | Цена: 436.0 руб. (было 624.0 руб.)
2026-08-05 17:01:56,009 | INFO | Скидка: 30%
2026-08-05 17:01:56,010 | INFO | Рейтинг: 5 Отзывы: 11
2026-08-05 17:01:56,045 | INFO | Найдена скидка
2026-08-05 17:01:56,046 | INFO | Товар: Гель для бровей водостойкий Waterproof Color Brow Gel тон 02
2026-08-05 17:01:56,046 | INFO | Бренд: RELOUIS
2026-08-05 17:01:56,047 | INFO | Цена: 392.0 руб. (было 800.0 руб.)
2026-08-05 17:01:56,048 | INFO | Скидка: 51%
2026-08-05 17:01:56,050 | INFO | Рейтинг: 4.7 Отзывы: 13
2026-08-05 17:01:56,076 | INFO | Найдена скидка
2026-08-05 17:01:56,077 | INFO | Товар: Гель для бровей ламинатор Brow Laminator Extreme Fix
2026-08-05 17:01:56,078 | INFO | Бренд: LUXVISAGE
2026-08-05 17:01:56,078 | INFO | Цена: 436.0 руб. (было 1433.0 руб.)
2026-08-05 17:01:56,079 | INFO | Скидка: 70%
2026-08-05 17:01:56,080 | INFO | Рейтинг: 4.9 Отзывы: 11229
2026-08-05 17:01:56,081 | INFO | Прошлая цена: 379.0
2026-08-05 17:01:56,114 | INFO | Найдена скидка
2026-08-05 17:01:56,114 | INFO | Товар: Гель для бровей водостойкий оттеночный тон 2 тауп
2026-08-05 17:01:56,115 | INFO | Бренд: RELOUIS
2026-08-05 17:01:56,116 | INFO | Цена: 409.0 руб. (было 585.0 руб.)
2026-08-05 17:01:56,117 | INFO | Скидка: 30%
2026-08-05 17:01:56,118 | INFO | Рейтинг: 4.8 Отзывы: 41
2026-08-05 17:01:56,119 | INFO | Прошлая цена: 394.0
2026-08-05 17:01:56,142 | INFO | Найдена скидка
2026-08-05 17:01:56,143 | INFO | Товар: Гель воск для бровей фиксирующий прозрачный стойкий
2026-08-05 17:01:56,144 | INFO | Бренд: 
2026-08-05 17:01:56,145 | INFO | Цена: 382.0 руб. (было 1000.0 руб.)
2026-08-05 17:01:56,145 | INFO | Скидка: 62%
2026-08-05 17:01:56,146 | INFO | Рейтинг: 4.6 Отзывы: 732
2026-08-05 17:01:56,190 | INFO | Найдена скидка
2026-08-05 17:01:56,191 | INFO | Товар: Гель для бровей водостойкий оттеночный тон 3 Brown
2026-08-05 17:01:56,192 | INFO | Бренд: RELOUIS
2026-08-05 17:01:56,193 | INFO | Цена: 409.0 руб. (было 585.0 руб.)
2026-08-05 17:01:56,194 | INFO | Скидка: 30%
2026-08-05 17:01:56,195 | INFO | Рейтинг: 5 Отзывы: 20
2026-08-05 17:01:56,196 | INFO | Прошлая цена: 436.0
2026-08-05 17:01:56,239 | INFO | Найдена скидка
2026-08-05 17:01:56,240 | INFO | Товар: Тинт гель для бровей Grafix тон 2
2026-08-05 17:01:56,241 | INFO | Бренд: BELOR DESIGN
2026-08-05 17:01:56,242 | INFO | Цена: 229.0 руб. (было 917.0 руб.)
2026-08-05 17:01:56,243 | INFO | Скидка: 75%
2026-08-05 17:01:56,244 | INFO | Рейтинг: 4.8 Отзывы: 35
2026-08-05 17:01:56,282 | INFO | Найдена скидка
2026-08-05 17:01:56,284 | INFO | Товар: Тушь для бровей коричневая фиксирующая тон 05
2026-08-05 17:01:56,286 | INFO | Бренд: RELOUIS
2026-08-05 17:01:56,287 | INFO | Цена: 389.0 руб. (было 802.0 руб.)
2026-08-05 17:01:56,288 | INFO | Скидка: 51%
2026-08-05 17:01:56,289 | INFO | Рейтинг: 4.9 Отзывы: 500
2026-08-05 17:01:56,290 | INFO | Прошлая цена: 379.0
2026-08-05 17:01:56,326 | INFO | Найдена скидка
2026-08-05 17:01:56,327 | INFO | Товар: Гель для бровей BROW LOCK сильной фиксации
2026-08-05 17:01:56,328 | INFO | Бренд: Parisa
2026-08-05 17:01:56,329 | INFO | Цена: 329.0 руб. (было 700.0 руб.)
2026-08-05 17:01:56,330 | INFO | Скидка: 53%
2026-08-05 17:01:56,333 | INFO | Рейтинг: 4.4 Отзывы: 402
2026-08-05 17:01:56,337 | INFO | Прошлая цена: 329.0
2026-08-05 17:01:56,377 | INFO | Найдена скидка
2026-08-05 17:01:56,378 | INFO | Товар: Гель для бровей водостойкий оттеночный
2026-08-05 17:01:56,379 | INFO | Бренд: RELOUIS
2026-08-05 17:01:56,380 | INFO | Цена: 397.0 руб. (было 622.0 руб.)
2026-08-05 17:01:56,381 | INFO | Скидка: 36%
2026-08-05 17:01:56,382 | INFO | Рейтинг: 4.9 Отзывы: 396
2026-08-05 17:01:56,423 | INFO | Найдена скидка
2026-08-05 17:01:56,424 | INFO | Товар: Гель тушь для бровей коричневый фиксирующий водостойкий, №01
2026-08-05 17:01:56,425 | INFO | Бренд: RELOUIS
2026-08-05 17:01:56,426 | INFO | Цена: 503.0 руб. (было 873.0 руб.)
2026-08-05 17:01:56,427 | INFO | Скидка: 42%
2026-08-05 17:01:56,428 | INFO | Рейтинг: 5 Отзывы: 18
2026-08-05 17:01:56,470 | INFO | Найдена скидка
2026-08-05 17:01:56,471 | INFO | Товар: Гель для бровей водостойкий оттеночный
2026-08-05 17:01:56,472 | INFO | Бренд: RELOUIS
2026-08-05 17:01:56,473 | INFO | Цена: 397.0 руб. (было 622.0 руб.)
2026-08-05 17:01:56,474 | INFO | Скидка: 36%
2026-08-05 17:01:56,475 | INFO | Рейтинг: 4.8 Отзывы: 265
2026-08-05 17:01:56,531 | INFO | Найдена скидка
2026-08-05 17:01:56,533 | INFO | Товар: Кремовый набор Туя для долговременной укладки
2026-08-05 17:01:56,535 | INFO | Бренд: Thuya
2026-08-05 17:01:56,537 | INFO | Цена: 7654.0 руб. (было 200900.0 руб.)
2026-08-05 17:01:56,538 | INFO | Скидка: 96%
2026-08-05 17:01:56,539 | INFO | Рейтинг: 4.9 Отзывы: 1130
2026-08-05 17:01:56,540 | INFO | Прошлая цена: 7654.0
2026-08-05 17:01:56,569 | INFO | Найдена скидка
2026-08-05 17:01:56,570 | INFO | Товар: Гель для бровей водостойкий оттеночный тон 4 Dark brown
2026-08-05 17:01:56,572 | INFO | Бренд: RELOUIS
2026-08-05 17:01:56,573 | INFO | Цена: 409.0 руб. (было 585.0 руб.)
2026-08-05 17:01:56,574 | INFO | Скидка: 30%
2026-08-05 17:01:56,575 | INFO | Рейтинг: 5 Отзывы: 31
2026-08-05 17:01:56,597 | INFO | Найдена скидка
2026-08-05 17:01:56,600 | INFO | Товар: Гель для бровей водостойкий оттеночный тон № 01 blonde
2026-08-05 17:01:56,601 | INFO | Бренд: RELOUIS
2026-08-05 17:01:56,602 | INFO | Цена: 482.0 руб. (было 964.0 руб.)
2026-08-05 17:01:56,603 | INFO | Скидка: 50%
2026-08-05 17:01:56,604 | INFO | Рейтинг: 4.9 Отзывы: 90
2026-08-05 17:01:56,626 | INFO | Найдена скидка
2026-08-05 17:01:56,627 | INFO | Товар: Гель для бровей и ресниц прозрачный
2026-08-05 17:01:56,627 | INFO | Бренд: Art-Visage
2026-08-05 17:01:56,628 | INFO | Цена: 295.0 руб. (было 470.0 руб.)
2026-08-05 17:01:56,628 | INFO | Скидка: 37%
2026-08-05 17:01:56,629 | INFO | Рейтинг: 4.8 Отзывы: 5661
2026-08-05 17:01:56,629 | INFO | Прошлая цена: 288.0
2026-08-05 17:01:56,656 | INFO | Найдена скидка
2026-08-05 17:01:56,657 | INFO | Товар: Гель для бровей фиксирующий стойкий прозрачный, 5 мл
2026-08-05 17:01:56,658 | INFO | Бренд: PUSY
2026-08-05 17:01:56,659 | INFO | Цена: 579.0 руб. (было 1585.0 руб.)
2026-08-05 17:01:56,659 | INFO | Скидка: 63%
2026-08-05 17:01:56,660 | INFO | Рейтинг: 4.8 Отзывы: 183281
2026-08-05 17:01:56,660 | INFO | Прошлая цена: 579.0
2026-08-05 17:01:57,665 | INFO | Проверяем запрос: кровавый пилинг
2026-08-05 17:01:57,668 | INFO | Открываем поиск: кровавый пилинг
2026-08-05 17:01:57,670 | INFO | Ждём ответ API...
2026-08-05 17:01:58,478 | INFO | 🔥 API пойман!Статус: 200URL: https://www.wildberries.ru/__internal/u-search/exactmatch/ru/common/v18/search?ab_testing=false&appType=1&curr=rub&dest=1259570991&hide_dtype=15&hide_vflags=4294967296&inheritFilters=true&lang=ru&locale=ru&query=%D0%BA%D1%80%D0%BE%D0%B2%D0%B0%D0%B2%D1%8B%D0%B9+%D0%BF%D0%B8%D0%BB%D0%B8%D0%BD%D0%B3&resultset=catalog&sort=popular&spp=30&suppressSpellcheck=false
2026-08-05 17:01:58,628 | INFO | JSON получен: 100 товаров
2026-08-05 17:01:58,631 | INFO | ✅ Получено товаров: 100
2026-08-05 17:01:58,633 | INFO | Найдено товаров: 100
2026-08-05 17:01:58,690 | INFO | Найдена скидка
2026-08-05 17:01:58,691 | INFO | Товар: Кровавый кислотный пилинг для лица от прыщей с Альфа и бета-…
2026-08-05 17:01:58,693 | INFO | Бренд: Алтея
2026-08-05 17:01:58,694 | INFO | Цена: 1326.0 руб. (было 2550.0 руб.)
2026-08-05 17:01:58,695 | INFO | Скидка: 48%
2026-08-05 17:01:58,697 | INFO | Рейтинг: 4.7 Отзывы: 8400
2026-08-05 17:01:58,703 | INFO | Прошлая цена: 1326.0
2026-08-05 17:01:58,737 | INFO | Найдена скидка
2026-08-05 17:01:58,738 | INFO | Товар: Кровавый кислотный пилинг для лица от прыщей с Альфа и бета-…
2026-08-05 17:01:58,739 | INFO | Бренд: QEEP
2026-08-05 17:01:58,741 | INFO | Цена: 1154.0 руб. (было 2400.0 руб.)
2026-08-05 17:01:58,742 | INFO | Скидка: 52%
2026-08-05 17:01:58,743 | INFO | Рейтинг: 4.8 Отзывы: 2204
2026-08-05 17:01:58,745 | INFO | Прошлая цена: 1154.0
2026-08-05 17:01:58,793 | INFO | Найдена скидка
2026-08-05 17:01:58,796 | INFO | Товар: Кровавый кислотный пилинг для лица от прыщей AHA BHA
2026-08-05 17:01:58,797 | INFO | Бренд: HAYATI
2026-08-05 17:01:58,807 | INFO | Цена: 350.0 руб. (было 892.0 руб.)
2026-08-05 17:01:58,808 | INFO | Скидка: 61%
2026-08-05 17:01:58,811 | INFO | Рейтинг: 4.9 Отзывы: 968
2026-08-05 17:01:58,812 | INFO | Прошлая цена: 350.0
2026-08-05 17:01:58,851 | INFO | Найдена скидка
2026-08-05 17:01:58,852 | INFO | Товар: Пилинг кровавый для лица от прыщей и пигментации, кислотный…
2026-08-05 17:01:58,853 | INFO | Бренд: 19Labonskin
2026-08-05 17:01:58,853 | INFO | Цена: 1072.0 руб. (было 3186.0 руб.)
2026-08-05 17:01:58,854 | INFO | Скидка: 66%
2026-08-05 17:01:58,854 | INFO | Рейтинг: 4.8 Отзывы: 2108
2026-08-05 17:01:58,855 | INFO | Прошлая цена: 1256.0
2026-08-05 17:01:58,881 | INFO | Найдена скидка
2026-08-05 17:01:58,883 | INFO | Товар: Кровавый кислотный пилинг для лица от прыщей АНА ВНА
2026-08-05 17:01:58,884 | INFO | Бренд: VISELLE
2026-08-05 17:01:58,885 | INFO | Цена: 952.0 руб. (было 3300.0 руб.)
2026-08-05 17:01:58,886 | INFO | Скидка: 71%
2026-08-05 17:01:58,886 | INFO | Рейтинг: 4.8 Отзывы: 16310
2026-08-05 17:01:58,887 | INFO | Прошлая цена: 952.0
2026-08-05 17:01:58,910 | INFO | Найдена скидка
2026-08-05 17:01:58,911 | INFO | Товар: Кровавый кислотный пилинг для лица от прыщей с Альфа и бета
2026-08-05 17:01:58,912 | INFO | Бренд: Pink Forever
2026-08-05 17:01:58,912 | INFO | Цена: 1052.0 руб. (было 4053.0 руб.)
2026-08-05 17:01:58,913 | INFO | Скидка: 74%
2026-08-05 17:01:58,914 | INFO | Рейтинг: 5 Отзывы: 1597
2026-08-05 17:01:58,915 | INFO | Прошлая цена: 1052.0
2026-08-05 17:01:58,937 | INFO | Найдена скидка
2026-08-05 17:01:58,938 | INFO | Товар: Кровавый кислотный пилинг для лица от прыщей и пигментации
2026-08-05 17:01:58,938 | INFO | Бренд: Pink Forever
2026-08-05 17:01:58,939 | INFO | Цена: 797.0 руб. (было 3947.0 руб.)
2026-08-05 17:01:58,939 | INFO | Скидка: 80%
2026-08-05 17:01:58,940 | INFO | Рейтинг: 4.8 Отзывы: 582
2026-08-05 17:01:58,941 | INFO | Прошлая цена: 797.0
2026-08-05 17:01:58,961 | INFO | Найдена скидка
2026-08-05 17:01:58,961 | INFO | Товар: Пилинг для лица кислотный с AHA, BHA и красным виноградом, г…
2026-08-05 17:01:58,962 | INFO | Бренд: Semily
2026-08-05 17:01:58,962 | INFO | Цена: 476.0 руб. (было 2501.0 руб.)
2026-08-05 17:01:58,963 | INFO | Скидка: 81%
2026-08-05 17:01:58,963 | INFO | Рейтинг: 5 Отзывы: 622
2026-08-05 17:01:58,965 | INFO | Прошлая цена: 476.0
2026-08-05 17:01:58,991 | INFO | Найдена скидка
2026-08-05 17:01:58,991 | INFO | Товар: Пилинг кислотный кровавый Ordinary для лица от прыщей и акне
2026-08-05 17:01:58,992 | INFO | Бренд: The ordinary
2026-08-05 17:01:58,992 | INFO | Цена: 2235.0 руб. (было 3400.0 руб.)
2026-08-05 17:01:58,992 | INFO | Скидка: 34%
2026-08-05 17:01:58,993 | INFO | Рейтинг: 4.8 Отзывы: 3158
2026-08-05 17:01:58,993 | INFO | Прошлая цена: 2235.0
2026-08-05 17:01:59,008 | INFO | ОБНАРУЖЕНО ПАДЕНИЕ ЦЕНЫ!
2026-08-05 17:01:59,009 | INFO | Товар: Пилинг для лица кислотный 30 мл
2026-08-05 17:01:59,009 | INFO | Старая цена: 994.0
2026-08-05 17:01:59,010 | INFO | Новая цена: 692.0
2026-08-05 17:01:59,010 | INFO | Chat ID: 1084489750 |
2026-08-05 17:01:59,012 | INFO | Уведомление уже отправлялось: False
2026-08-05 17:01:59,012 | INFO | Отправляем Telegram-уведомление...
2026-08-05 17:01:59,987 | INFO | Telegram-уведомление отправлено!
2026-08-05 17:01:59,994 | INFO | Уведомление сохранено в БД
2026-08-05 17:02:00,006 | INFO | Найдена скидка
2026-08-05 17:02:00,009 | INFO | Товар: Пилинг для лица кислотный 30 мл
2026-08-05 17:02:00,010 | INFO | Бренд: ART&FACT.
2026-08-05 17:02:00,010 | INFO | Цена: 692.0 руб. (было 1500.0 руб.)
2026-08-05 17:02:00,013 | INFO | Скидка: 54%
2026-08-05 17:02:00,021 | INFO | Рейтинг: 4.7 Отзывы: 18375
2026-08-05 17:02:00,024 | INFO | Прошлая цена: 994.0
2026-08-05 17:02:00,054 | INFO | Найдена скидка
2026-08-05 17:02:00,055 | INFO | Товар: Кислотный пилинг кровавый для лица 30 мл
2026-08-05 17:02:00,056 | INFO | Бренд: The ordinary
2026-08-05 17:02:00,056 | INFO | Цена: 3452.0 руб. (было 6000.0 руб.)
2026-08-05 17:02:00,058 | INFO | Скидка: 42%
2026-08-05 17:02:00,059 | INFO | Рейтинг: 4.7 Отзывы: 1169
2026-08-05 17:02:00,062 | INFO | Прошлая цена: 3452.0
2026-08-05 17:02:00,092 | INFO | Найдена скидка
2026-08-05 17:02:00,093 | INFO | Товар: Кровавый пилинг для лица от прыщей с кислотами, 30 мл
2026-08-05 17:02:00,093 | INFO | Бренд: Likato professional
2026-08-05 17:02:00,094 | INFO | Цена: 448.0 руб. (было 762.0 руб.)
2026-08-05 17:02:00,094 | INFO | Скидка: 41%
2026-08-05 17:02:00,095 | INFO | Рейтинг: 4.8 Отзывы: 1472
2026-08-05 17:02:00,096 | INFO | Прошлая цена: 448.0
2026-08-05 17:02:00,120 | INFO | Найдена скидка
2026-08-05 17:02:00,121 | INFO | Товар: Пилинг для лица кровавый мультикислотный
2026-08-05 17:02:00,122 | INFO | Бренд: SOPHIE BONTE
2026-08-05 17:02:00,122 | INFO | Цена: 1644.0 руб. (было 6670.0 руб.)
2026-08-05 17:02:00,123 | INFO | Скидка: 75%
2026-08-05 17:02:00,124 | INFO | Рейтинг: 5 Отзывы: 114
2026-08-05 17:02:00,125 | INFO | Прошлая цена: 1644.0
2026-08-05 17:02:00,149 | INFO | Найдена скидка
2026-08-05 17:02:00,150 | INFO | Товар: Пилинг для лица кровавый
2026-08-05 17:02:00,151 | INFO | Бренд: LV.COS
2026-08-05 17:02:00,152 | INFO | Цена: 1010.0 руб. (было 3500.0 руб.)
2026-08-05 17:02:00,153 | INFO | Скидка: 71%
2026-08-05 17:02:00,153 | INFO | Рейтинг: 4.9 Отзывы: 663
2026-08-05 17:02:00,154 | INFO | Прошлая цена: 1010.0
2026-08-05 17:02:00,179 | INFO | Найдена скидка
2026-08-05 17:02:00,180 | INFO | Товар: Пилинг для лица мультикислотный кровавый
2026-08-05 17:02:00,180 | INFO | Бренд: LV.COS
2026-08-05 17:02:00,185 | INFO | Цена: 1145.0 руб. (было 3969.0 руб.)
2026-08-05 17:02:00,186 | INFO | Скидка: 71%
2026-08-05 17:02:00,186 | INFO | Рейтинг: 4.9 Отзывы: 821
2026-08-05 17:02:00,187 | INFO | Прошлая цена: 1145.0
2026-08-05 17:02:00,211 | INFO | Найдена скидка
2026-08-05 17:02:00,212 | INFO | Товар: Кислотный пилинг кровавый для лица MOOYAM
2026-08-05 17:02:00,212 | INFO | Бренд: MOOYAM Cosmetics
2026-08-05 17:02:00,213 | INFO | Цена: 365.0 руб. (было 1200.0 руб.)
2026-08-05 17:02:00,214 | INFO | Скидка: 70%
2026-08-05 17:02:00,214 | INFO | Рейтинг: 4.6 Отзывы: 86
2026-08-05 17:02:00,215 | INFO | Прошлая цена: 365.0
2026-08-05 17:02:00,242 | INFO | Найдена скидка
2026-08-05 17:02:00,242 | INFO | Товар: Кровавый кислотный пилинг для лица от прыщей AHA BHA
2026-08-05 17:02:00,243 | INFO | Бренд: AYA
2026-08-05 17:02:00,244 | INFO | Цена: 400.0 руб. (было 1020.0 руб.)
2026-08-05 17:02:00,245 | INFO | Скидка: 61%
2026-08-05 17:02:00,245 | INFO | Рейтинг: 4.8 Отзывы: 5734
2026-08-05 17:02:00,246 | INFO | Прошлая цена: 400.0
2026-08-05 17:02:00,276 | INFO | Найдена скидка
2026-08-05 17:02:00,277 | INFO | Товар: Пилинг сыворотка для лица от прыщей
2026-08-05 17:02:00,278 | INFO | Бренд: Lap lav beauty
2026-08-05 17:02:00,278 | INFO | Цена: 481.0 руб. (было 1002.0 руб.)
2026-08-05 17:02:00,279 | INFO | Скидка: 52%
2026-08-05 17:02:00,279 | INFO | Рейтинг: 4.9 Отзывы: 6744
2026-08-05 17:02:00,280 | INFO | Прошлая цена: 500.0
2026-08-05 17:02:00,304 | INFO | Найдена скидка
2026-08-05 17:02:00,305 | INFO | Товар: Пилинг кислотный для лица кровавый
2026-08-05 17:02:00,306 | INFO | Бренд: IKKI
2026-08-05 17:02:00,307 | INFO | Цена: 1644.0 руб. (было 6667.0 руб.)
2026-08-05 17:02:00,307 | INFO | Скидка: 75%
2026-08-05 17:02:00,308 | INFO | Рейтинг: 5 Отзывы: 33
2026-08-05 17:02:00,309 | INFO | Прошлая цена: 1644.0
2026-08-05 17:02:00,345 | INFO | Найдена скидка
2026-08-05 17:02:00,346 | INFO | Товар: Кровавый пилинг для лица от прыщей и акне
2026-08-05 17:02:00,347 | INFO | Бренд: ARZUMIN
2026-08-05 17:02:00,353 | INFO | Цена: 561.0 руб. (было 3890.0 руб.)
2026-08-05 17:02:00,354 | INFO | Скидка: 86%
2026-08-05 17:02:00,355 | INFO | Рейтинг: 4.5 Отзывы: 19
2026-08-05 17:02:00,356 | INFO | Прошлая цена: 523.0
2026-08-05 17:02:00,381 | INFO | Найдена скидка
2026-08-05 17:02:00,384 | INFO | Товар: Пилинг кислотный для лица кровавый
2026-08-05 17:02:00,386 | INFO | Бренд: ECOHOLY
2026-08-05 17:02:00,387 | INFO | Цена: 1424.0 руб. (было 5385.0 руб.)
2026-08-05 17:02:00,388 | INFO | Скидка: 74%
2026-08-05 17:02:00,389 | INFO | Рейтинг: 5 Отзывы: 113
2026-08-05 17:02:00,390 | INFO | Прошлая цена: 1424.0
2026-08-05 17:02:00,416 | INFO | Найдена скидка
2026-08-05 17:02:00,418 | INFO | Товар: Пилинг для лица кислотный кровавый от прыщей
2026-08-05 17:02:00,419 | INFO | Бренд: Jurello
2026-08-05 17:02:00,420 | INFO | Цена: 673.0 руб. (было 1400.0 руб.)
2026-08-05 17:02:00,421 | INFO | Скидка: 52%
2026-08-05 17:02:00,422 | INFO | Рейтинг: 4.9 Отзывы: 1048
2026-08-05 17:02:00,423 | INFO | Прошлая цена: 673.0
2026-08-05 17:02:00,452 | INFO | Найдена скидка
2026-08-05 17:02:00,453 | INFO | Товар: Набор анти-акне 2в1 пенка Anti-Acne и кровавый пилинг 19Lab
2026-08-05 17:02:00,454 | INFO | Бренд: 19Labonskin
2026-08-05 17:02:00,455 | INFO | Цена: 1772.0 руб. (было 5528.0 руб.)
2026-08-05 17:02:00,456 | INFO | Скидка: 68%
2026-08-05 17:02:00,457 | INFO | Рейтинг: 4.9 Отзывы: 114
2026-08-05 17:02:00,459 | INFO | Прошлая цена: 1772.0
2026-08-05 17:02:00,495 | INFO | Найдена скидка
2026-08-05 17:02:00,496 | INFO | Товар: Пилинг кровавый от прыщей и пигментации для лица АНА+ВНА
2026-08-05 17:02:00,497 | INFO | Бренд: Novaline Cosmetics
2026-08-05 17:02:00,503 | INFO | Цена: 506.0 руб. (было 1315.0 руб.)
2026-08-05 17:02:00,505 | INFO | Скидка: 62%
2026-08-05 17:02:00,506 | INFO | Рейтинг: 4.9 Отзывы: 45
2026-08-05 17:02:00,507 | INFO | Прошлая цена: 506.0
2026-08-05 17:02:00,537 | INFO | Найдена скидка
2026-08-05 17:02:00,538 | INFO | Товар: Пилинг для лица кислотный кровавый AHA с гликолевой кислотой
2026-08-05 17:02:00,539 | INFO | Бренд: Doctor Face
2026-08-05 17:02:00,539 | INFO | Цена: 671.0 руб. (было 1396.0 руб.)
2026-08-05 17:02:00,540 | INFO | Скидка: 52%
2026-08-05 17:02:00,540 | INFO | Рейтинг: 4.6 Отзывы: 3840
2026-08-05 17:02:00,541 | INFO | Прошлая цена: 671.0
2026-08-05 17:02:00,570 | INFO | Найдена скидка
2026-08-05 17:02:00,571 | INFO | Товар: Кровавый пилинг для лица 30 мл
2026-08-05 17:02:00,573 | INFO | Бренд: Lpishe
2026-08-05 17:02:00,574 | INFO | Цена: 519.0 руб. (было 2000.0 руб.)
2026-08-05 17:02:00,575 | INFO | Скидка: 74%
2026-08-05 17:02:00,576 | INFO | Рейтинг: 4.8 Отзывы: 1112
2026-08-05 17:02:00,577 | INFO | Прошлая цена: 519.0
2026-08-05 17:02:00,620 | INFO | Найдена скидка
2026-08-05 17:02:00,621 | INFO | Товар: Пилинг для лица кислотный от прыщей AHA BHA PHA 100мл
2026-08-05 17:02:00,622 | INFO | Бренд: Esthetic house
2026-08-05 17:02:00,623 | INFO | Цена: 1886.0 руб. (было 7650.0 руб.)
2026-08-05 17:02:00,624 | INFO | Скидка: 75%
2026-08-05 17:02:00,625 | INFO | Рейтинг: 4.8 Отзывы: 437
2026-08-05 17:02:00,626 | INFO | Прошлая цена: 1886.0
2026-08-05 17:02:00,655 | INFO | Найдена скидка
2026-08-05 17:02:00,656 | INFO | Товар: Пилинг для лица кровавый кислотный профессиональный c 10% AH…
2026-08-05 17:02:00,656 | INFO | Бренд: MonoBeauty
2026-08-05 17:02:00,656 | INFO | Цена: 580.0 руб. (было 900.0 руб.)
2026-08-05 17:02:00,657 | INFO | Скидка: 36%
2026-08-05 17:02:00,657 | INFO | Рейтинг: 4.8 Отзывы: 2953
2026-08-05 17:02:00,657 | INFO | Прошлая цена: 580.0
2026-08-05 17:02:00,689 | INFO | Найдена скидка
2026-08-05 17:02:00,690 | INFO | Товар: Пилинг для лица кислотный от прыщей AHA BHA PHA 100мл
2026-08-05 17:02:00,691 | INFO | Бренд: Esthetic house
2026-08-05 17:02:00,692 | INFO | Цена: 1849.0 руб. (было 4500.0 руб.)
2026-08-05 17:02:00,693 | INFO | Скидка: 59%
2026-08-05 17:02:00,694 | INFO | Рейтинг: 4.9 Отзывы: 43
2026-08-05 17:02:00,694 | INFO | Прошлая цена: 1849.0
2026-08-05 17:02:00,714 | INFO | Найдена скидка
2026-08-05 17:02:00,715 | INFO | Товар: Кровавый винный пилинг для лица кислотный отшелушивающий33мл
2026-08-05 17:02:00,717 | INFO | Бренд: VIVIENNE SABO
2026-08-05 17:02:00,718 | INFO | Цена: 913.0 руб. (было 1557.0 руб.)
2026-08-05 17:02:00,719 | INFO | Скидка: 41%
2026-08-05 17:02:00,719 | INFO | Рейтинг: 5 Отзывы: 16
2026-08-05 17:02:00,720 | INFO | Прошлая цена: 793.0
2026-08-05 17:02:02,719 | INFO | Проверяем запрос: набор шампуней баба яга
2026-08-05 17:02:02,720 | INFO | Открываем поиск: набор шампуней баба яга
2026-08-05 17:02:02,721 | INFO | Ждём ответ API...
2026-08-05 17:02:03,939 | INFO | 🔥 API пойман!Статус: 200URL: https://www.wildberries.ru/__internal/u-search/exactmatch/ru/common/v18/search?ab_testing=false&appType=1&curr=rub&dest=1259570991&hide_dtype=15&hide_vflags=4294967296&inheritFilters=true&lang=ru&locale=ru&query=%D0%BD%D0%B0%D0%B1%D0%BE%D1%80+%D1%88%D0%B0%D0%BC%D0%BF%D1%83%D0%BD%D0%B5%D0%B9+%D0%B1%D0%B0%D0%B1%D0%B0+%D1%8F%D0%B3%D0%B0&resultset=catalog&sort=popular&spp=30&suppressSpellcheck=false
2026-08-05 17:02:03,984 | INFO | JSON получен: 9 товаров
2026-08-05 17:02:03,986 | INFO | ✅ Получено товаров: 9
2026-08-05 17:02:03,987 | INFO | Найдено товаров: 9
2026-08-05 17:02:06,994 | INFO | Проверяем запрос: румбокс блокнот
2026-08-05 17:02:06,995 | INFO | Открываем поиск: румбокс блокнот
2026-08-05 17:02:06,996 | INFO | Ждём ответ API...
2026-08-05 17:02:07,650 | INFO | 🔥 API пойман!Статус: 200URL: https://www.wildberries.ru/__internal/u-search/exactmatch/ru/common/v18/search?ab_testing=false&appType=1&curr=rub&dest=1259570991&hide_dtype=15&hide_vflags=4294967296&inheritFilters=true&lang=ru&locale=ru&query=%D1%80%D1%83%D0%BC%D0%B1%D0%BE%D0%BA%D1%81+%D0%B1%D0%BB%D0%BE%D0%BA%D0%BD%D0%BE%D1%82&resultset=catalog&sort=popular&spp=30&suppressSpellcheck=false
2026-08-05 17:02:07,781 | INFO | JSON получен: 100 товаров
2026-08-05 17:02:07,783 | INFO | ✅ Получено товаров: 100
2026-08-05 17:02:07,785 | INFO | Найдено товаров: 100
2026-08-05 17:02:07,836 | INFO | Найдена скидка
2026-08-05 17:02:07,837 | INFO | Товар: Румбокс наклейки блокнот
2026-08-05 17:02:07,838 | INFO | Бренд: Tinny Tots
2026-08-05 17:02:07,839 | INFO | Цена: 876.0 руб. (было 2070.0 руб.)
2026-08-05 17:02:07,840 | INFO | Скидка: 58%
2026-08-05 17:02:07,841 | INFO | Рейтинг: 4.9 Отзывы: 1956
2026-08-05 17:02:07,843 | INFO | Прошлая цена: 876.0
2026-08-05 17:02:07,886 | INFO | Найдена скидка
2026-08-05 17:02:07,887 | INFO | Товар: Румбокс наклейки блокнот для творчества, 12 сюжетов
2026-08-05 17:02:07,888 | INFO | Бренд: Labalu
2026-08-05 17:02:07,889 | INFO | Цена: 624.0 руб. (было 954.0 руб.)
2026-08-05 17:02:07,890 | INFO | Скидка: 35%
2026-08-05 17:02:07,892 | INFO | Рейтинг: 4.9 Отзывы: 25
2026-08-05 17:02:07,893 | INFO | Прошлая цена: 624.0
2026-08-05 17:02:07,926 | INFO | Найдена скидка
2026-08-05 17:02:07,927 | INFO | Товар: Блокнот румбокс с наклейками Капибара, 16 страниц
2026-08-05 17:02:07,927 | INFO | Бренд: Kari
2026-08-05 17:02:07,928 | INFO | Цена: 215.0 руб. (было 430.0 руб.)
2026-08-05 17:02:07,929 | INFO | Скидка: 50%
2026-08-05 17:02:07,930 | INFO | Рейтинг: 4.8 Отзывы: 33
2026-08-05 17:02:07,931 | INFO | Прошлая цена: 215.0
2026-08-05 17:02:07,964 | INFO | Найдена скидка
2026-08-05 17:02:07,965 | INFO | Товар: Румбокс наклейки блокнот с домиками 20 комнат Roombox
2026-08-05 17:02:07,968 | INFO | Бренд: Бу STORE
2026-08-05 17:02:07,969 | INFO | Цена: 523.0 руб. (было 1650.0 руб.)
2026-08-05 17:02:07,970 | INFO | Скидка: 68%
2026-08-05 17:02:07,971 | INFO | Рейтинг: 4.8 Отзывы: 59
2026-08-05 17:02:07,972 | INFO | Прошлая цена: 523.0
2026-08-05 17:02:08,003 | INFO | Найдена скидка
2026-08-05 17:02:08,004 | INFO | Товар: Блокнот румбокс с наклейками Капибара, 16 страниц
2026-08-05 17:02:08,005 | INFO | Бренд: Kari
2026-08-05 17:02:08,006 | INFO | Цена: 215.0 руб. (было 430.0 руб.)
2026-08-05 17:02:08,006 | INFO | Скидка: 50%
2026-08-05 17:02:08,007 | INFO | Рейтинг: 4.8 Отзывы: 46
2026-08-05 17:02:08,007 | INFO | Прошлая цена: 215.0
2026-08-05 17:02:08,031 | INFO | Найдена скидка
2026-08-05 17:02:08,033 | INFO | Товар: Румбокс наклейки для творчества антистресс XXXL
2026-08-05 17:02:08,034 | INFO | Бренд: Dinelos
2026-08-05 17:02:08,035 | INFO | Цена: 831.0 руб. (было 1880.0 руб.)
2026-08-05 17:02:08,036 | INFO | Скидка: 56%
2026-08-05 17:02:08,037 | INFO | Рейтинг: 4.9 Отзывы: 352
2026-08-05 17:02:08,037 | INFO | Прошлая цена: 831.0
2026-08-05 17:02:08,072 | INFO | Найдена скидка
2026-08-05 17:02:08,073 | INFO | Товар: Румбокс наклейки блокнот, Roombox 50 страниц
2026-08-05 17:02:08,074 | INFO | Бренд: 
2026-08-05 17:02:08,074 | INFO | Цена: 483.0 руб. (было 1893.0 руб.)
2026-08-05 17:02:08,074 | INFO | Скидка: 74%
2026-08-05 17:02:08,075 | INFO | Рейтинг: 4.9 Отзывы: 2602
2026-08-05 17:02:08,075 | INFO | Прошлая цена: 483.0
2026-08-05 17:02:08,094 | INFO | Найдена скидка
2026-08-05 17:02:08,094 | INFO | Товар: Блокнот румбокс дом из наклеек комната антистресс roombox
2026-08-05 17:02:08,095 | INFO | Бренд: Infinite Universe
2026-08-05 17:02:08,095 | INFO | Цена: 451.0 руб. (было 2000.0 руб.)
2026-08-05 17:02:08,096 | INFO | Скидка: 77%
2026-08-05 17:02:08,096 | INFO | Рейтинг: 5 Отзывы: 14
2026-08-05 17:02:08,098 | INFO | Прошлая цена: 451.0
2026-08-05 17:02:08,121 | INFO | Найдена скидка
2026-08-05 17:02:08,121 | INFO | Товар: Румбокс пазлы блокнот Roombox
2026-08-05 17:02:08,122 | INFO | Бренд: 
2026-08-05 17:02:08,122 | INFO | Цена: 500.0 руб. (было 2000.0 руб.)
2026-08-05 17:02:08,123 | INFO | Скидка: 75%
2026-08-05 17:02:08,123 | INFO | Рейтинг: 4.9 Отзывы: 41
2026-08-05 17:02:08,124 | INFO | Прошлая цена: 500.0
2026-08-05 17:02:08,143 | INFO | Найдена скидка
2026-08-05 17:02:08,144 | INFO | Товар: Румбокс блокнот с наклейками
2026-08-05 17:02:08,144 | INFO | Бренд: 
2026-08-05 17:02:08,145 | INFO | Цена: 209.0 руб. (было 510.0 руб.)
2026-08-05 17:02:08,145 | INFO | Скидка: 59%
2026-08-05 17:02:08,146 | INFO | Рейтинг: 4.6 Отзывы: 10
2026-08-05 17:02:08,167 | INFO | Найдена скидка
2026-08-05 17:02:08,168 | INFO | Товар: румбокс наклейки веселый хэллоуин
2026-08-05 17:02:08,169 | INFO | Бренд: HappyHands
2026-08-05 17:02:08,169 | INFO | Цена: 982.0 руб. (было 3191.0 руб.)
2026-08-05 17:02:08,170 | INFO | Скидка: 69%
2026-08-05 17:02:08,170 | INFO | Рейтинг: 4.7 Отзывы: 18
2026-08-05 17:02:08,171 | INFO | Прошлая цена: 982.0
2026-08-05 17:02:08,190 | INFO | Найдена скидка
2026-08-05 17:02:08,191 | INFO | Товар: Румбокс наклейки блокнот с домиками 20 комнат Roombox
2026-08-05 17:02:08,191 | INFO | Бренд: Бу STORE
2026-08-05 17:02:08,192 | INFO | Цена: 551.0 руб. (было 1790.0 руб.)
2026-08-05 17:02:08,192 | INFO | Скидка: 69%
2026-08-05 17:02:08,193 | INFO | Рейтинг: 4.9 Отзывы: 69
2026-08-05 17:02:08,193 | INFO | Прошлая цена: 499.0
2026-08-05 17:02:08,214 | INFO | Найдена скидка
2026-08-05 17:02:08,215 | INFO | Товар: Румбокс Котики блокнот с наклейками
2026-08-05 17:02:08,217 | INFO | Бренд: 
2026-08-05 17:02:08,217 | INFO | Цена: 294.0 руб. (было 600.0 руб.)
2026-08-05 17:02:08,218 | INFO | Скидка: 51%
2026-08-05 17:02:08,218 | INFO | Рейтинг: 4.9 Отзывы: 75
2026-08-05 17:02:08,219 | INFO | Прошлая цена: 294.0
2026-08-05 17:02:08,238 | INFO | Найдена скидка
2026-08-05 17:02:08,239 | INFO | Товар: блокнот с домиками
2026-08-05 17:02:08,240 | INFO | Бренд: Румбокс наклейки
2026-08-05 17:02:08,240 | INFO | Цена: 300.0 руб. (было 600.0 руб.)
2026-08-05 17:02:08,241 | INFO | Скидка: 50%
2026-08-05 17:02:08,241 | INFO | Рейтинг: 5 Отзывы: 41
2026-08-05 17:02:08,241 | INFO | Прошлая цена: 300.0
2026-08-05 17:02:08,261 | INFO | Найдена скидка
2026-08-05 17:02:08,262 | INFO | Товар: Блокнот румбокс с наклейками Капибара, 16 страниц
2026-08-05 17:02:08,264 | INFO | Бренд: Kari
2026-08-05 17:02:08,267 | INFO | Цена: 215.0 руб. (было 430.0 руб.)
2026-08-05 17:02:08,268 | INFO | Скидка: 50%
2026-08-05 17:02:08,269 | INFO | Рейтинг: 4.5 Отзывы: 45
2026-08-05 17:02:08,270 | INFO | Прошлая цена: 215.0
2026-08-05 17:02:08,302 | INFO | Найдена скидка
2026-08-05 17:02:08,303 | INFO | Товар: блокнот с домиками
2026-08-05 17:02:08,304 | INFO | Бренд: Румбокс наклейки
2026-08-05 17:02:08,305 | INFO | Цена: 300.0 руб. (было 600.0 руб.)
2026-08-05 17:02:08,308 | INFO | Скидка: 50%
2026-08-05 17:02:08,309 | INFO | Рейтинг: 4.8 Отзывы: 11
2026-08-05 17:02:08,310 | INFO | Прошлая цена: 300.0
2026-08-05 17:02:08,343 | INFO | Найдена скидка
2026-08-05 17:02:08,344 | INFO | Товар: Румбокс наклейки блокнот, Roombox 45 страниц
2026-08-05 17:02:08,345 | INFO | Бренд: VIVACOLIBRI
2026-08-05 17:02:08,349 | INFO | Цена: 490.0 руб. (было 1560.0 руб.)
2026-08-05 17:02:08,350 | INFO | Скидка: 69%
2026-08-05 17:02:08,351 | INFO | Рейтинг: 4.9 Отзывы: 1534
2026-08-05 17:02:08,352 | INFO | Прошлая цена: 490.0
2026-08-05 17:02:08,456 | INFO | Найдена скидка
2026-08-05 17:02:08,460 | INFO | Товар: Румбокс наклейки блокнот с домиками Roombox Капибара 2 шт
2026-08-05 17:02:08,468 | INFO | Бренд: 
2026-08-05 17:02:08,470 | INFO | Цена: 500.0 руб. (было 800.0 руб.)
2026-08-05 17:02:08,471 | INFO | Скидка: 38%
2026-08-05 17:02:08,472 | INFO | Рейтинг: 4.8 Отзывы: 161
2026-08-05 17:02:08,473 | INFO | Прошлая цена: 500.0
2026-08-05 17:02:08,510 | INFO | Найдена скидка
2026-08-05 17:02:08,518 | INFO | Товар: Румбокс блокнот с наклейками
2026-08-05 17:02:08,522 | INFO | Бренд: 
2026-08-05 17:02:08,524 | INFO | Цена: 162.0 руб. (было 810.0 руб.)
2026-08-05 17:02:08,525 | INFO | Скидка: 80%
2026-08-05 17:02:08,526 | INFO | Рейтинг: 4.8 Отзывы: 347
2026-08-05 17:02:08,527 | INFO | Прошлая цена: 162.0
2026-08-05 17:02:08,558 | INFO | Найдена скидка
2026-08-05 17:02:08,559 | INFO | Товар: Набор румбокс дом из наклеек 5 шт антистресс
2026-08-05 17:02:08,560 | INFO | Бренд: 
2026-08-05 17:02:08,561 | INFO | Цена: 288.0 руб. (было 1200.0 руб.)
2026-08-05 17:02:08,563 | INFO | Скидка: 76%
2026-08-05 17:02:08,565 | INFO | Рейтинг: 4.9 Отзывы: 2199
2026-08-05 17:02:08,567 | INFO | Прошлая цена: 288.0
2026-08-05 17:02:08,595 | INFO | Найдена скидка
2026-08-05 17:02:08,596 | INFO | Товар: Румбокс наклейки блокнот, Roombox 40 страниц
2026-08-05 17:02:08,600 | INFO | Бренд: VIVACOLIBRI
2026-08-05 17:02:08,601 | INFO | Цена: 490.0 руб. (было 1560.0 руб.)
2026-08-05 17:02:08,602 | INFO | Скидка: 69%
2026-08-05 17:02:08,603 | INFO | Рейтинг: 4.9 Отзывы: 1534
2026-08-05 17:02:08,603 | INFO | Прошлая цена: 490.0
2026-08-05 17:02:08,641 | INFO | Найдена скидка
2026-08-05 17:02:08,642 | INFO | Товар: Румбокс наклейки блокнот с домиками 20 комнат Roombox
2026-08-05 17:02:08,643 | INFO | Бренд: Бу STORE
2026-08-05 17:02:08,644 | INFO | Цена: 639.0 руб. (было 1750.0 руб.)
2026-08-05 17:02:08,645 | INFO | Скидка: 63%
2026-08-05 17:02:08,648 | INFO | Рейтинг: 5 Отзывы: 22
2026-08-05 17:02:08,651 | INFO | Прошлая цена: 639.0
2026-08-05 17:02:08,684 | INFO | Найдена скидка
2026-08-05 17:02:08,686 | INFO | Товар: Румбокс наклейки блокнот с домиками
2026-08-05 17:02:08,687 | INFO | Бренд: 
2026-08-05 17:02:08,689 | INFO | Цена: 255.0 руб. (было 500.0 руб.)
2026-08-05 17:02:08,690 | INFO | Скидка: 49%
2026-08-05 17:02:08,691 | INFO | Рейтинг: 4.8 Отзывы: 32
2026-08-05 17:02:08,691 | INFO | Прошлая цена: 255.0
2026-08-05 17:02:08,722 | INFO | Найдена скидка
2026-08-05 17:02:08,724 | INFO | Товар: Румбокс K-POP наклейки блокнот с домиками Руми
2026-08-05 17:02:08,725 | INFO | Бренд: 
2026-08-05 17:02:08,725 | INFO | Цена: 288.0 руб. (было 599.0 руб.)
2026-08-05 17:02:08,726 | INFO | Скидка: 52%
2026-08-05 17:02:08,726 | INFO | Рейтинг: 5 Отзывы: 28
2026-08-05 17:02:08,727 | INFO | Прошлая цена: 288.0
2026-08-05 17:02:08,753 | INFO | Найдена скидка
2026-08-05 17:02:08,754 | INFO | Товар: Румбокс блокнот с наклейками 8 комнат Зверополис
2026-08-05 17:02:08,755 | INFO | Бренд: 
2026-08-05 17:02:08,756 | INFO | Цена: 376.0 руб. (было 1199.0 руб.)
2026-08-05 17:02:08,756 | INFO | Скидка: 69%
2026-08-05 17:02:08,757 | INFO | Рейтинг: 4.9 Отзывы: 14
2026-08-05 17:02:08,757 | INFO | Прошлая цена: 376.0
2026-08-05 17:02:08,793 | INFO | Найдена скидка
2026-08-05 17:02:08,793 | INFO | Товар: Румбокс наклейки капибара блокнот с домиками 2шт 16 комнат
2026-08-05 17:02:08,794 | INFO | Бренд: 
2026-08-05 17:02:08,795 | INFO | Цена: 516.0 руб. (было 1789.0 руб.)
2026-08-05 17:02:08,796 | INFO | Скидка: 71%
2026-08-05 17:02:08,801 | INFO | Рейтинг: 4.5 Отзывы: 53
2026-08-05 17:02:08,802 | INFO | Прошлая цена: 516.0
2026-08-05 17:02:08,826 | INFO | Найдена скидка
2026-08-05 17:02:08,827 | INFO | Товар: Румбокс наклейки блокнот с домиками Roombox
2026-08-05 17:02:08,828 | INFO | Бренд: Kanzio
2026-08-05 17:02:08,828 | INFO | Цена: 484.0 руб. (было 1008.0 руб.)
2026-08-05 17:02:08,829 | INFO | Скидка: 52%
2026-08-05 17:02:08,832 | INFO | Рейтинг: 4.9 Отзывы: 870
2026-08-05 17:02:08,835 | INFO | Прошлая цена: 484.0
2026-08-05 17:02:08,858 | INFO | Найдена скидка
2026-08-05 17:02:08,859 | INFO | Товар: Румбокс Котики блокнот с наклейками
2026-08-05 17:02:08,859 | INFO | Бренд: 
2026-08-05 17:02:08,860 | INFO | Цена: 294.0 руб. (было 600.0 руб.)
2026-08-05 17:02:08,860 | INFO | Скидка: 51%
2026-08-05 17:02:08,861 | INFO | Рейтинг: 4.9 Отзывы: 19
2026-08-05 17:02:08,861 | INFO | Прошлая цена: 294.0
2026-08-05 17:02:08,892 | INFO | Найдена скидка
2026-08-05 17:02:08,893 | INFO | Товар: Румбокс блокнот с наклейками животные 20 комнат
2026-08-05 17:02:08,893 | INFO | Бренд: 
2026-08-05 17:02:08,894 | INFO | Цена: 441.0 руб. (было 1500.0 руб.)
2026-08-05 17:02:08,894 | INFO | Скидка: 71%
2026-08-05 17:02:08,895 | INFO | Рейтинг: 4.6 Отзывы: 13
2026-08-05 17:02:08,896 | INFO | Прошлая цена: 441.0
2026-08-05 17:02:08,926 | INFO | Найдена скидка
2026-08-05 17:02:08,927 | INFO | Товар: Румбокс наклейки блокнот хантрикс
2026-08-05 17:02:08,928 | INFO | Бренд: 
2026-08-05 17:02:08,929 | INFO | Цена: 294.0 руб. (было 600.0 руб.)
2026-08-05 17:02:08,930 | INFO | Скидка: 51%
2026-08-05 17:02:08,935 | INFO | Рейтинг: 4.9 Отзывы: 12
2026-08-05 17:02:08,937 | INFO | Прошлая цена: 294.0
2026-08-05 17:02:08,962 | INFO | Найдена скидка
2026-08-05 17:02:08,963 | INFO | Товар: Румбокс наклейки блокнот антистресс 2 шт
2026-08-05 17:02:08,966 | INFO | Бренд: 
2026-08-05 17:02:08,968 | INFO | Цена: 358.0 руб. (было 850.0 руб.)
2026-08-05 17:02:08,969 | INFO | Скидка: 58%
2026-08-05 17:02:08,970 | INFO | Рейтинг: 4.9 Отзывы: 73
2026-08-05 17:02:08,970 | INFO | Прошлая цена: 358.0
2026-08-05 17:02:08,994 | INFO | Найдена скидка
2026-08-05 17:02:08,995 | INFO | Товар: Румбокс блокнот с наклейками
2026-08-05 17:02:08,996 | INFO | Бренд: черное и белое
2026-08-05 17:02:08,997 | INFO | Цена: 557.0 руб. (было 2000.0 руб.)
2026-08-05 17:02:08,998 | INFO | Скидка: 72%
2026-08-05 17:02:08,999 | INFO | Рейтинг: 4.9 Отзывы: 11
2026-08-05 17:02:09,036 | INFO | Найдена скидка
2026-08-05 17:02:09,039 | INFO | Товар: Румбокс блокнот с наклейками
2026-08-05 17:02:09,053 | INFO | Бренд: 
2026-08-05 17:02:09,055 | INFO | Цена: 176.0 руб. (было 800.0 руб.)
2026-08-05 17:02:09,056 | INFO | Скидка: 78%
2026-08-05 17:02:09,058 | INFO | Рейтинг: 4.9 Отзывы: 321
2026-08-05 17:02:09,059 | INFO | Прошлая цена: 176.0
2026-08-05 17:02:09,092 | INFO | Найдена скидка
2026-08-05 17:02:09,094 | INFO | Товар: Наклейки детские для творчества румбокс блокнот с домиками
2026-08-05 17:02:09,094 | INFO | Бренд: 
2026-08-05 17:02:09,095 | INFO | Цена: 348.0 руб. (было 1200.0 руб.)
2026-08-05 17:02:09,097 | INFO | Скидка: 71%
2026-08-05 17:02:09,098 | INFO | Рейтинг: 4.9 Отзывы: 693
2026-08-05 17:02:09,099 | INFO | Прошлая цена: 348.0
2026-08-05 17:02:09,129 | INFO | Найдена скидка
2026-08-05 17:02:09,132 | INFO | Товар: с домиками 1 шт 20 комнат
2026-08-05 17:02:09,133 | INFO | Бренд: Румбокс наклейки блокнот
2026-08-05 17:02:09,135 | INFO | Цена: 382.0 руб. (было 2600.0 руб.)
2026-08-05 17:02:09,136 | INFO | Скидка: 85%
2026-08-05 17:02:09,138 | INFO | Рейтинг: 4.6 Отзывы: 63
2026-08-05 17:02:09,139 | INFO | Прошлая цена: 382.0
2026-08-05 17:02:09,171 | INFO | Найдена скидка
2026-08-05 17:02:09,173 | INFO | Товар: Румбокс блокнот с наклейками
2026-08-05 17:02:09,175 | INFO | Бренд: 
2026-08-05 17:02:09,177 | INFO | Цена: 224.0 руб. (было 1070.0 руб.)
2026-08-05 17:02:09,179 | INFO | Скидка: 79%
2026-08-05 17:02:09,186 | INFO | Рейтинг: 4.7 Отзывы: 374
2026-08-05 17:02:09,189 | INFO | Прошлая цена: 224.0
2026-08-05 17:02:09,221 | INFO | Найдена скидка
2026-08-05 17:02:09,222 | INFO | Товар: Наклейки для творчества румбокс антистресс
2026-08-05 17:02:09,223 | INFO | Бренд: DIMIANI
2026-08-05 17:02:09,224 | INFO | Цена: 455.0 руб. (было 1599.0 руб.)
2026-08-05 17:02:09,225 | INFO | Скидка: 72%
2026-08-05 17:02:09,227 | INFO | Рейтинг: 5 Отзывы: 79
2026-08-05 17:02:09,228 | INFO | Прошлая цена: 392.0
2026-08-05 17:02:09,259 | INFO | Найдена скидка
2026-08-05 17:02:09,260 | INFO | Товар: румбокс набор блокнот наклеек
2026-08-05 17:02:09,261 | INFO | Бренд: HappyHands
2026-08-05 17:02:09,262 | INFO | Цена: 1649.0 руб. (было 3528.0 руб.)
2026-08-05 17:02:09,267 | INFO | Скидка: 53%
2026-08-05 17:02:09,268 | INFO | Рейтинг: 4.9 Отзывы: 15
2026-08-05 17:02:09,295 | INFO | Найдена скидка
2026-08-05 17:02:09,296 | INFO | Товар: Блокнот румбокс наклейки детские "Лило и Стич"
2026-08-05 17:02:09,298 | INFO | Бренд: 
2026-08-05 17:02:09,301 | INFO | Цена: 309.0 руб. (было 450.0 руб.)
2026-08-05 17:02:09,302 | INFO | Скидка: 31%
2026-08-05 17:02:09,303 | INFO | Рейтинг: 4.5 Отзывы: 31
2026-08-05 17:02:09,305 | INFO | Прошлая цена: 309.0
2026-08-05 17:02:09,338 | INFO | Найдена скидка
2026-08-05 17:02:09,339 | INFO | Товар: Блокнот с наклейками румбокс
2026-08-05 17:02:09,339 | INFO | Бренд: капибара
2026-08-05 17:02:09,340 | INFO | Цена: 382.0 руб. (было 999.0 руб.)
2026-08-05 17:02:09,340 | INFO | Скидка: 62%
2026-08-05 17:02:09,341 | INFO | Рейтинг: 4.9 Отзывы: 13
2026-08-05 17:02:09,370 | INFO | Найдена скидка
2026-08-05 17:02:09,371 | INFO | Товар: Румбокс наклейки блокнот для творчества
2026-08-05 17:02:09,373 | INFO | Бренд: FAROhome
2026-08-05 17:02:09,373 | INFO | Цена: 421.0 руб. (было 3299.0 руб.)
2026-08-05 17:02:09,374 | INFO | Скидка: 87%
2026-08-05 17:02:09,378 | INFO | Рейтинг: 4.9 Отзывы: 204
2026-08-05 17:02:09,379 | INFO | Прошлая цена: 421.0
2026-08-05 17:02:09,408 | INFO | Найдена скидка
2026-08-05 17:02:09,409 | INFO | Товар: Румбокс наклейки блокнот с домиками Roombox 4 шт
2026-08-05 17:02:09,410 | INFO | Бренд: 
2026-08-05 17:02:09,410 | INFO | Цена: 923.0 руб. (было 1600.0 руб.)
2026-08-05 17:02:09,411 | INFO | Скидка: 42%
2026-08-05 17:02:09,412 | INFO | Рейтинг: 5 Отзывы: 12
2026-08-05 17:02:09,413 | INFO | Прошлая цена: 923.0
2026-08-05 17:02:10,425 | INFO | Проверяем запрос: румбокс в банке
2026-08-05 17:02:10,426 | INFO | Открываем поиск: румбокс в банке
2026-08-05 17:02:10,427 | INFO | Ждём ответ API...
2026-08-05 17:02:11,306 | INFO | 🔥 API пойман!Статус: 200URL: https://www.wildberries.ru/__internal/u-search/exactmatch/ru/common/v18/search?ab_testing=false&appType=1&curr=rub&dest=1259570991&hide_dtype=15&hide_vflags=4294967296&inheritFilters=true&lang=ru&locale=ru&query=%D1%80%D1%83%D0%BC%D0%B1%D0%BE%D0%BA%D1%81+%D0%B2+%D0%B1%D0%B0%D0%BD%D0%BA%D0%B5&resultset=catalog&sort=popular&spp=30&suppressSpellcheck=false
2026-08-05 17:02:11,411 | INFO | JSON получен: 100 товаров
2026-08-05 17:02:11,412 | INFO | ✅ Получено товаров: 100
2026-08-05 17:02:11,413 | INFO | Найдено товаров: 100
2026-08-05 17:02:11,436 | INFO | Найдена скидка
2026-08-05 17:02:11,437 | INFO | Товар: Румбокс конструктор Шоколад Генри Henry's Chocolate
2026-08-05 17:02:11,437 | INFO | Бренд: Robotime Russia
2026-08-05 17:02:11,438 | INFO | Цена: 3821.0 руб. (было 10332.0 руб.)
2026-08-05 17:02:11,438 | INFO | Скидка: 63%
2026-08-05 17:02:11,439 | INFO | Рейтинг: 4.8 Отзывы: 64
2026-08-05 17:02:11,439 | INFO | Прошлая цена: 3821.0
2026-08-05 17:02:11,461 | INFO | Найдена скидка
2026-08-05 17:02:11,462 | INFO | Товар: Румбокс интерьерный конструктор Разговор о сладком десерте
2026-08-05 17:02:11,462 | INFO | Бренд: Robotime Russia
2026-08-05 17:02:11,464 | INFO | Цена: 3821.0 руб. (было 10812.0 руб.)
2026-08-05 17:02:11,467 | INFO | Скидка: 65%
2026-08-05 17:02:11,468 | INFO | Рейтинг: 4.8 Отзывы: 64
2026-08-05 17:02:11,469 | INFO | Прошлая цена: 3821.0
2026-08-05 17:02:11,489 | INFO | Найдена скидка
2026-08-05 17:02:11,489 | INFO | Товар: Наклейки акулы на телефон и карту, скрапбукинг, румбокс
2026-08-05 17:02:11,490 | INFO | Бренд: Милые подарки
2026-08-05 17:02:11,490 | INFO | Цена: 133.0 руб. (было 704.0 руб.)
2026-08-05 17:02:11,490 | INFO | Скидка: 81%
2026-08-05 17:02:11,491 | INFO | Рейтинг: 4.9 Отзывы: 567
2026-08-05 17:02:11,491 | INFO | Прошлая цена: 133.0
2026-08-05 17:02:11,512 | INFO | Найдена скидка
2026-08-05 17:02:11,513 | INFO | Товар: Румбокс интерьерный конструктор Чайная комната для отдыха
2026-08-05 17:02:11,514 | INFO | Бренд: Robotime Russia
2026-08-05 17:02:11,515 | INFO | Цена: 3824.0 руб. (было 10457.0 руб.)
2026-08-05 17:02:11,516 | INFO | Скидка: 63%
2026-08-05 17:02:11,517 | INFO | Рейтинг: 4.8 Отзывы: 64
2026-08-05 17:02:11,518 | INFO | Прошлая цена: 3824.0
2026-08-05 17:02:11,538 | INFO | Найдена скидка
2026-08-05 17:02:11,539 | INFO | Товар: Наклейки на телефон и карту, для скрапбукинга и румбокса
2026-08-05 17:02:11,539 | INFO | Бренд: Милые подарки
2026-08-05 17:02:11,540 | INFO | Цена: 104.0 руб. (было 697.0 руб.)
2026-08-05 17:02:11,540 | INFO | Скидка: 85%
2026-08-05 17:02:11,540 | INFO | Рейтинг: 4.7 Отзывы: 143
2026-08-05 17:02:11,541 | INFO | Прошлая цена: 104.0
2026-08-05 17:02:11,560 | INFO | Найдена скидка
2026-08-05 17:02:11,561 | INFO | Товар: Румбокс с подсветкой Бабушкин сад
2026-08-05 17:02:11,561 | INFO | Бренд: 
2026-08-05 17:02:11,562 | INFO | Цена: 1807.0 руб. (было 3999.0 руб.)
2026-08-05 17:02:11,562 | INFO | Скидка: 55%
2026-08-05 17:02:11,563 | INFO | Рейтинг: 4.9 Отзывы: 935
2026-08-05 17:02:11,564 | INFO | Прошлая цена: 1807.0
2026-08-05 17:02:11,592 | INFO | Найдена скидка
2026-08-05 17:02:11,592 | INFO | Товар: Миниатюра закатка миниатюра банки с вареньем
2026-08-05 17:02:11,593 | INFO | Бренд: MAXI DEKOR
2026-08-05 17:02:11,593 | INFO | Цена: 373.0 руб. (было 1000.0 руб.)
2026-08-05 17:02:11,594 | INFO | Скидка: 63%
2026-08-05 17:02:11,594 | INFO | Рейтинг: 5 Отзывы: 52
2026-08-05 17:02:11,594 | INFO | Прошлая цена: 373.0
2026-08-05 17:02:11,615 | INFO | Найдена скидка
2026-08-05 17:02:11,616 | INFO | Товар: Миниатюра варенье для поделок
2026-08-05 17:02:11,617 | INFO | Бренд: INFINITY DECOR
2026-08-05 17:02:11,618 | INFO | Цена: 373.0 руб. (было 1000.0 руб.)
2026-08-05 17:02:11,619 | INFO | Скидка: 63%
2026-08-05 17:02:11,619 | INFO | Рейтинг: 4.9 Отзывы: 35
2026-08-05 17:02:11,619 | INFO | Прошлая цена: 373.0
2026-08-05 17:02:11,641 | INFO | Найдена скидка
2026-08-05 17:02:11,641 | INFO | Товар: Набор миниатюрной мебели
2026-08-05 17:02:11,642 | INFO | Бренд: LogiLav
2026-08-05 17:02:11,642 | INFO | Цена: 498.0 руб. (было 3700.0 руб.)
2026-08-05 17:02:11,642 | INFO | Скидка: 87%
2026-08-05 17:02:11,643 | INFO | Рейтинг: 4.9 Отзывы: 13
2026-08-05 17:02:11,643 | INFO | Прошлая цена: 498.0
2026-08-05 17:02:11,662 | INFO | Найдена скидка
2026-08-05 17:02:11,663 | INFO | Товар: Набор миниатюрной мебели
2026-08-05 17:02:11,664 | INFO | Бренд: LogiLav
2026-08-05 17:02:11,665 | INFO | Цена: 525.0 руб. (было 4200.0 руб.)
2026-08-05 17:02:11,667 | INFO | Скидка: 88%
2026-08-05 17:02:11,668 | INFO | Рейтинг: 4.9 Отзывы: 13
2026-08-05 17:02:11,669 | INFO | Прошлая цена: 525.0
2026-08-05 17:02:14,684 | INFO | Проверяем запрос: тинт для губ
2026-08-05 17:02:14,685 | INFO | Открываем поиск: тинт для губ
2026-08-05 17:02:14,686 | INFO | Ждём ответ API...
2026-08-05 17:02:15,753 | INFO | 🔥 API пойман!Статус: 200URL: https://www.wildberries.ru/__internal/u-search/exactmatch/ru/common/v18/search?ab_testing=false&appType=1&curr=rub&dest=1259570991&hide_dtype=15&hide_vflags=4294967296&inheritFilters=true&lang=ru&locale=ru&query=%D1%82%D0%B8%D0%BD%D1%82+%D0%B4%D0%BB%D1%8F+%D0%B3%D1%83%D0%B1&resultset=catalog&sort=popular&spp=30&suppressSpellcheck=false
2026-08-05 17:02:15,847 | INFO | JSON получен: 100 товаров
2026-08-05 17:02:15,849 | INFO | ✅ Получено товаров: 100
2026-08-05 17:02:15,850 | INFO | Найдено товаров: 100
2026-08-05 17:02:15,883 | INFO | Найдена скидка
2026-08-05 17:02:15,884 | INFO | Товар: Матовый тинт для губ розовый Santorini
2026-08-05 17:02:15,884 | INFO | Бренд: CLIMTCOSMETICS
2026-08-05 17:02:15,885 | INFO | Цена: 615.0 руб. (было 1390.0 руб.)
2026-08-05 17:02:15,885 | INFO | Скидка: 56%
2026-08-05 17:02:15,886 | INFO | Рейтинг: 4.7 Отзывы: 15504
2026-08-05 17:02:15,886 | INFO | Прошлая цена: 615.0
2026-08-05 17:02:15,912 | INFO | Найдена скидка
2026-08-05 17:02:15,913 | INFO | Товар: Тинт масло для губ 2 в 1
2026-08-05 17:02:15,915 | INFO | Бренд: tellmi
2026-08-05 17:02:15,916 | INFO | Цена: 1943.0 руб. (было 3637.0 руб.)
2026-08-05 17:02:15,917 | INFO | Скидка: 47%
2026-08-05 17:02:15,918 | INFO | Рейтинг: 4.3 Отзывы: 750
2026-08-05 17:02:15,919 | INFO | Прошлая цена: 1943.0
2026-08-05 17:02:15,943 | INFO | Найдена скидка
2026-08-05 17:02:15,944 | INFO | Товар: Тинт для губ матовый и стойкий Miami
2026-08-05 17:02:15,945 | INFO | Бренд: CLIMTCOSMETICS
2026-08-05 17:02:15,946 | INFO | Цена: 615.0 руб. (было 1390.0 руб.)
2026-08-05 17:02:15,947 | INFO | Скидка: 56%
2026-08-05 17:02:15,948 | INFO | Рейтинг: 4.7 Отзывы: 15504
2026-08-05 17:02:15,949 | INFO | Прошлая цена: 615.0
2026-08-05 17:02:15,973 | INFO | Найдена скидка
2026-08-05 17:02:15,974 | INFO | Товар: Масло-тинт для губ с оттенком SWEET CORAL, 5 мл
2026-08-05 17:02:15,974 | INFO | Бренд: Cha U Kao
2026-08-05 17:02:15,974 | INFO | Цена: 711.0 руб. (было 14800.0 руб.)
2026-08-05 17:02:15,975 | INFO | Скидка: 95%
2026-08-05 17:02:15,975 | INFO | Рейтинг: 4.8 Отзывы: 4007
2026-08-05 17:02:15,976 | INFO | Прошлая цена: 711.0
2026-08-05 17:02:15,995 | INFO | Найдена скидка
2026-08-05 17:02:15,997 | INFO | Товар: Тинт для губ кремовый для румян и глаз "Pafos"
2026-08-05 17:02:16,000 | INFO | Бренд: CLIMTCOSMETICS
2026-08-05 17:02:16,001 | INFO | Цена: 615.0 руб. (было 1390.0 руб.)
2026-08-05 17:02:16,002 | INFO | Скидка: 56%
2026-08-05 17:02:16,003 | INFO | Рейтинг: 4.7 Отзывы: 15504
2026-08-05 17:02:16,003 | INFO | Прошлая цена: 615.0
2026-08-05 17:02:16,023 | INFO | Найдена скидка
2026-08-05 17:02:16,024 | INFO | Товар: Тинт для губ матовый оттеночный пыльная роза тон COCOA
2026-08-05 17:02:16,025 | INFO | Бренд: OK Beauty
2026-08-05 17:02:16,025 | INFO | Цена: 607.0 руб. (было 1469.0 руб.)
2026-08-05 17:02:16,025 | INFO | Скидка: 59%
2026-08-05 17:02:16,026 | INFO | Рейтинг: 4.7 Отзывы: 18359
2026-08-05 17:02:16,026 | INFO | Прошлая цена: 607.0
2026-08-05 17:02:16,052 | INFO | Найдена скидка
2026-08-05 17:02:16,053 | INFO | Товар: Тинт для губ глянцевый оттенок #03
2026-08-05 17:02:16,053 | INFO | Бренд: IMBA KANA
2026-08-05 17:02:16,054 | INFO | Цена: 309.0 руб. (было 500.0 руб.)
2026-08-05 17:02:16,054 | INFO | Скидка: 38%
2026-08-05 17:02:16,055 | INFO | Рейтинг: 4.7 Отзывы: 430
2026-08-05 17:02:16,056 | INFO | Прошлая цена: 309.0
2026-08-05 17:02:16,080 | INFO | Найдена скидка
2026-08-05 17:02:16,082 | INFO | Товар: Тинт для губ -матовый
2026-08-05 17:02:16,083 | INFO | Бренд: Crazy Price
2026-08-05 17:02:16,083 | INFO | Цена: 162.0 руб. (было 626.0 руб.)
2026-08-05 17:02:16,084 | INFO | Скидка: 74%
2026-08-05 17:02:16,084 | INFO | Рейтинг: 4.6 Отзывы: 6204
2026-08-05 17:02:16,085 | INFO | Прошлая цена: 162.0
2026-08-05 17:02:16,106 | INFO | Найдена скидка
2026-08-05 17:02:16,107 | INFO | Товар: Набор блесков для губ 4шт
2026-08-05 17:02:16,107 | INFO | Бренд: Rhode
2026-08-05 17:02:16,108 | INFO | Цена: 750.0 руб. (было 15000.0 руб.)
2026-08-05 17:02:16,108 | INFO | Скидка: 95%
2026-08-05 17:02:16,109 | INFO | Рейтинг: 4.5 Отзывы: 81
2026-08-05 17:02:16,131 | INFO | Найдена скидка
2026-08-05 17:02:16,133 | INFO | Товар: Стойкий матовый гель тинт для губ LIP TINT AQUA GEL hyaluron
2026-08-05 17:02:16,135 | INFO | Бренд: LUXVISAGE
2026-08-05 17:02:16,135 | INFO | Цена: 299.0 руб. (было 440.0 руб.)
2026-08-05 17:02:16,136 | INFO | Скидка: 32%
2026-08-05 17:02:16,137 | INFO | Рейтинг: 4.8 Отзывы: 38
2026-08-05 17:02:16,137 | INFO | Прошлая цена: 299.0
2026-08-05 17:02:16,158 | INFO | Найдена скидка
2026-08-05 17:02:16,159 | INFO | Товар: Масло-тинт для губ с оттенком CRAZY ROSE, 5 мл
2026-08-05 17:02:16,160 | INFO | Бренд: Cha U Kao
2026-08-05 17:02:16,160 | INFO | Цена: 712.0 руб. (было 12350.0 руб.)
2026-08-05 17:02:16,161 | INFO | Скидка: 94%
2026-08-05 17:02:16,162 | INFO | Рейтинг: 4.8 Отзывы: 4007
2026-08-05 17:02:16,163 | INFO | Прошлая цена: 712.0
2026-08-05 17:02:16,186 | INFO | Найдена скидка
2026-08-05 17:02:16,187 | INFO | Товар: Тинт для губ матовый стойкий с шиммером не отпечатывается
2026-08-05 17:02:16,187 | INFO | Бренд: CmaaDu
2026-08-05 17:02:16,188 | INFO | Цена: 397.0 руб. (было 628.0 руб.)
2026-08-05 17:02:16,188 | INFO | Скидка: 37%
2026-08-05 17:02:16,189 | INFO | Рейтинг: 4.7 Отзывы: 21
2026-08-05 17:02:16,210 | INFO | Найдена скидка
2026-08-05 17:02:16,210 | INFO | Товар: Тинт для губ бальзам
2026-08-05 17:02:16,211 | INFO | Бренд: OMGA
2026-08-05 17:02:16,211 | INFO | Цена: 255.0 руб. (было 690.0 руб.)
2026-08-05 17:02:16,212 | INFO | Скидка: 63%
2026-08-05 17:02:16,213 | INFO | Рейтинг: 4.9 Отзывы: 10411
2026-08-05 17:02:16,214 | INFO | Прошлая цена: 255.0
2026-08-05 17:02:16,236 | INFO | Найдена скидка
2026-08-05 17:02:16,236 | INFO | Товар: Стойкий матовый гель тинт для губ LIP TINT AQUA GEL hyaluron
2026-08-05 17:02:16,237 | INFO | Бренд: LUXVISAGE
2026-08-05 17:02:16,237 | INFO | Цена: 299.0 руб. (было 440.0 руб.)
2026-08-05 17:02:16,237 | INFO | Скидка: 32%
2026-08-05 17:02:16,238 | INFO | Рейтинг: 4.8 Отзывы: 149
2026-08-05 17:02:16,238 | INFO | Прошлая цена: 299.0
2026-08-05 17:02:16,273 | INFO | Найдена скидка
2026-08-05 17:02:16,274 | INFO | Товар: Тинт для губ Show 02 Пыльная_роза
2026-08-05 17:02:16,275 | INFO | Бренд: Parisa
2026-08-05 17:02:16,276 | INFO | Цена: 323.0 руб. (было 621.0 руб.)
2026-08-05 17:02:16,277 | INFO | Скидка: 48%
2026-08-05 17:02:16,277 | INFO | Рейтинг: 4.7 Отзывы: 661
2026-08-05 17:02:16,278 | INFO | Прошлая цена: 323.0
2026-08-05 17:02:16,307 | INFO | Найдена скидка
2026-08-05 17:02:16,308 | INFO | Товар: Тинт для губ стойкий матовый тон 01 шоколадный трюфель
2026-08-05 17:02:16,309 | INFO | Бренд: DIVAGE
2026-08-05 17:02:16,309 | INFO | Цена: 364.0 руб. (было 728.0 руб.)
2026-08-05 17:02:16,310 | INFO | Скидка: 50%
2026-08-05 17:02:16,311 | INFO | Рейтинг: 4.6 Отзывы: 40
2026-08-05 17:02:16,312 | INFO | Прошлая цена: 353.0
2026-08-05 17:02:16,334 | INFO | Найдена скидка
2026-08-05 17:02:16,335 | INFO | Товар: Матовая помада тинт для губ
2026-08-05 17:02:16,336 | INFO | Бренд: cappuvini
2026-08-05 17:02:16,337 | INFO | Цена: 300.0 руб. (было 1000.0 руб.)
2026-08-05 17:02:16,338 | INFO | Скидка: 70%
2026-08-05 17:02:16,339 | INFO | Рейтинг: 4.7 Отзывы: 420
2026-08-05 17:02:16,340 | INFO | Прошлая цена: 300.0
2026-08-05 17:02:16,367 | INFO | Найдена скидка
2026-08-05 17:02:16,368 | INFO | Товар: Тинт для губ стойкий матовый тон 04 сливовый мармелад
2026-08-05 17:02:16,369 | INFO | Бренд: DIVAGE
2026-08-05 17:02:16,370 | INFO | Цена: 364.0 руб. (было 728.0 руб.)
2026-08-05 17:02:16,370 | INFO | Скидка: 50%
2026-08-05 17:02:16,371 | INFO | Рейтинг: 4.6 Отзывы: 53
2026-08-05 17:02:16,372 | INFO | Прошлая цена: 364.0
2026-08-05 17:02:19,394 | INFO | Проверяем запрос: шампуни babayaga
2026-08-05 17:02:19,394 | INFO | Открываем поиск: шампуни babayaga
2026-08-05 17:02:19,395 | INFO | Ждём ответ API...
2026-08-05 17:02:20,027 | INFO | 🔥 API пойман!Статус: 200URL: https://www.wildberries.ru/__internal/u-search/exactmatch/ru/common/v18/search?ab_testing=false&appType=1&curr=rub&dest=1259570991&hide_dtype=15&hide_vflags=4294967296&inheritFilters=true&lang=ru&locale=ru&query=%D1%88%D0%B0%D0%BC%D0%BF%D1%83%D0%BD%D0%B8+babayaga&resultset=catalog&sort=popular&spp=30&suppressSpellcheck=false
2026-08-05 17:02:20,108 | INFO | JSON получен: 30 товаров
2026-08-05 17:02:20,109 | INFO | ✅ Получено товаров: 30
2026-08-05 17:02:20,111 | INFO | Найдено товаров: 30
2026-08-05 17:02:23,122 | INFO | Проверяем запрос: футболка skims
2026-08-05 17:02:23,123 | INFO | Открываем поиск: футболка skims
2026-08-05 17:02:23,124 | INFO | Ждём ответ API...
2026-08-05 17:02:23,771 | INFO | 🔥 API пойман!Статус: 200URL: https://www.wildberries.ru/__internal/u-search/exactmatch/ru/common/v18/search?ab_testing=false&appType=1&curr=rub&dest=1259570991&hide_dtype=15&hide_vflags=4294967296&inheritFilters=true&lang=ru&locale=ru&query=%D1%84%D1%83%D1%82%D0%B1%D0%BE%D0%BB%D0%BA%D0%B0+skims&resultset=catalog&sort=popular&spp=30&suppressSpellcheck=false
2026-08-05 17:02:23,969 | INFO | JSON получен: 100 товаров
2026-08-05 17:02:23,971 | INFO | ✅ Получено товаров: 100
2026-08-05 17:02:23,973 | INFO | Найдено товаров: 100
2026-08-05 17:02:24,036 | INFO | Найдена скидка
2026-08-05 17:02:24,037 | INFO | Товар: Набор футболок скимс 6в1
2026-08-05 17:02:24,038 | INFO | Бренд: ZIMIN
2026-08-05 17:02:24,040 | INFO | Цена: 2363.0 руб. (было 5425.0 руб.)
2026-08-05 17:02:24,041 | INFO | Скидка: 56%
2026-08-05 17:02:24,042 | INFO | Рейтинг: 4.8 Отзывы: 5363
2026-08-05 17:02:24,044 | INFO | Прошлая цена: 2363.0
2026-08-05 17:02:24,096 | INFO | Найдена скидка
2026-08-05 17:02:24,098 | INFO | Товар: Футболка однотонная скимс набор
2026-08-05 17:02:24,099 | INFO | Бренд: USKOVA
2026-08-05 17:02:24,100 | INFO | Цена: 1549.0 руб. (было 5570.0 руб.)
2026-08-05 17:02:24,101 | INFO | Скидка: 72%
2026-08-05 17:02:24,102 | INFO | Рейтинг: 4.9 Отзывы: 3594
2026-08-05 17:02:24,103 | INFO | Прошлая цена: 1467.0
2026-08-05 17:02:24,139 | INFO | Найдена скидка
2026-08-05 17:02:24,140 | INFO | Товар: Облегающая футболка скимс с принтом лотос
2026-08-05 17:02:24,141 | INFO | Бренд: Tishka
2026-08-05 17:02:24,142 | INFO | Цена: 524.0 руб. (было 1216.0 руб.)
2026-08-05 17:02:24,142 | INFO | Скидка: 57%
2026-08-05 17:02:24,143 | INFO | Рейтинг: 4.8 Отзывы: 4891
2026-08-05 17:02:24,145 | INFO | Прошлая цена: 524.0
2026-08-05 17:02:24,185 | INFO | Найдена скидка
2026-08-05 17:02:24,191 | INFO | Товар: Футболка скимс базовая облегающая
2026-08-05 17:02:24,192 | INFO | Бренд: Red Flag
2026-08-05 17:02:24,193 | INFO | Цена: 432.0 руб. (было 2005.0 руб.)
2026-08-05 17:02:24,194 | INFO | Скидка: 78%
2026-08-05 17:02:24,196 | INFO | Рейтинг: 4.9 Отзывы: 29059
2026-08-05 17:02:24,197 | INFO | Прошлая цена: 432.0
2026-08-05 17:02:24,220 | INFO | Найдена скидка
2026-08-05 17:02:24,221 | INFO | Товар: Набор футболок скимс 3в1
2026-08-05 17:02:24,221 | INFO | Бренд: BM Textile
2026-08-05 17:02:24,222 | INFO | Цена: 1525.0 руб. (было 5651.0 руб.)
2026-08-05 17:02:24,222 | INFO | Скидка: 73%
2026-08-05 17:02:24,222 | INFO | Рейтинг: 4.8 Отзывы: 2711
2026-08-05 17:02:24,223 | INFO | Прошлая цена: 1525.0
2026-08-05 17:02:24,243 | INFO | Найдена скидка
2026-08-05 17:02:24,244 | INFO | Товар: Футболка однотонная скимс
2026-08-05 17:02:24,246 | INFO | Бренд: USKOVA
2026-08-05 17:02:24,246 | INFO | Цена: 706.0 руб. (было 3000.0 руб.)
2026-08-05 17:02:24,247 | INFO | Скидка: 76%
2026-08-05 17:02:24,248 | INFO | Рейтинг: 4.9 Отзывы: 3594
2026-08-05 17:02:24,248 | INFO | Прошлая цена: 706.0
2026-08-05 17:02:24,274 | INFO | Найдена скидка
2026-08-05 17:02:24,275 | INFO | Товар: Футболка однотонная скимс набор
2026-08-05 17:02:24,275 | INFO | Бренд: USKOVA
2026-08-05 17:02:24,275 | INFO | Цена: 1306.0 руб. (было 3000.0 руб.)
2026-08-05 17:02:24,276 | INFO | Скидка: 56%
2026-08-05 17:02:24,276 | INFO | Рейтинг: 4.9 Отзывы: 3594
2026-08-05 17:02:24,277 | INFO | Прошлая цена: 1306.0
2026-08-05 17:02:24,299 | INFO | Найдена скидка
2026-08-05 17:02:24,299 | INFO | Товар: Футболка скимс обтягивающая в рубчик
2026-08-05 17:02:24,301 | INFO | Бренд: Stefania
2026-08-05 17:02:24,301 | INFO | Цена: 606.0 руб. (было 3160.0 руб.)
2026-08-05 17:02:24,302 | INFO | Скидка: 81%
2026-08-05 17:02:24,303 | INFO | Рейтинг: 4.6 Отзывы: 58
2026-08-05 17:02:24,303 | INFO | Прошлая цена: 611.0
2026-08-05 17:02:24,336 | INFO | Найдена скидка
2026-08-05 17:02:24,336 | INFO | Товар: Набор футболок для школы 3 шт
2026-08-05 17:02:24,337 | INFO | Бренд: LeMedSmi
2026-08-05 17:02:24,338 | INFO | Цена: 1932.0 руб. (было 6000.0 руб.)
2026-08-05 17:02:24,338 | INFO | Скидка: 68%
2026-08-05 17:02:24,339 | INFO | Рейтинг: 5 Отзывы: 12
2026-08-05 17:02:24,365 | INFO | Найдена скидка
2026-08-05 17:02:24,366 | INFO | Товар: Футболка скимс базовая облегающая
2026-08-05 17:02:24,367 | INFO | Бренд: Queens Love
2026-08-05 17:02:24,367 | INFO | Цена: 422.0 руб. (было 2490.0 руб.)
2026-08-05 17:02:24,368 | INFO | Скидка: 83%
2026-08-05 17:02:24,369 | INFO | Рейтинг: 4.9 Отзывы: 2084
2026-08-05 17:02:24,369 | INFO | Прошлая цена: 422.0
2026-08-05 17:02:24,392 | INFO | Найдена скидка
2026-08-05 17:02:24,393 | INFO | Товар: Футболка в стиле скимс базовая облегающая
2026-08-05 17:02:24,393 | INFO | Бренд: JUSTFIRE
2026-08-05 17:02:24,396 | INFO | Цена: 1001.0 руб. (было 1564.0 руб.)
2026-08-05 17:02:24,398 | INFO | Скидка: 36%
2026-08-05 17:02:24,399 | INFO | Рейтинг: 4.9 Отзывы: 129133
2026-08-05 17:02:24,400 | INFO | Прошлая цена: 968.0
2026-08-05 17:02:24,423 | INFO | Найдена скидка
2026-08-05 17:02:24,425 | INFO | Товар: Футболка скимс облегающая базовая
2026-08-05 17:02:24,425 | INFO | Бренд: LINGEAMO
2026-08-05 17:02:24,426 | INFO | Цена: 1047.0 руб. (было 6320.0 руб.)
2026-08-05 17:02:24,427 | INFO | Скидка: 83%
2026-08-05 17:02:24,432 | INFO | Рейтинг: 4.9 Отзывы: 80
2026-08-05 17:02:24,433 | INFO | Прошлая цена: 550.0
2026-08-05 17:02:24,455 | INFO | Найдена скидка
2026-08-05 17:02:24,456 | INFO | Товар: Футболка для девочки скимс обтягивающая
2026-08-05 17:02:24,457 | INFO | Бренд: HW_kids
2026-08-05 17:02:24,457 | INFO | Цена: 988.0 руб. (было 2099.0 руб.)
2026-08-05 17:02:24,458 | INFO | Скидка: 53%
2026-08-05 17:02:24,459 | INFO | Рейтинг: 5 Отзывы: 1591
2026-08-05 17:02:24,484 | INFO | Найдена скидка
2026-08-05 17:02:24,485 | INFO | Товар: Футболка скимс базовая облегающая
2026-08-05 17:02:24,486 | INFO | Бренд: SHATILOVA M.V.
2026-08-05 17:02:24,487 | INFO | Цена: 736.0 руб. (было 3050.0 руб.)
2026-08-05 17:02:24,487 | INFO | Скидка: 76%
2026-08-05 17:02:24,488 | INFO | Рейтинг: 4.8 Отзывы: 2639
2026-08-05 17:02:24,489 | INFO | Прошлая цена: 736.0
2026-08-05 17:02:24,536 | INFO | Найдена скидка
2026-08-05 17:02:24,537 | INFO | Товар: Футболка в стиле скимс облегающая
2026-08-05 17:02:24,538 | INFO | Бренд: JUSTFIRE
2026-08-05 17:02:24,538 | INFO | Цена: 804.0 руб. (было 1564.0 руб.)
2026-08-05 17:02:24,539 | INFO | Скидка: 49%
2026-08-05 17:02:24,540 | INFO | Рейтинг: 4.9 Отзывы: 129133
2026-08-05 17:02:24,540 | INFO | Прошлая цена: 777.0
2026-08-05 17:02:24,571 | INFO | Найдена скидка
2026-08-05 17:02:24,572 | INFO | Товар: Футболка в стиле skims облегающая
2026-08-05 17:02:24,582 | INFO | Бренд: LEGGA
2026-08-05 17:02:24,584 | INFO | Цена: 601.0 руб. (было 2030.0 руб.)
2026-08-05 17:02:24,584 | INFO | Скидка: 70%
2026-08-05 17:02:24,586 | INFO | Рейтинг: 4.9 Отзывы: 105
2026-08-05 17:02:24,588 | INFO | Прошлая цена: 601.0
2026-08-05 17:02:24,615 | INFO | Найдена скидка
2026-08-05 17:02:24,616 | INFO | Товар: Футболка в стиле скимс базовая облегающая
2026-08-05 17:02:24,617 | INFO | Бренд: JustLike
2026-08-05 17:02:24,618 | INFO | Цена: 793.0 руб. (было 1400.0 руб.)
2026-08-05 17:02:24,618 | INFO | Скидка: 43%
2026-08-05 17:02:24,619 | INFO | Рейтинг: 4.9 Отзывы: 22620
2026-08-05 17:02:24,620 | INFO | Прошлая цена: 793.0
2026-08-05 17:02:24,642 | INFO | Найдена скидка
2026-08-05 17:02:24,642 | INFO | Товар: футболка скимс
2026-08-05 17:02:24,643 | INFO | Бренд: BIBIFidSHOP
2026-08-05 17:02:24,643 | INFO | Цена: 1219.0 руб. (было 7000.0 руб.)
2026-08-05 17:02:24,644 | INFO | Скидка: 83%
2026-08-05 17:02:24,644 | INFO | Рейтинг: 4.7 Отзывы: 1075
2026-08-05 17:02:24,645 | INFO | Прошлая цена: 1219.0
2026-08-05 17:02:24,668 | INFO | Найдена скидка
2026-08-05 17:02:24,669 | INFO | Товар: Футболка однотонная скимс
2026-08-05 17:02:24,670 | INFO | Бренд: USKOVA
2026-08-05 17:02:24,670 | INFO | Цена: 706.0 руб. (было 3000.0 руб.)
2026-08-05 17:02:24,671 | INFO | Скидка: 76%
2026-08-05 17:02:24,671 | INFO | Рейтинг: 4.9 Отзывы: 3594
2026-08-05 17:02:24,672 | INFO | Прошлая цена: 654.0
2026-08-05 17:02:24,692 | INFO | Найдена скидка
2026-08-05 17:02:24,692 | INFO | Товар: футболка скимс, набор из 4 футболок
2026-08-05 17:02:24,693 | INFO | Бренд: BIBIFidSHOP
2026-08-05 17:02:24,693 | INFO | Цена: 1491.0 руб. (было 9700.0 руб.)
2026-08-05 17:02:24,694 | INFO | Скидка: 85%
2026-08-05 17:02:24,694 | INFO | Рейтинг: 4.8 Отзывы: 1843
2026-08-05 17:02:24,695 | INFO | Прошлая цена: 1491.0
2026-08-05 17:02:24,774 | INFO | Найдена скидка
2026-08-05 17:02:24,774 | INFO | Товар: Футболка скимс
2026-08-05 17:02:24,776 | INFO | Бренд: Zeyd
2026-08-05 17:02:24,777 | INFO | Цена: 1504.0 руб. (было 6850.0 руб.)
2026-08-05 17:02:24,778 | INFO | Скидка: 78%
2026-08-05 17:02:24,779 | INFO | Рейтинг: 4.7 Отзывы: 3636
2026-08-05 17:02:24,781 | INFO | Прошлая цена: 1504.0
2026-08-05 17:02:24,810 | INFO | Найдена скидка
2026-08-05 17:02:24,811 | INFO | Товар: Облегающая футболка с широкими рукавами летучая мышь
2026-08-05 17:02:24,812 | INFO | Бренд: ELRAMI
2026-08-05 17:02:24,813 | INFO | Цена: 788.0 руб. (было 6960.0 руб.)
2026-08-05 17:02:24,814 | INFO | Скидка: 89%
2026-08-05 17:02:24,815 | INFO | Рейтинг: 5 Отзывы: 67
2026-08-05 17:02:24,817 | INFO | Прошлая цена: 820.0
2026-08-05 17:02:24,838 | INFO | Найдена скидка
2026-08-05 17:02:24,838 | INFO | Товар: Футболка Ципао облегающая Skims утягивающая Y2K
2026-08-05 17:02:24,839 | INFO | Бренд: Счастливы вместе
2026-08-05 17:02:24,839 | INFO | Цена: 2283.0 руб. (было 4000.0 руб.)
2026-08-05 17:02:24,840 | INFO | Скидка: 43%
2026-08-05 17:02:24,840 | INFO | Рейтинг: 4.9 Отзывы: 902
2026-08-05 17:02:24,860 | INFO | Найдена скидка
2026-08-05 17:02:24,860 | INFO | Товар: Футболка в стиле скимс базовая облегающая
2026-08-05 17:02:24,861 | INFO | Бренд: SABCOLLECTION
2026-08-05 17:02:24,861 | INFO | Цена: 439.0 руб. (было 1500.0 руб.)
2026-08-05 17:02:24,862 | INFO | Скидка: 71%
2026-08-05 17:02:24,864 | INFO | Рейтинг: 4.9 Отзывы: 167
2026-08-05 17:02:24,866 | INFO | Прошлая цена: 439.0
2026-08-05 17:02:24,890 | INFO | Найдена скидка
2026-08-05 17:02:24,891 | INFO | Товар: Облегающая футболка скимс
2026-08-05 17:02:24,891 | INFO | Бренд: Alenchik
2026-08-05 17:02:24,893 | INFO | Цена: 2020.0 руб. (было 4000.0 руб.)
2026-08-05 17:02:24,893 | INFO | Скидка: 50%
2026-08-05 17:02:24,894 | INFO | Рейтинг: 5 Отзывы: 27
2026-08-05 17:02:24,921 | INFO | Найдена скидка
2026-08-05 17:02:24,922 | INFO | Товар: Футболка женская облегающая с широкими рукавами летучая мышь
2026-08-05 17:02:24,922 | INFO | Бренд: ELRAMI
2026-08-05 17:02:24,923 | INFO | Цена: 820.0 руб. (было 6960.0 руб.)
2026-08-05 17:02:24,924 | INFO | Скидка: 88%
2026-08-05 17:02:24,924 | INFO | Рейтинг: 4.9 Отзывы: 62
2026-08-05 17:02:24,925 | INFO | Прошлая цена: 820.0
2026-08-05 17:02:24,950 | INFO | Найдена скидка
2026-08-05 17:02:24,951 | INFO | Товар: Винтажная футболка скинни в полоску y2k
2026-08-05 17:02:24,951 | INFO | Бренд: Tishka
2026-08-05 17:02:24,952 | INFO | Цена: 634.0 руб. (было 1472.0 руб.)
2026-08-05 17:02:24,953 | INFO | Скидка: 57%
2026-08-05 17:02:24,953 | INFO | Рейтинг: 4.9 Отзывы: 3936
2026-08-05 17:02:24,954 | INFO | Прошлая цена: 683.0
2026-08-05 17:02:24,977 | INFO | Найдена скидка
2026-08-05 17:02:24,978 | INFO | Товар: Футболка в стиле скимс базовая облегающая
2026-08-05 17:02:24,979 | INFO | Бренд: JUSTFIRE
2026-08-05 17:02:24,981 | INFO | Цена: 987.0 руб. (было 1564.0 руб.)
2026-08-05 17:02:24,981 | INFO | Скидка: 37%
2026-08-05 17:02:24,982 | INFO | Рейтинг: 4.9 Отзывы: 129133
2026-08-05 17:02:25,005 | INFO | Найдена скидка
2026-08-05 17:02:25,006 | INFO | Товар: Футболка для девочки скимс обтягивающая
2026-08-05 17:02:25,007 | INFO | Бренд: HW_kids
2026-08-05 17:02:25,007 | INFO | Цена: 988.0 руб. (было 2099.0 руб.)
2026-08-05 17:02:25,008 | INFO | Скидка: 53%
2026-08-05 17:02:25,008 | INFO | Рейтинг: 5 Отзывы: 1591
2026-08-05 17:02:25,039 | INFO | Найдена скидка
2026-08-05 17:02:25,040 | INFO | Товар: Скинни футболка
2026-08-05 17:02:25,041 | INFO | Бренд: Yartoch
2026-08-05 17:02:25,042 | INFO | Цена: 1043.0 руб. (было 2850.0 руб.)
2026-08-05 17:02:25,042 | INFO | Скидка: 63%
2026-08-05 17:02:25,043 | INFO | Рейтинг: 5 Отзывы: 34
2026-08-05 17:02:25,044 | INFO | Прошлая цена: 1043.0
2026-08-05 17:02:25,086 | INFO | Найдена скидка
2026-08-05 17:02:25,090 | INFO | Товар: Футболка Скимс
2026-08-05 17:02:25,093 | INFO | Бренд: SKIMS
2026-08-05 17:02:25,094 | INFO | Цена: 500.0 руб. (было 2000.0 руб.)
2026-08-05 17:02:25,099 | INFO | Скидка: 75%
2026-08-05 17:02:25,101 | INFO | Рейтинг: 5 Отзывы: 11
2026-08-05 17:02:25,103 | INFO | Прошлая цена: 440.0
2026-08-05 17:02:25,134 | INFO | Найдена скидка
2026-08-05 17:02:25,135 | INFO | Товар: Футболка однотонная скимс
2026-08-05 17:02:25,137 | INFO | Бренд: USKOVA
2026-08-05 17:02:25,138 | INFO | Цена: 601.0 руб. (было 3000.0 руб.)
2026-08-05 17:02:25,139 | INFO | Скидка: 80%
2026-08-05 17:02:25,140 | INFO | Рейтинг: 4.9 Отзывы: 3594
2026-08-05 17:02:25,141 | INFO | Прошлая цена: 601.0
2026-08-05 17:02:25,190 | INFO | Найдена скидка
2026-08-05 17:02:25,191 | INFO | Товар: Футболка скимс базовая облегающая
2026-08-05 17:02:25,195 | INFO | Бренд: Queens Love
2026-08-05 17:02:25,198 | INFO | Цена: 444.0 руб. (было 2490.0 руб.)
2026-08-05 17:02:25,203 | INFO | Скидка: 82%
2026-08-05 17:02:25,217 | INFO | Рейтинг: 4.9 Отзывы: 2084
2026-08-05 17:02:25,219 | INFO | Прошлая цена: 444.0
2026-08-05 17:02:25,250 | INFO | Найдена скидка
2026-08-05 17:02:25,252 | INFO | Товар: Футболка скимс базовая черная вискоза
2026-08-05 17:02:25,253 | INFO | Бренд: NIKITA TEREHOV TEXTILE
2026-08-05 17:02:25,253 | INFO | Цена: 1133.0 руб. (было 2500.0 руб.)
2026-08-05 17:02:25,254 | INFO | Скидка: 55%
2026-08-05 17:02:25,254 | INFO | Рейтинг: 4.8 Отзывы: 1161
2026-08-05 17:02:25,286 | INFO | Найдена скидка
2026-08-05 17:02:25,286 | INFO | Товар: Футболка скимс с принтом
2026-08-05 17:02:25,287 | INFO | Бренд: RUMIA
2026-08-05 17:02:25,288 | INFO | Цена: 359.0 руб. (было 1200.0 руб.)
2026-08-05 17:02:25,290 | INFO | Скидка: 70%
2026-08-05 17:02:25,291 | INFO | Рейтинг: 4.9 Отзывы: 2825
2026-08-05 17:02:25,293 | INFO | Прошлая цена: 381.0
2026-08-05 17:02:25,326 | INFO | Найдена скидка
2026-08-05 17:02:25,327 | INFO | Товар: Футболка облегающая скимс
2026-08-05 17:02:25,328 | INFO | Бренд: Basic look
2026-08-05 17:02:25,329 | INFO | Цена: 1080.0 руб. (было 2100.0 руб.)
2026-08-05 17:02:25,332 | INFO | Скидка: 49%
2026-08-05 17:02:25,334 | INFO | Рейтинг: 4.6 Отзывы: 14
2026-08-05 17:02:25,358 | INFO | Найдена скидка
2026-08-05 17:02:25,359 | INFO | Товар: Футболка в стиле скимс облегающая
2026-08-05 17:02:25,359 | INFO | Бренд: Kloé Lau
2026-08-05 17:02:25,360 | INFO | Цена: 926.0 руб. (было 2795.0 руб.)
2026-08-05 17:02:25,361 | INFO | Скидка: 67%
2026-08-05 17:02:25,365 | INFO | Рейтинг: 4.9 Отзывы: 27735
2026-08-05 17:02:25,367 | INFO | Прошлая цена: 926.0
2026-08-05 17:02:25,395 | INFO | Найдена скидка
2026-08-05 17:02:25,398 | INFO | Товар: Футболка в стиле скимс базовая облегающая
2026-08-05 17:02:25,399 | INFO | Бренд: JUSTFIRE
2026-08-05 17:02:25,400 | INFO | Цена: 1001.0 руб. (было 1564.0 руб.)
2026-08-05 17:02:25,401 | INFO | Скидка: 36%
2026-08-05 17:02:25,401 | INFO | Рейтинг: 4.9 Отзывы: 1761
2026-08-05 17:02:25,402 | INFO | Прошлая цена: 968.0
2026-08-05 17:02:25,423 | INFO | Найдена скидка
2026-08-05 17:02:25,423 | INFO | Товар: Футболка скимс базовая облегающая
2026-08-05 17:02:25,424 | INFO | Бренд: Linel.xx
2026-08-05 17:02:25,424 | INFO | Цена: 659.0 руб. (было 1373.0 руб.)
2026-08-05 17:02:25,425 | INFO | Скидка: 52%
2026-08-05 17:02:25,425 | INFO | Рейтинг: 4.9 Отзывы: 4292
2026-08-05 17:02:25,426 | INFO | Прошлая цена: 659.0
2026-08-05 17:02:25,456 | INFO | Найдена скидка
2026-08-05 17:02:25,457 | INFO | Товар: Футболка skims базовая облегающая
2026-08-05 17:02:25,458 | INFO | Бренд: HYPEWEAR
2026-08-05 17:02:25,459 | INFO | Цена: 585.0 руб. (было 2099.0 руб.)
2026-08-05 17:02:25,459 | INFO | Скидка: 72%
2026-08-05 17:02:25,460 | INFO | Рейтинг: 4.9 Отзывы: 6217
2026-08-05 17:02:25,462 | INFO | Прошлая цена: 585.0
2026-08-05 17:02:25,487 | INFO | Найдена скидка
2026-08-05 17:02:25,488 | INFO | Товар: Футболка скимс базовая облегающая
2026-08-05 17:02:25,488 | INFO | Бренд: NIKORUTO
2026-08-05 17:02:25,489 | INFO | Цена: 650.0 руб. (было 1300.0 руб.)
2026-08-05 17:02:25,490 | INFO | Скидка: 50%
2026-08-05 17:02:25,490 | INFO | Рейтинг: 4.8 Отзывы: 525
2026-08-05 17:02:25,491 | INFO | Прошлая цена: 650.0
2026-08-05 17:02:25,517 | INFO | Найдена скидка
2026-08-05 17:02:25,518 | INFO | Товар: Футболка skims базовая облегающая
2026-08-05 17:02:25,518 | INFO | Бренд: HYPEWEAR
2026-08-05 17:02:25,519 | INFO | Цена: 640.0 руб. (было 2099.0 руб.)
2026-08-05 17:02:25,519 | INFO | Скидка: 70%
2026-08-05 17:02:25,520 | INFO | Рейтинг: 4.9 Отзывы: 6217
2026-08-05 17:02:25,520 | INFO | Прошлая цена: 640.0
2026-08-05 17:02:25,542 | INFO | Найдена скидка
2026-08-05 17:02:25,543 | INFO | Товар: футболка облегающая в стиле скимс
2026-08-05 17:02:25,544 | INFO | Бренд: Canes Venatici
2026-08-05 17:02:25,545 | INFO | Цена: 872.0 руб. (было 2273.0 руб.)
2026-08-05 17:02:25,546 | INFO | Скидка: 62%
2026-08-05 17:02:25,547 | INFO | Рейтинг: 4.6 Отзывы: 1563
2026-08-05 17:02:25,570 | INFO | Найдена скидка
2026-08-05 17:02:25,571 | INFO | Товар: Футболка скимс
2026-08-05 17:02:25,571 | INFO | Бренд: BIBIFidSHOP
2026-08-05 17:02:25,572 | INFO | Цена: 1366.0 руб. (было 6900.0 руб.)
2026-08-05 17:02:25,572 | INFO | Скидка: 80%
2026-08-05 17:02:25,573 | INFO | Рейтинг: 4.7 Отзывы: 18922
2026-08-05 17:02:25,573 | INFO | Прошлая цена: 1366.0
2026-08-05 17:02:25,592 | INFO | Найдена скидка
2026-08-05 17:02:25,593 | INFO | Товар: Футболка скимс облегающая с рукавами летучая мышь
2026-08-05 17:02:25,593 | INFO | Бренд: NIKORUTO
2026-08-05 17:02:25,593 | INFO | Цена: 705.0 руб. (было 2938.0 руб.)
2026-08-05 17:02:25,594 | INFO | Скидка: 76%
2026-08-05 17:02:25,595 | INFO | Рейтинг: 4.9 Отзывы: 2232
2026-08-05 17:02:25,596 | INFO | Прошлая цена: 705.0
2026-08-05 17:02:25,625 | INFO | Найдена скидка
2026-08-05 17:02:25,626 | INFO | Товар: Футболка skims
2026-08-05 17:02:25,627 | INFO | Бренд: maiden rose
2026-08-05 17:02:25,632 | INFO | Цена: 191.0 руб. (было 3000.0 руб.)
2026-08-05 17:02:25,634 | INFO | Скидка: 94%
2026-08-05 17:02:25,635 | INFO | Рейтинг: 4.8 Отзывы: 5352
2026-08-05 17:02:25,636 | INFO | Прошлая цена: 191.0
2026-08-05 17:02:25,664 | INFO | Найдена скидка
2026-08-05 17:02:25,665 | INFO | Товар: Футболка скимс облегающая базовая skims
2026-08-05 17:02:25,666 | INFO | Бренд: TD MALINA
2026-08-05 17:02:25,667 | INFO | Цена: 968.0 руб. (было 2776.0 руб.)
2026-08-05 17:02:25,667 | INFO | Скидка: 65%
2026-08-05 17:02:25,668 | INFO | Рейтинг: 4.9 Отзывы: 2912
2026-08-05 17:02:25,668 | INFO | Прошлая цена: 968.0
2026-08-05 17:02:25,688 | INFO | Найдена скидка
2026-08-05 17:02:25,689 | INFO | Товар: футболка облегающая в стиле скимс
2026-08-05 17:02:25,690 | INFO | Бренд: Canes Venatici
2026-08-05 17:02:25,691 | INFO | Цена: 1203.0 руб. (было 2619.0 руб.)
2026-08-05 17:02:25,692 | INFO | Скидка: 54%
2026-08-05 17:02:25,692 | INFO | Рейтинг: 4.6 Отзывы: 311
2026-08-05 17:02:25,693 | INFO | Прошлая цена: 799.0
2026-08-05 17:02:25,718 | INFO | Найдена скидка
2026-08-05 17:02:25,719 | INFO | Товар: Футболка в стиле скимс облегающая
2026-08-05 17:02:25,720 | INFO | Бренд: JUSTFIRE
2026-08-05 17:02:25,720 | INFO | Цена: 804.0 руб. (было 1564.0 руб.)
2026-08-05 17:02:25,721 | INFO | Скидка: 49%
2026-08-05 17:02:25,722 | INFO | Рейтинг: 4.9 Отзывы: 129133
2026-08-05 17:02:25,722 | INFO | Прошлая цена: 777.0
2026-08-05 17:02:25,747 | INFO | Найдена скидка
2026-08-05 17:02:25,748 | INFO | Товар: Футболка skims базовая облегающая
2026-08-05 17:02:25,749 | INFO | Бренд: HYPEWEAR
2026-08-05 17:02:25,750 | INFO | Цена: 604.0 руб. (было 2099.0 руб.)
2026-08-05 17:02:25,750 | INFO | Скидка: 71%
2026-08-05 17:02:25,750 | INFO | Рейтинг: 4.9 Отзывы: 6217
2026-08-05 17:02:25,751 | INFO | Прошлая цена: 604.0
2026-08-05 17:02:25,771 | INFO | Найдена скидка
2026-08-05 17:02:25,772 | INFO | Товар: Футболка скимс обтягивающая y2k
2026-08-05 17:02:25,773 | INFO | Бренд: imbali
2026-08-05 17:02:25,773 | INFO | Цена: 812.0 руб. (было 1599.0 руб.)
2026-08-05 17:02:25,774 | INFO | Скидка: 49%
2026-08-05 17:02:25,774 | INFO | Рейтинг: 4.6 Отзывы: 12
2026-08-05 17:02:25,800 | INFO | Найдена скидка
2026-08-05 17:02:25,801 | INFO | Товар: Футболка в стиле скимс базовая облегающая
2026-08-05 17:02:25,801 | INFO | Бренд: SABCOLLECTION
2026-08-05 17:02:25,802 | INFO | Цена: 439.0 руб. (было 1500.0 руб.)
2026-08-05 17:02:25,802 | INFO | Скидка: 71%
2026-08-05 17:02:25,803 | INFO | Рейтинг: 4.9 Отзывы: 167
2026-08-05 17:02:25,803 | INFO | Прошлая цена: 439.0
2026-08-05 17:02:25,826 | INFO | Найдена скидка
2026-08-05 17:02:25,826 | INFO | Товар: Футболка скимс базовая облегающая
2026-08-05 17:02:25,827 | INFO | Бренд: НЯММSTYLE
2026-08-05 17:02:25,827 | INFO | Цена: 976.0 руб. (было 3500.0 руб.)
2026-08-05 17:02:25,828 | INFO | Скидка: 72%
2026-08-05 17:02:25,829 | INFO | Рейтинг: 4.9 Отзывы: 207
2026-08-05 17:02:25,831 | INFO | Прошлая цена: 837.0
2026-08-05 17:02:25,855 | INFO | Найдена скидка
2026-08-05 17:02:25,855 | INFO | Товар: Набор футболок скимс 6в1
2026-08-05 17:02:25,856 | INFO | Бренд: Eliz Brand
2026-08-05 17:02:25,856 | INFO | Цена: 3007.0 руб. (было 7940.0 руб.)
2026-08-05 17:02:25,857 | INFO | Скидка: 62%
2026-08-05 17:02:25,858 | INFO | Рейтинг: 4.7 Отзывы: 736
2026-08-05 17:02:25,858 | INFO | Прошлая цена: 3007.0
2026-08-05 17:02:25,883 | INFO | Найдена скидка
2026-08-05 17:02:25,884 | INFO | Товар: Футболка облегающая скимс
2026-08-05 17:02:25,884 | INFO | Бренд: Basic look
2026-08-05 17:02:25,885 | INFO | Цена: 1080.0 руб. (было 2100.0 руб.)
2026-08-05 17:02:25,885 | INFO | Скидка: 49%
2026-08-05 17:02:25,885 | INFO | Рейтинг: 4.8 Отзывы: 12
2026-08-05 17:02:25,907 | INFO | Найдена скидка
2026-08-05 17:02:25,908 | INFO | Товар: Футболка скимс с принтом
2026-08-05 17:02:25,908 | INFO | Бренд: CoLepen
2026-08-05 17:02:25,909 | INFO | Цена: 818.0 руб. (было 19000.0 руб.)
2026-08-05 17:02:25,909 | INFO | Скидка: 96%
2026-08-05 17:02:25,910 | INFO | Рейтинг: 4.9 Отзывы: 31
2026-08-05 17:02:25,935 | INFO | Найдена скидка
2026-08-05 17:02:25,936 | INFO | Товар: Футболка в стиле скимс базовая облегающая
2026-08-05 17:02:25,937 | INFO | Бренд: SABCOLLECTION
2026-08-05 17:02:25,937 | INFO | Цена: 439.0 руб. (было 1500.0 руб.)
2026-08-05 17:02:25,938 | INFO | Скидка: 71%
2026-08-05 17:02:25,938 | INFO | Рейтинг: 4.9 Отзывы: 167
2026-08-05 17:02:25,939 | INFO | Прошлая цена: 439.0
2026-08-05 17:02:25,959 | INFO | Найдена скидка
2026-08-05 17:02:25,960 | INFO | Товар: Футболка спортивная для фитнеса и бега в стиле скимс
2026-08-05 17:02:25,961 | INFO | Бренд: Vinselion
2026-08-05 17:02:25,963 | INFO | Цена: 1554.0 руб. (было 9650.0 руб.)
2026-08-05 17:02:25,966 | INFO | Скидка: 84%
2026-08-05 17:02:25,967 | INFO | Рейтинг: 4.8 Отзывы: 779
2026-08-05 17:02:26,975 | INFO | Проверяем запрос: широкие джинсы на высокой посадке
2026-08-05 17:02:26,976 | INFO | Открываем поиск: широкие джинсы на высокой посадке
2026-08-05 17:02:26,977 | INFO | Ждём ответ API...
2026-08-05 17:02:27,899 | INFO | 🔥 API пойман!Статус: 200URL: https://www.wildberries.ru/__internal/u-search/exactmatch/ru/common/v18/search?ab_testing=false&appType=1&curr=rub&dest=1259570991&hide_dtype=15&hide_vflags=4294967296&inheritFilters=true&lang=ru&locale=ru&query=%D1%88%D0%B8%D1%80%D0%BE%D0%BA%D0%B8%D0%B5+%D0%B4%D0%B6%D0%B8%D0%BD%D1%81%D1%8B+%D0%BD%D0%B0+%D0%B2%D1%8B%D1%81%D0%BE%D0%BA%D0%BE%D0%B9+%D0%BF%D0%BE%D1%81%D0%B0%D0%B4%D0%BA%D0%B5&resultset=catalog&sort=popular&spp=30&suppressSpellcheck=false
2026-08-05 17:02:28,265 | INFO | JSON получен: 100 товаров
2026-08-05 17:02:28,267 | INFO | ✅ Получено товаров: 100
2026-08-05 17:02:28,269 | INFO | Найдено товаров: 100
2026-08-05 17:02:28,306 | INFO | Найдена скидка
2026-08-05 17:02:28,307 | INFO | Товар: Джинсы женские летние широкие
2026-08-05 17:02:28,308 | INFO | Бренд: SABCOLLECTION
2026-08-05 17:02:28,309 | INFO | Цена: 1718.0 руб. (было 6999.0 руб.)
2026-08-05 17:02:28,309 | INFO | Скидка: 75%
2026-08-05 17:02:28,310 | INFO | Рейтинг: 4.8 Отзывы: 257
2026-08-05 17:02:28,312 | INFO | Прошлая цена: 1718.0
2026-08-05 17:02:28,344 | INFO | Найдена скидка
2026-08-05 17:02:28,345 | INFO | Товар: Джинсы багги широкие
2026-08-05 17:02:28,346 | INFO | Бренд: SAMALEXs
2026-08-05 17:02:28,347 | INFO | Цена: 2766.0 руб. (было 6000.0 руб.)
2026-08-05 17:02:28,348 | INFO | Скидка: 54%
2026-08-05 17:02:28,349 | INFO | Рейтинг: 4.9 Отзывы: 4184
2026-08-05 17:02:28,374 | INFO | Найдена скидка
2026-08-05 17:02:28,375 | INFO | Товар: Джинсы прямые трубы с высокой посадкой со стрелками
2026-08-05 17:02:28,375 | INFO | Бренд: Red Flag
2026-08-05 17:02:28,376 | INFO | Цена: 4067.0 руб. (было 7974.0 руб.)
2026-08-05 17:02:28,377 | INFO | Скидка: 49%
2026-08-05 17:02:28,379 | INFO | Рейтинг: 4.9 Отзывы: 3552
2026-08-05 17:02:28,380 | INFO | Прошлая цена: 3918.0
2026-08-05 17:02:28,397 | INFO | ОБНАРУЖЕНО ПАДЕНИЕ ЦЕНЫ!
2026-08-05 17:02:28,454 | INFO | Товар: Джинсы палаццо со стрелками
2026-08-05 17:02:28,456 | INFO | Старая цена: 2866.0
2026-08-05 17:02:28,457 | INFO | Новая цена: 2036.0
2026-08-05 17:02:28,459 | INFO | Chat ID: 5144360030 |
2026-08-05 17:02:28,461 | INFO | Уведомление уже отправлялось: False
2026-08-05 17:02:28,462 | INFO | Отправляем Telegram-уведомление...
2026-08-05 17:02:29,520 | INFO | Telegram-уведомление отправлено!
2026-08-05 17:02:29,538 | INFO | Уведомление сохранено в БД
2026-08-05 17:02:29,548 | INFO | Найдена скидка
2026-08-05 17:02:29,549 | INFO | Товар: Джинсы палаццо со стрелками
2026-08-05 17:02:29,549 | INFO | Бренд: OHAYA
2026-08-05 17:02:29,550 | INFO | Цена: 2036.0 руб. (было 5000.0 руб.)
2026-08-05 17:02:29,550 | INFO | Скидка: 59%
2026-08-05 17:02:29,551 | INFO | Рейтинг: 4.9 Отзывы: 166
2026-08-05 17:02:29,551 | INFO | Прошлая цена: 2866.0
2026-08-05 17:02:29,575 | INFO | Найдена скидка
2026-08-05 17:02:29,576 | INFO | Товар: Джинсы багги широкие оверсайз
2026-08-05 17:02:29,578 | INFO | Бренд: NRTJEANS
2026-08-05 17:02:29,579 | INFO | Цена: 3058.0 руб. (было 9495.0 руб.)
2026-08-05 17:02:29,580 | INFO | Скидка: 68%
2026-08-05 17:02:29,581 | INFO | Рейтинг: 4.9 Отзывы: 239
2026-08-05 17:02:29,582 | INFO | Прошлая цена: 3058.0
2026-08-05 17:02:29,609 | INFO | Найдена скидка
2026-08-05 17:02:29,611 | INFO | Товар: Джинсы летние прямые с высокой посадкой
2026-08-05 17:02:29,612 | INFO | Бренд: JC Brand
2026-08-05 17:02:29,613 | INFO | Цена: 3297.0 руб. (было 5825.0 руб.)
2026-08-05 17:02:29,614 | INFO | Скидка: 43%
2026-08-05 17:02:29,615 | INFO | Рейтинг: 4.8 Отзывы: 2314
2026-08-05 17:02:29,616 | INFO | Прошлая цена: 3297.0
2026-08-05 17:02:29,642 | INFO | Найдена скидка
2026-08-05 17:02:29,644 | INFO | Товар: Широкие джинсы летние палаццо
2026-08-05 17:02:29,645 | INFO | Бренд: CC HOME
2026-08-05 17:02:29,647 | INFO | Цена: 4636.0 руб. (было 15000.0 руб.)
2026-08-05 17:02:29,648 | INFO | Скидка: 69%
2026-08-05 17:02:29,650 | INFO | Рейтинг: 4.9 Отзывы: 573
2026-08-05 17:02:29,651 | INFO | Прошлая цена: 4838.0
2026-08-05 17:02:29,676 | INFO | Найдена скидка
2026-08-05 17:02:29,677 | INFO | Товар: Джинсы трубы подростковые широкие
2026-08-05 17:02:29,678 | INFO | Бренд: VSE PROSTO
2026-08-05 17:02:29,679 | INFO | Цена: 3670.0 руб. (было 6600.0 руб.)
2026-08-05 17:02:29,680 | INFO | Скидка: 44%
2026-08-05 17:02:29,681 | INFO | Рейтинг: 4.9 Отзывы: 7001
2026-08-05 17:02:29,682 | INFO | Прошлая цена: 3670.0
2026-08-05 17:02:29,706 | INFO | Найдена скидка
2026-08-05 17:02:29,707 | INFO | Товар: Джинсы бананы широкие
2026-08-05 17:02:29,707 | INFO | Бренд: JINSVIBE
2026-08-05 17:02:29,708 | INFO | Цена: 3732.0 руб. (было 7120.0 руб.)
2026-08-05 17:02:29,709 | INFO | Скидка: 48%
2026-08-05 17:02:29,709 | INFO | Рейтинг: 4.8 Отзывы: 3434
2026-08-05 17:02:29,710 | INFO | Прошлая цена: 3732.0
2026-08-05 17:02:29,738 | INFO | Найдена скидка
2026-08-05 17:02:29,739 | INFO | Товар: Джинсы широкие клеш трубы
2026-08-05 17:02:29,739 | INFO | Бренд: BUDELAAO
2026-08-05 17:02:29,740 | INFO | Цена: 2023.0 руб. (было 7900.0 руб.)
2026-08-05 17:02:29,741 | INFO | Скидка: 74%
2026-08-05 17:02:29,742 | INFO | Рейтинг: 4.8 Отзывы: 113
2026-08-05 17:02:29,742 | INFO | Прошлая цена: 2023.0
2026-08-05 17:02:29,768 | INFO | Найдена скидка
2026-08-05 17:02:29,769 | INFO | Товар: Джинсы багги широкие подростковые
2026-08-05 17:02:29,769 | INFO | Бренд: VSE PROSTO
2026-08-05 17:02:29,770 | INFO | Цена: 3392.0 руб. (было 6100.0 руб.)
2026-08-05 17:02:29,771 | INFO | Скидка: 44%
2026-08-05 17:02:29,772 | INFO | Рейтинг: 4.8 Отзывы: 3229
2026-08-05 17:02:29,772 | INFO | Прошлая цена: 3392.0
2026-08-05 17:02:29,798 | INFO | Найдена скидка
2026-08-05 17:02:29,799 | INFO | Товар: Джинсы широкие с высокой посадкой на резинке
2026-08-05 17:02:29,800 | INFO | Бренд: L.A.F
2026-08-05 17:02:29,801 | INFO | Цена: 3003.0 руб. (было 7999.0 руб.)
2026-08-05 17:02:29,802 | INFO | Скидка: 62%
2026-08-05 17:02:29,802 | INFO | Рейтинг: 4.8 Отзывы: 455
2026-08-05 17:02:29,803 | INFO | Прошлая цена: 2887.0
2026-08-05 17:02:29,829 | INFO | Найдена скидка
2026-08-05 17:02:29,831 | INFO | Товар: Джинсы широкие с бахромой высокая посадка
2026-08-05 17:02:29,832 | INFO | Бренд: JC Brand
2026-08-05 17:02:29,832 | INFO | Цена: 3732.0 руб. (было 6452.0 руб.)
2026-08-05 17:02:29,833 | INFO | Скидка: 42%
2026-08-05 17:02:29,834 | INFO | Рейтинг: 4.9 Отзывы: 887
2026-08-05 17:02:29,834 | INFO | Прошлая цена: 3732.0
2026-08-05 17:02:29,855 | INFO | Найдена скидка
2026-08-05 17:02:29,856 | INFO | Товар: Джинсы багги подростковые
2026-08-05 17:02:29,856 | INFO | Бренд: KATANA KIDS
2026-08-05 17:02:29,857 | INFO | Цена: 3031.0 руб. (было 7275.0 руб.)
2026-08-05 17:02:29,857 | INFO | Скидка: 58%
2026-08-05 17:02:29,857 | INFO | Рейтинг: 4.6 Отзывы: 10
2026-08-05 17:02:29,877 | INFO | Найдена скидка
2026-08-05 17:02:29,878 | INFO | Товар: Джинсы широкие клеш от бедра
2026-08-05 17:02:29,880 | INFO | Бренд: RB RASHKINA Brend
2026-08-05 17:02:29,881 | INFO | Цена: 3545.0 руб. (было 11220.0 руб.)
2026-08-05 17:02:29,882 | INFO | Скидка: 68%
2026-08-05 17:02:29,883 | INFO | Рейтинг: 4.8 Отзывы: 943
2026-08-05 17:02:29,883 | INFO | Прошлая цена: 3545.0
2026-08-05 17:02:29,907 | INFO | Найдена скидка
2026-08-05 17:02:29,907 | INFO | Товар: Джинсы легкие палаццо брюки летние
2026-08-05 17:02:29,908 | INFO | Бренд: Brostem
2026-08-05 17:02:29,909 | INFO | Цена: 2450.0 руб. (было 5150.0 руб.)
2026-08-05 17:02:29,909 | INFO | Скидка: 52%
2026-08-05 17:02:29,910 | INFO | Рейтинг: 4.8 Отзывы: 2084
2026-08-05 17:02:29,911 | INFO | Прошлая цена: 2450.0
2026-08-05 17:02:29,934 | INFO | Найдена скидка
2026-08-05 17:02:29,934 | INFO | Товар: Джинсы багги широкие оверсайз
2026-08-05 17:02:29,935 | INFO | Бренд: NRTJEANS
2026-08-05 17:02:29,936 | INFO | Цена: 3128.0 руб. (было 9498.0 руб.)
2026-08-05 17:02:29,936 | INFO | Скидка: 67%
2026-08-05 17:02:29,937 | INFO | Рейтинг: 4.9 Отзывы: 239
2026-08-05 17:02:29,959 | INFO | Найдена скидка
2026-08-05 17:02:29,960 | INFO | Товар: Джинсы рваные Турция
2026-08-05 17:02:29,961 | INFO | Бренд: SeTranquila
2026-08-05 17:02:29,962 | INFO | Цена: 6320.0 руб. (было 25000.0 руб.)
2026-08-05 17:02:29,965 | INFO | Скидка: 75%
2026-08-05 17:02:29,966 | INFO | Рейтинг: 4.8 Отзывы: 1511
2026-08-05 17:02:29,967 | INFO | Прошлая цена: 6320.0
2026-08-05 17:02:29,986 | INFO | Найдена скидка
2026-08-05 17:02:29,987 | INFO | Товар: Джинсы багги широкие
2026-08-05 17:02:29,987 | INFO | Бренд: GENETIKA
2026-08-05 17:02:29,987 | INFO | Цена: 2283.0 руб. (было 13000.0 руб.)
2026-08-05 17:02:29,988 | INFO | Скидка: 82%
2026-08-05 17:02:29,988 | INFO | Рейтинг: 4.9 Отзывы: 2432
2026-08-05 17:02:29,989 | INFO | Прошлая цена: 2569.0
2026-08-05 17:02:30,009 | INFO | Найдена скидка
2026-08-05 17:02:30,010 | INFO | Товар: Джинсы прямые с высокой посадкой
2026-08-05 17:02:30,011 | INFO | Бренд: JC Brand
2026-08-05 17:02:30,013 | INFO | Цена: 4043.0 руб. (было 10001.0 руб.)
2026-08-05 17:02:30,014 | INFO | Скидка: 60%
2026-08-05 17:02:30,016 | INFO | Рейтинг: 4.8 Отзывы: 2314
2026-08-05 17:02:30,017 | INFO | Прошлая цена: 4043.0
2026-08-05 17:02:30,040 | INFO | Найдена скидка
2026-08-05 17:02:30,041 | INFO | Товар: Джинсы трубы широкие
2026-08-05 17:02:30,041 | INFO | Бренд: Sam Alex’s Jeans
2026-08-05 17:02:30,042 | INFO | Цена: 2415.0 руб. (было 6000.0 руб.)
2026-08-05 17:02:30,043 | INFO | Скидка: 60%
2026-08-05 17:02:30,044 | INFO | Рейтинг: 4.9 Отзывы: 4445
2026-08-05 17:02:30,045 | INFO | Прошлая цена: 2415.0
2026-08-05 17:02:30,071 | INFO | Найдена скидка
2026-08-05 17:02:30,072 | INFO | Товар: Джинсы Dime
2026-08-05 17:02:30,073 | INFO | Бренд: iZAR brands
2026-08-05 17:02:30,074 | INFO | Цена: 3092.0 руб. (было 5000.0 руб.)
2026-08-05 17:02:30,075 | INFO | Скидка: 38%
2026-08-05 17:02:30,075 | INFO | Рейтинг: 4.8 Отзывы: 2486
2026-08-05 17:02:30,076 | INFO | Прошлая цена: 2928.0
2026-08-05 17:02:30,098 | INFO | Найдена скидка
2026-08-05 17:02:30,099 | INFO | Товар: Широкие джинсы багги со стразами
2026-08-05 17:02:30,099 | INFO | Бренд: StreetDNK
2026-08-05 17:02:30,100 | INFO | Цена: 3483.0 руб. (было 7000.0 руб.)
2026-08-05 17:02:30,100 | INFO | Скидка: 50%
2026-08-05 17:02:30,101 | INFO | Рейтинг: 4.8 Отзывы: 2435
2026-08-05 17:02:30,101 | INFO | Прошлая цена: 3483.0
2026-08-05 17:02:30,121 | INFO | Найдена скидка
2026-08-05 17:02:30,121 | INFO | Товар: Джинсы широкие трубы прямые палаццо
2026-08-05 17:02:30,122 | INFO | Бренд: RB RASHKINA Brend
2026-08-05 17:02:30,123 | INFO | Цена: 3476.0 руб. (было 11000.0 руб.)
2026-08-05 17:02:30,123 | INFO | Скидка: 68%
2026-08-05 17:02:30,123 | INFO | Рейтинг: 4.8 Отзывы: 538
2026-08-05 17:02:30,124 | INFO | Прошлая цена: 3476.0
2026-08-05 17:02:30,150 | INFO | Найдена скидка
2026-08-05 17:02:30,151 | INFO | Товар: Широкие джинсы багги с высокой посадкой оверсайз
2026-08-05 17:02:30,152 | INFO | Бренд: YOUMILE
2026-08-05 17:02:30,152 | INFO | Цена: 2242.0 руб. (было 20427.0 руб.)
2026-08-05 17:02:30,153 | INFO | Скидка: 89%
2026-08-05 17:02:30,153 | INFO | Рейтинг: 4.9 Отзывы: 654
2026-08-05 17:02:30,176 | INFO | Найдена скидка
2026-08-05 17:02:30,177 | INFO | Товар: Джинсы клеш от колена с высокой посадкой
2026-08-05 17:02:30,178 | INFO | Бренд: L.A.F
2026-08-05 17:02:30,179 | INFO | Цена: 2829.0 руб. (было 7999.0 руб.)
2026-08-05 17:02:30,180 | INFO | Скидка: 65%
2026-08-05 17:02:30,181 | INFO | Рейтинг: 4.8 Отзывы: 93
2026-08-05 17:02:30,181 | INFO | Прошлая цена: 2829.0
2026-08-05 17:02:30,203 | INFO | Найдена скидка
2026-08-05 17:02:30,204 | INFO | Товар: Джинсы с высокой посадкой клеш широкие
2026-08-05 17:02:30,205 | INFO | Бренд: Julso
2026-08-05 17:02:30,205 | INFO | Цена: 2488.0 руб. (было 5000.0 руб.)
2026-08-05 17:02:30,206 | INFO | Скидка: 50%
2026-08-05 17:02:30,207 | INFO | Рейтинг: 4.7 Отзывы: 30
2026-08-05 17:02:30,207 | INFO | Прошлая цена: 2488.0
2026-08-05 17:02:30,231 | INFO | Найдена скидка
2026-08-05 17:02:30,232 | INFO | Товар: Джинсы с высокой посадкой клеш широкие
2026-08-05 17:02:30,233 | INFO | Бренд: Julso
2026-08-05 17:02:30,233 | INFO | Цена: 2671.0 руб. (было 5000.0 руб.)
2026-08-05 17:02:30,234 | INFO | Скидка: 47%
2026-08-05 17:02:30,234 | INFO | Рейтинг: 4.9 Отзывы: 46
2026-08-05 17:02:30,235 | INFO | Прошлая цена: 2671.0
2026-08-05 17:02:30,254 | INFO | Найдена скидка
2026-08-05 17:02:30,255 | INFO | Товар: Джинсы летние рваные высокая посадка широкие трубы
2026-08-05 17:02:30,255 | INFO | Бренд: Feimailis
2026-08-05 17:02:30,256 | INFO | Цена: 2137.0 руб. (было 8000.0 руб.)
2026-08-05 17:02:30,256 | INFO | Скидка: 73%
2026-08-05 17:02:30,256 | INFO | Рейтинг: 4.8 Отзывы: 32226
2026-08-05 17:02:30,257 | INFO | Прошлая цена: 2137.0
2026-08-05 17:02:30,275 | INFO | Найдена скидка
2026-08-05 17:02:30,276 | INFO | Товар: Джинсы клеш от колена bootcut y2k
2026-08-05 17:02:30,276 | INFO | Бренд: MANGAJU
2026-08-05 17:02:30,277 | INFO | Цена: 2931.0 руб. (было 8900.0 руб.)
2026-08-05 17:02:30,278 | INFO | Скидка: 67%
2026-08-05 17:02:30,279 | INFO | Рейтинг: 5 Отзывы: 42
2026-08-05 17:02:30,280 | INFO | Прошлая цена: 2736.0
2026-08-05 17:02:30,301 | INFO | Найдена скидка
2026-08-05 17:02:30,302 | INFO | Товар: Джинсы багги трубы бананы широкие оверсайз в стиле Y2K
2026-08-05 17:02:30,302 | INFO | Бренд: RANAN
2026-08-05 17:02:30,302 | INFO | Цена: 3269.0 руб. (было 7390.0 руб.)
2026-08-05 17:02:30,303 | INFO | Скидка: 56%
2026-08-05 17:02:30,303 | INFO | Рейтинг: 4.9 Отзывы: 206
2026-08-05 17:02:30,303 | INFO | Прошлая цена: 3586.0
2026-08-05 17:02:30,321 | INFO | Найдена скидка
2026-08-05 17:02:30,322 | INFO | Товар: Джинсы рваные y2k широкие багги
2026-08-05 17:02:30,323 | INFO | Бренд: Julso
2026-08-05 17:02:30,323 | INFO | Цена: 3185.0 руб. (было 6000.0 руб.)
2026-08-05 17:02:30,324 | INFO | Скидка: 47%
2026-08-05 17:02:30,324 | INFO | Рейтинг: 4.8 Отзывы: 130
2026-08-05 17:02:30,325 | INFO | Прошлая цена: 3185.0
2026-08-05 17:02:30,356 | INFO | Найдена скидка
2026-08-05 17:02:30,357 | INFO | Товар: Джинсы прямые трубы со средней посадкой
2026-08-05 17:02:30,357 | INFO | Бренд: UniSprit
2026-08-05 17:02:30,358 | INFO | Цена: 5498.0 руб. (было 10000.0 руб.)
2026-08-05 17:02:30,358 | INFO | Скидка: 45%
2026-08-05 17:02:30,359 | INFO | Рейтинг: 4.7 Отзывы: 879
2026-08-05 17:02:30,359 | INFO | Прошлая цена: 5498.0
2026-08-05 17:02:30,381 | INFO | Найдена скидка
2026-08-05 17:02:30,382 | INFO | Товар: Джинсы трубы на резинке широкие
2026-08-05 17:02:30,382 | INFO | Бренд: СИНИЙ МИР
2026-08-05 17:02:30,383 | INFO | Цена: 1999.0 руб. (было 8393.0 руб.)
2026-08-05 17:02:30,383 | INFO | Скидка: 76%
2026-08-05 17:02:30,384 | INFO | Рейтинг: 4.9 Отзывы: 1733
2026-08-05 17:02:30,384 | INFO | Прошлая цена: 1999.0
2026-08-05 17:02:30,417 | INFO | Найдена скидка
2026-08-05 17:02:30,418 | INFO | Товар: Джинсы школьные широкие багги
2026-08-05 17:02:30,419 | INFO | Бренд: Викки Кидс
2026-08-05 17:02:30,420 | INFO | Цена: 3259.0 руб. (было 7300.0 руб.)
2026-08-05 17:02:30,421 | INFO | Скидка: 55%
2026-08-05 17:02:30,421 | INFO | Рейтинг: 4.9 Отзывы: 1552
2026-08-05 17:02:30,422 | INFO | Прошлая цена: 3295.0
2026-08-05 17:02:30,467 | INFO | Найдена скидка
2026-08-05 17:02:30,469 | INFO | Товар: Джинсы Ultra Wide sk8
2026-08-05 17:02:30,469 | INFO | Бренд: Empyre
2026-08-05 17:02:30,470 | INFO | Цена: 3458.0 руб. (было 8590.0 руб.)
2026-08-05 17:02:30,471 | INFO | Скидка: 60%
2026-08-05 17:02:30,472 | INFO | Рейтинг: 4.8 Отзывы: 1086
2026-08-05 17:02:30,472 | INFO | Прошлая цена: 3458.0
2026-08-05 17:02:30,510 | INFO | Найдена скидка
2026-08-05 17:02:30,511 | INFO | Товар: Джинсы широкие палаццо клеш от бедра на высокой посадке
2026-08-05 17:02:30,513 | INFO | Бренд: WAIB
2026-08-05 17:02:30,514 | INFO | Цена: 2099.0 руб. (было 19119.0 руб.)
2026-08-05 17:02:30,515 | INFO | Скидка: 89%
2026-08-05 17:02:30,516 | INFO | Рейтинг: 5 Отзывы: 15
2026-08-05 17:02:30,552 | INFO | Найдена скидка
2026-08-05 17:02:30,553 | INFO | Товар: Джинсы barrel широкие багги
2026-08-05 17:02:30,554 | INFO | Бренд: Red Flag
2026-08-05 17:02:30,555 | INFO | Цена: 3134.0 руб. (было 6999.0 руб.)
2026-08-05 17:02:30,556 | INFO | Скидка: 55%
2026-08-05 17:02:30,558 | INFO | Рейтинг: 4.9 Отзывы: 3600
2026-08-05 17:02:30,559 | INFO | Прошлая цена: 3134.0
2026-08-05 17:02:30,606 | INFO | Найдена скидка
2026-08-05 17:02:30,607 | INFO | Товар: Джинсы wide leg широкие
2026-08-05 17:02:30,609 | INFO | Бренд: ТВОЕ
2026-08-05 17:02:30,610 | INFO | Цена: 1668.0 руб. (было 5999.0 руб.)
2026-08-05 17:02:30,613 | INFO | Скидка: 72%
2026-08-05 17:02:30,615 | INFO | Рейтинг: 4.7 Отзывы: 53
2026-08-05 17:02:30,616 | INFO | Прошлая цена: 1472.0
2026-08-05 17:02:30,653 | INFO | Найдена скидка
2026-08-05 17:02:30,655 | INFO | Товар: Джинсы с вышивкой прямые широкие
2026-08-05 17:02:30,655 | INFO | Бренд: LovenHeart
2026-08-05 17:02:30,656 | INFO | Цена: 4529.0 руб. (было 7780.0 руб.)
2026-08-05 17:02:30,657 | INFO | Скидка: 42%
2026-08-05 17:02:30,658 | INFO | Рейтинг: 4.8 Отзывы: 414
2026-08-05 17:02:30,659 | INFO | Прошлая цена: 4529.0
2026-08-05 17:02:30,698 | INFO | Найдена скидка
2026-08-05 17:02:30,699 | INFO | Товар: Джинсы широкие с высокой посадкой серые
2026-08-05 17:02:30,700 | INFO | Бренд: Feimailis
2026-08-05 17:02:30,701 | INFO | Цена: 2606.0 руб. (было 9500.0 руб.)
2026-08-05 17:02:30,702 | INFO | Скидка: 73%
2026-08-05 17:02:30,703 | INFO | Рейтинг: 4.8 Отзывы: 132012
2026-08-05 17:02:30,704 | INFO | Прошлая цена: 2606.0
2026-08-05 17:02:30,739 | INFO | Найдена скидка
2026-08-05 17:02:30,740 | INFO | Товар: Джинсы бананы широкие
2026-08-05 17:02:30,741 | INFO | Бренд: GaaM
2026-08-05 17:02:30,742 | INFO | Цена: 3220.0 руб. (было 5000.0 руб.)
2026-08-05 17:02:30,743 | INFO | Скидка: 36%
2026-08-05 17:02:30,744 | INFO | Рейтинг: 4.9 Отзывы: 4520
2026-08-05 17:02:30,745 | INFO | Прошлая цена: 3220.0
2026-08-05 17:02:30,780 | INFO | Найдена скидка
2026-08-05 17:02:30,782 | INFO | Товар: Джинсы женские широкие трубы
2026-08-05 17:02:30,783 | INFO | Бренд: Julso
2026-08-05 17:02:30,784 | INFO | Цена: 2196.0 руб. (было 5000.0 руб.)
2026-08-05 17:02:30,785 | INFO | Скидка: 56%
2026-08-05 17:02:30,786 | INFO | Рейтинг: 4.8 Отзывы: 43
2026-08-05 17:02:30,788 | INFO | Прошлая цена: 2196.0
2026-08-05 17:02:30,822 | INFO | Найдена скидка
2026-08-05 17:02:30,823 | INFO | Товар: Джинсы широкие прямые с высокой посадкой
2026-08-05 17:02:30,824 | INFO | Бренд: Feimailis
2026-08-05 17:02:30,825 | INFO | Цена: 2890.0 руб. (было 5200.0 руб.)
2026-08-05 17:02:30,826 | INFO | Скидка: 44%
2026-08-05 17:02:30,827 | INFO | Рейтинг: 4.8 Отзывы: 132012
2026-08-05 17:02:30,828 | INFO | Прошлая цена: 2890.0
2026-08-05 17:02:30,865 | INFO | Найдена скидка
2026-08-05 17:02:30,866 | INFO | Товар: Джинсы baggy y2k
2026-08-05 17:02:30,867 | INFO | Бренд: plusrep
2026-08-05 17:02:30,868 | INFO | Цена: 4198.0 руб. (было 9490.0 руб.)
2026-08-05 17:02:30,868 | INFO | Скидка: 56%
2026-08-05 17:02:30,869 | INFO | Рейтинг: 4.9 Отзывы: 216
2026-08-05 17:02:30,870 | INFO | Прошлая цена: 4198.0
2026-08-05 17:02:30,908 | INFO | Найдена скидка
2026-08-05 17:02:30,908 | INFO | Товар: Джинсы бананы широкие зауженные к низу серые
2026-08-05 17:02:30,909 | INFO | Бренд: HITFORMA
2026-08-05 17:02:30,910 | INFO | Цена: 3619.0 руб. (было 6120.0 руб.)
2026-08-05 17:02:30,911 | INFO | Скидка: 41%
2026-08-05 17:02:30,912 | INFO | Рейтинг: 4.9 Отзывы: 4744
2026-08-05 17:02:30,913 | INFO | Прошлая цена: 3619.0
2026-08-05 17:02:30,952 | INFO | Найдена скидка
2026-08-05 17:02:30,953 | INFO | Товар: Джинсы широкие
2026-08-05 17:02:30,953 | INFO | Бренд: NAHASLE
2026-08-05 17:02:30,954 | INFO | Цена: 3494.0 руб. (было 10000.0 руб.)
2026-08-05 17:02:30,955 | INFO | Скидка: 65%
2026-08-05 17:02:30,955 | INFO | Рейтинг: 4.9 Отзывы: 648
2026-08-05 17:02:30,989 | INFO | Найдена скидка
2026-08-05 17:02:30,990 | INFO | Товар: Джинсы багги подростковые широкие
2026-08-05 17:02:30,991 | INFO | Бренд: Викки Кидс
2026-08-05 17:02:30,992 | INFO | Цена: 3099.0 руб. (было 7300.0 руб.)
2026-08-05 17:02:30,992 | INFO | Скидка: 58%
2026-08-05 17:02:30,993 | INFO | Рейтинг: 4.9 Отзывы: 1552
2026-08-05 17:02:30,994 | INFO | Прошлая цена: 3099.0
2026-08-05 17:02:31,032 | INFO | Найдена скидка
2026-08-05 17:02:31,033 | INFO | Товар: Джинсы для беременных трубы с высокой посадкой
2026-08-05 17:02:31,034 | INFO | Бренд: Primo Meleto
2026-08-05 17:02:31,035 | INFO | Цена: 4032.0 руб. (было 12000.0 руб.)
2026-08-05 17:02:31,035 | INFO | Скидка: 66%
2026-08-05 17:02:31,036 | INFO | Рейтинг: 4.8 Отзывы: 844
2026-08-05 17:02:31,037 | INFO | Прошлая цена: 3792.0
2026-08-05 17:02:31,075 | INFO | Найдена скидка
2026-08-05 17:02:31,077 | INFO | Товар: Джинсы wide leg широкие
2026-08-05 17:02:31,078 | INFO | Бренд: ТВОЕ
2026-08-05 17:02:31,080 | INFO | Цена: 1425.0 руб. (было 5999.0 руб.)
2026-08-05 17:02:31,082 | INFO | Скидка: 76%
2026-08-05 17:02:31,083 | INFO | Рейтинг: 4.7 Отзывы: 53
2026-08-05 17:02:31,084 | INFO | Прошлая цена: 1150.0
2026-08-05 17:02:31,120 | INFO | Найдена скидка
2026-08-05 17:02:31,121 | INFO | Товар: Джинсы широкие трубы палаццо прямые голубые
2026-08-05 17:02:31,122 | INFO | Бренд: Feimailis
2026-08-05 17:02:31,123 | INFO | Цена: 2618.0 руб. (было 4650.0 руб.)
2026-08-05 17:02:31,124 | INFO | Скидка: 44%
2026-08-05 17:02:31,124 | INFO | Рейтинг: 4.8 Отзывы: 132012
2026-08-05 17:02:31,125 | INFO | Прошлая цена: 2618.0
2026-08-05 17:02:31,162 | INFO | Найдена скидка
2026-08-05 17:02:31,165 | INFO | Товар: Джинсы бананы широкие
2026-08-05 17:02:31,166 | INFO | Бренд: GaaM
2026-08-05 17:02:31,166 | INFO | Цена: 3220.0 руб. (было 5000.0 руб.)
2026-08-05 17:02:31,167 | INFO | Скидка: 36%
2026-08-05 17:02:31,168 | INFO | Рейтинг: 4.9 Отзывы: 4520
2026-08-05 17:02:31,169 | INFO | Прошлая цена: 3220.0
2026-08-05 17:02:31,209 | INFO | Найдена скидка
2026-08-05 17:02:31,211 | INFO | Товар: Джинсы широкие багги
2026-08-05 17:02:31,212 | INFO | Бренд: NOVOCH
2026-08-05 17:02:31,213 | INFO | Цена: 3110.0 руб. (было 9093.0 руб.)
2026-08-05 17:02:31,214 | INFO | Скидка: 66%
2026-08-05 17:02:31,216 | INFO | Рейтинг: 4.8 Отзывы: 4472
2026-08-05 17:02:31,217 | INFO | Прошлая цена: 2382.0
2026-08-05 17:02:31,247 | INFO | Найдена скидка
2026-08-05 17:02:31,248 | INFO | Товар: Джинсы широкие багги высокая посадка
2026-08-05 17:02:31,249 | INFO | Бренд: Feimailis
2026-08-05 17:02:31,250 | INFO | Цена: 3234.0 руб. (было 8000.0 руб.)
2026-08-05 17:02:31,250 | INFO | Скидка: 60%
2026-08-05 17:02:31,251 | INFO | Рейтинг: 4.8 Отзывы: 36954
2026-08-05 17:02:31,252 | INFO | Прошлая цена: 3234.0
2026-08-05 17:02:31,281 | INFO | Найдена скидка
2026-08-05 17:02:31,282 | INFO | Товар: Джинсы бананы мом высокая посадка mom
2026-08-05 17:02:31,283 | INFO | Бренд: Feimailis
2026-08-05 17:02:31,284 | INFO | Цена: 2477.0 руб. (было 5200.0 руб.)
2026-08-05 17:02:31,284 | INFO | Скидка: 52%
2026-08-05 17:02:31,285 | INFO | Рейтинг: 4.8 Отзывы: 184316
2026-08-05 17:02:31,286 | INFO | Прошлая цена: 2477.0
2026-08-05 17:02:31,309 | INFO | Найдена скидка
2026-08-05 17:02:31,309 | INFO | Товар: Джинсы клеш от колена bootcut y2k
2026-08-05 17:02:31,311 | INFO | Бренд: MANGAJU
2026-08-05 17:02:31,312 | INFO | Цена: 2951.0 руб. (было 7200.0 руб.)
2026-08-05 17:02:31,313 | INFO | Скидка: 59%
2026-08-05 17:02:31,313 | INFO | Рейтинг: 4.9 Отзывы: 476
2026-08-05 17:02:31,338 | INFO | Найдена скидка
2026-08-05 17:02:31,339 | INFO | Товар: Джинсы широкие летние прямые на высокой посадке
2026-08-05 17:02:31,339 | INFO | Бренд: Levitate
2026-08-05 17:02:31,340 | INFO | Цена: 3471.0 руб. (было 11161.0 руб.)
2026-08-05 17:02:31,341 | INFO | Скидка: 69%
2026-08-05 17:02:31,341 | INFO | Рейтинг: 4.7 Отзывы: 47
2026-08-05 17:02:31,342 | INFO | Прошлая цена: 3526.0
2026-08-05 17:02:31,363 | INFO | Найдена скидка
2026-08-05 17:02:31,365 | INFO | Товар: Джинсы wide leg широкие
2026-08-05 17:02:31,366 | INFO | Бренд: ТВОЕ
2026-08-05 17:02:31,367 | INFO | Цена: 1235.0 руб. (было 5999.0 руб.)
2026-08-05 17:02:31,367 | INFO | Скидка: 79%
2026-08-05 17:02:31,368 | INFO | Рейтинг: 4.7 Отзывы: 53
2026-08-05 17:02:31,368 | INFO | Прошлая цена: 1098.0
2026-08-05 17:02:31,389 | INFO | Найдена скидка
2026-08-05 17:02:31,390 | INFO | Товар: Джинсы широкие трубы с высокой посадкой
2026-08-05 17:02:31,390 | INFO | Бренд: Feimailis
2026-08-05 17:02:31,391 | INFO | Цена: 3119.0 руб. (было 9000.0 руб.)
2026-08-05 17:02:31,392 | INFO | Скидка: 65%
2026-08-05 17:02:31,392 | INFO | Рейтинг: 4.8 Отзывы: 36954
2026-08-05 17:02:31,393 | INFO | Прошлая цена: 3119.0
2026-08-05 17:02:31,417 | INFO | Найдена скидка
2026-08-05 17:02:31,418 | INFO | Товар: Джинсы широкие
2026-08-05 17:02:31,418 | INFO | Бренд: NAHASLE
2026-08-05 17:02:31,418 | INFO | Цена: 3494.0 руб. (было 10000.0 руб.)
2026-08-05 17:02:31,419 | INFO | Скидка: 65%
2026-08-05 17:02:31,419 | INFO | Рейтинг: 4.8 Отзывы: 230
2026-08-05 17:02:31,441 | INFO | Найдена скидка
2026-08-05 17:02:31,442 | INFO | Товар: Джинсы летние светлые с высокой посадкой
2026-08-05 17:02:31,442 | INFO | Бренд: Feimailis
2026-08-05 17:02:31,442 | INFO | Цена: 2599.0 руб. (было 10000.0 руб.)
2026-08-05 17:02:31,443 | INFO | Скидка: 74%
2026-08-05 17:02:31,443 | INFO | Рейтинг: 4.8 Отзывы: 132012
2026-08-05 17:02:31,444 | INFO | Прошлая цена: 2599.0
2026-08-05 17:02:31,467 | INFO | Найдена скидка
2026-08-05 17:02:31,467 | INFO | Товар: Джинсы прямые со средней посадкой
2026-08-05 17:02:31,468 | INFO | Бренд: Closie
2026-08-05 17:02:31,469 | INFO | Цена: 3110.0 руб. (было 5001.0 руб.)
2026-08-05 17:02:31,469 | INFO | Скидка: 38%
2026-08-05 17:02:31,469 | INFO | Рейтинг: 4.8 Отзывы: 2704
2026-08-05 17:02:31,470 | INFO | Прошлая цена: 3110.0
2026-08-05 17:02:31,489 | INFO | Найдена скидка
2026-08-05 17:02:31,490 | INFO | Товар: Джинсы клеш от колена с высокой посадкой
2026-08-05 17:02:31,490 | INFO | Бренд: YOUMILE
2026-08-05 17:02:31,491 | INFO | Цена: 2447.0 руб. (было 22287.0 руб.)
2026-08-05 17:02:31,491 | INFO | Скидка: 89%
2026-08-05 17:02:31,492 | INFO | Рейтинг: 4.8 Отзывы: 1303
2026-08-05 17:02:31,514 | INFO | Найдена скидка
2026-08-05 17:02:31,515 | INFO | Товар: Джинсы школьные широкие подростковые багги
2026-08-05 17:02:31,516 | INFO | Бренд: ROBSKINSDIME
2026-08-05 17:02:31,517 | INFO | Цена: 3525.0 руб. (было 5100.0 руб.)
2026-08-05 17:02:31,517 | INFO | Скидка: 31%
2026-08-05 17:02:31,518 | INFO | Рейтинг: 4.9 Отзывы: 231
2026-08-05 17:02:31,518 | INFO | Прошлая цена: 3525.0
2026-08-05 17:02:31,540 | INFO | Найдена скидка
2026-08-05 17:02:31,540 | INFO | Товар: Джинсы широкие трубы с высокой посадкой
2026-08-05 17:02:31,541 | INFO | Бренд: Feimailis
2026-08-05 17:02:31,542 | INFO | Цена: 2779.0 руб. (было 7700.0 руб.)
2026-08-05 17:02:31,543 | INFO | Скидка: 64%
2026-08-05 17:02:31,543 | INFO | Рейтинг: 4.8 Отзывы: 132012
2026-08-05 17:02:31,543 | INFO | Прошлая цена: 2779.0
2026-08-05 17:02:31,566 | INFO | Найдена скидка
2026-08-05 17:02:31,567 | INFO | Товар: Джинсы палаццо на резинке широкие
2026-08-05 17:02:31,626 | INFO | Бренд: СИНИЙ МИР
2026-08-05 17:02:31,633 | INFO | Цена: 2451.0 руб. (было 7718.0 руб.)
2026-08-05 17:02:31,634 | INFO | Скидка: 68%
2026-08-05 17:02:31,636 | INFO | Рейтинг: 4.9 Отзывы: 1733
2026-08-05 17:02:31,637 | INFO | Прошлая цена: 2451.0
2026-08-05 17:02:31,667 | INFO | Найдена скидка
2026-08-05 17:02:31,668 | INFO | Товар: Джинсы летние широкие с высокой посадкой розовые
2026-08-05 17:02:31,669 | INFO | Бренд: Feimailis
2026-08-05 17:02:31,671 | INFO | Цена: 2527.0 руб. (было 10000.0 руб.)
2026-08-05 17:02:31,671 | INFO | Скидка: 75%
2026-08-05 17:02:31,672 | INFO | Рейтинг: 4.8 Отзывы: 36954
2026-08-05 17:02:31,673 | INFO | Прошлая цена: 2527.0
2026-08-05 17:02:31,700 | INFO | Найдена скидка
2026-08-05 17:02:31,701 | INFO | Товар: Джинсы багги широкие коричневые
2026-08-05 17:02:31,701 | INFO | Бренд: NOVOCH
2026-08-05 17:02:31,702 | INFO | Цена: 3110.0 руб. (было 7694.0 руб.)
2026-08-05 17:02:31,702 | INFO | Скидка: 60%
2026-08-05 17:02:31,703 | INFO | Рейтинг: 4.7 Отзывы: 25560
2026-08-05 17:02:31,703 | INFO | Прошлая цена: 1877.0
2026-08-05 17:02:31,723 | INFO | Найдена скидка
2026-08-05 17:02:31,724 | INFO | Товар: Джинсы багги японский деним синие широкие у2к
2026-08-05 17:02:31,724 | INFO | Бренд: XANTRAK
2026-08-05 17:02:31,725 | INFO | Цена: 3412.0 руб. (было 12000.0 руб.)
2026-08-05 17:02:31,725 | INFO | Скидка: 72%
2026-08-05 17:02:31,726 | INFO | Рейтинг: 4.8 Отзывы: 59
2026-08-05 17:02:31,726 | INFO | Прошлая цена: 3792.0
2026-08-05 17:02:31,747 | INFO | Найдена скидка
2026-08-05 17:02:31,748 | INFO | Товар: Джинсы широкие трубы
2026-08-05 17:02:31,749 | INFO | Бренд: Feimailis
2026-08-05 17:02:31,749 | INFO | Цена: 3669.0 руб. (было 10000.0 руб.)
2026-08-05 17:02:31,750 | INFO | Скидка: 63%
2026-08-05 17:02:31,751 | INFO | Рейтинг: 4.8 Отзывы: 36954
2026-08-05 17:02:31,751 | INFO | Прошлая цена: 3669.0
2026-08-05 17:02:31,772 | INFO | Найдена скидка
2026-08-05 17:02:31,773 | INFO | Товар: Джинсы багги широкие для мальчика
2026-08-05 17:02:31,773 | INFO | Бренд: Wikkikids
2026-08-05 17:02:31,774 | INFO | Цена: 3566.0 руб. (было 8400.0 руб.)
2026-08-05 17:02:31,774 | INFO | Скидка: 58%
2026-08-05 17:02:31,775 | INFO | Рейтинг: 4.9 Отзывы: 2926
2026-08-05 17:02:31,775 | INFO | Прошлая цена: 3481.0
2026-08-05 17:02:31,793 | INFO | Найдена скидка
2026-08-05 17:02:31,794 | INFO | Товар: Джинсы багги для мальчика подростковые широкие
2026-08-05 17:02:31,795 | INFO | Бренд: Wikkikids
2026-08-05 17:02:31,797 | INFO | Цена: 3129.0 руб. (было 7500.0 руб.)
2026-08-05 17:02:31,798 | INFO | Скидка: 58%
2026-08-05 17:02:31,799 | INFO | Рейтинг: 4.9 Отзывы: 2926
2026-08-05 17:02:31,800 | INFO | Прошлая цена: 3230.0
2026-08-05 17:02:31,820 | INFO | Найдена скидка
2026-08-05 17:02:31,820 | INFO | Товар: Джинсы широкие прямые трубы
2026-08-05 17:02:31,820 | INFO | Бренд: Feimailis
2026-08-05 17:02:31,821 | INFO | Цена: 2772.0 руб. (было 8000.0 руб.)
2026-08-05 17:02:31,821 | INFO | Скидка: 65%
2026-08-05 17:02:31,821 | INFO | Рейтинг: 4.8 Отзывы: 36954
2026-08-05 17:02:31,822 | INFO | Прошлая цена: 2772.0
2026-08-05 17:02:31,851 | INFO | Найдена скидка
2026-08-05 17:02:31,852 | INFO | Товар: Джинсы трубы на резинке широкие
2026-08-05 17:02:31,853 | INFO | Бренд: СИНИЙ МИР
2026-08-05 17:02:31,853 | INFO | Цена: 1891.0 руб. (было 7939.0 руб.)
2026-08-05 17:02:31,854 | INFO | Скидка: 76%
2026-08-05 17:02:31,854 | INFO | Рейтинг: 4.9 Отзывы: 1733
2026-08-05 17:02:31,855 | INFO | Прошлая цена: 1891.0
2026-08-05 17:02:31,875 | INFO | Найдена скидка
2026-08-05 17:02:31,875 | INFO | Товар: Джинсы широкие летние прямые на средней посадке
2026-08-05 17:02:31,876 | INFO | Бренд: Levitate
2026-08-05 17:02:31,876 | INFO | Цена: 3333.0 руб. (было 10719.0 руб.)
2026-08-05 17:02:31,877 | INFO | Скидка: 69%
2026-08-05 17:02:31,878 | INFO | Рейтинг: 4.7 Отзывы: 47
2026-08-05 17:02:31,879 | INFO | Прошлая цена: 3369.0
2026-08-05 17:02:31,901 | INFO | Найдена скидка
2026-08-05 17:02:31,902 | INFO | Товар: Джинсы RAW
2026-08-05 17:02:31,902 | INFO | Бренд: plusrep
2026-08-05 17:02:31,903 | INFO | Цена: 3838.0 руб. (было 9490.0 руб.)
2026-08-05 17:02:31,903 | INFO | Скидка: 60%
2026-08-05 17:02:31,903 | INFO | Рейтинг: 4.9 Отзывы: 166
2026-08-05 17:02:31,904 | INFO | Прошлая цена: 3838.0
2026-08-05 17:02:31,922 | INFO | Найдена скидка
2026-08-05 17:02:31,922 | INFO | Товар: Джинсы клеш от колена с высокой посадкой
2026-08-05 17:02:31,923 | INFO | Бренд: YOUMILE
2026-08-05 17:02:31,923 | INFO | Цена: 2447.0 руб. (было 22287.0 руб.)
2026-08-05 17:02:31,923 | INFO | Скидка: 89%
2026-08-05 17:02:31,924 | INFO | Рейтинг: 4.8 Отзывы: 3530
2026-08-05 17:02:31,942 | INFO | Найдена скидка
2026-08-05 17:02:31,943 | INFO | Товар: Джинсы широкие Balloon
2026-08-05 17:02:31,943 | INFO | Бренд: ТВОЕ
2026-08-05 17:02:31,943 | INFO | Цена: 1150.0 руб. (было 6599.0 руб.)
2026-08-05 17:02:31,944 | INFO | Скидка: 83%
2026-08-05 17:02:31,945 | INFO | Рейтинг: 4.8 Отзывы: 935
2026-08-05 17:02:31,946 | INFO | Прошлая цена: 1208.0
2026-08-05 17:02:31,966 | INFO | Найдена скидка
2026-08-05 17:02:31,967 | INFO | Товар: Джинсы со стразами широкие багги y2k
2026-08-05 17:02:31,967 | INFO | Бренд: NOVOCH
2026-08-05 17:02:31,968 | INFO | Цена: 3110.0 руб. (было 8622.0 руб.)
2026-08-05 17:02:31,968 | INFO | Скидка: 64%
2026-08-05 17:02:31,968 | INFO | Рейтинг: 4.7 Отзывы: 25560
2026-08-05 17:02:31,969 | INFO | Прошлая цена: 2345.0
2026-08-05 17:02:31,987 | INFO | Найдена скидка
2026-08-05 17:02:31,987 | INFO | Товар: Джинсы прямые с высокой посадкой на резинке
2026-08-05 17:02:31,988 | INFO | Бренд: Feimailis
2026-08-05 17:02:31,988 | INFO | Цена: 2238.0 руб. (было 6200.0 руб.)
2026-08-05 17:02:31,988 | INFO | Скидка: 64%
2026-08-05 17:02:31,989 | INFO | Рейтинг: 4.8 Отзывы: 83628
2026-08-05 17:02:31,989 | INFO | Прошлая цена: 2238.0
2026-08-05 17:02:32,008 | INFO | Найдена скидка
2026-08-05 17:02:32,009 | INFO | Товар: Джинсы широкие со стразами на резинке с пояском
2026-08-05 17:02:32,009 | INFO | Бренд: A'ME
2026-08-05 17:02:32,009 | INFO | Цена: 2905.0 руб. (было 9922.0 руб.)
2026-08-05 17:02:32,010 | INFO | Скидка: 71%
2026-08-05 17:02:32,010 | INFO | Рейтинг: 4.9 Отзывы: 62
2026-08-05 17:02:32,029 | INFO | Найдена скидка
2026-08-05 17:02:32,031 | INFO | Товар: Джинсы широкие летние клеш от колена на средней посадке
2026-08-05 17:02:32,032 | INFO | Бренд: Levitate
2026-08-05 17:02:32,032 | INFO | Цена: 3333.0 руб. (было 10720.0 руб.)
2026-08-05 17:02:32,033 | INFO | Скидка: 69%
2026-08-05 17:02:32,033 | INFO | Рейтинг: 4.7 Отзывы: 47
2026-08-05 17:02:32,034 | INFO | Прошлая цена: 3372.0
2026-08-05 17:02:32,054 | INFO | Найдена скидка
2026-08-05 17:02:32,054 | INFO | Товар: Джинсы широкие летние прямые на средней посадке
2026-08-05 17:02:32,055 | INFO | Бренд: Levitate
2026-08-05 17:02:32,055 | INFO | Цена: 3320.0 руб. (было 10676.0 руб.)
2026-08-05 17:02:32,055 | INFO | Скидка: 69%
2026-08-05 17:02:32,056 | INFO | Рейтинг: 4.7 Отзывы: 47
2026-08-05 17:02:32,056 | INFO | Прошлая цена: 3351.0
2026-08-05 17:02:32,078 | INFO | Найдена скидка
2026-08-05 17:02:32,079 | INFO | Товар: Джинсы со стразами широкие багги y2k
2026-08-05 17:02:32,080 | INFO | Бренд: NOVOCH
2026-08-05 17:02:32,081 | INFO | Цена: 3110.0 руб. (было 8066.0 руб.)
2026-08-05 17:02:32,081 | INFO | Скидка: 61%
2026-08-05 17:02:32,082 | INFO | Рейтинг: 4.7 Отзывы: 25560
2026-08-05 17:02:32,082 | INFO | Прошлая цена: 2148.0
2026-08-05 17:02:32,102 | INFO | Найдена скидка
2026-08-05 17:02:32,102 | INFO | Товар: Джинсы прямые легкие на средней посадке классические
2026-08-05 17:02:32,103 | INFO | Бренд: Levitate
2026-08-05 17:02:32,103 | INFO | Цена: 3335.0 руб. (было 10726.0 руб.)
2026-08-05 17:02:32,103 | INFO | Скидка: 69%
2026-08-05 17:02:32,104 | INFO | Рейтинг: 4.7 Отзывы: 47
2026-08-05 17:02:32,104 | INFO | Прошлая цена: 3366.0
2026-08-05 17:02:32,122 | INFO | Найдена скидка
2026-08-05 17:02:32,122 | INFO | Товар: Джинсы багги для девочки на резинке широкие
2026-08-05 17:02:32,122 | INFO | Бренд: 1985clothes
2026-08-05 17:02:32,123 | INFO | Цена: 2740.0 руб. (было 7200.0 руб.)
2026-08-05 17:02:32,123 | INFO | Скидка: 62%
2026-08-05 17:02:32,123 | INFO | Рейтинг: 4.9 Отзывы: 294
2026-08-05 17:02:32,124 | INFO | Прошлая цена: 2740.0
2026-08-05 17:02:32,142 | INFO | Найдена скидка
2026-08-05 17:02:32,143 | INFO | Товар: Джинсы прямые легкие на средней посадке классические
2026-08-05 17:02:32,144 | INFO | Бренд: Levitate
2026-08-05 17:02:32,144 | INFO | Цена: 3339.0 руб. (было 10737.0 руб.)
2026-08-05 17:02:32,145 | INFO | Скидка: 69%
2026-08-05 17:02:32,146 | INFO | Рейтинг: 4.7 Отзывы: 47
2026-08-05 17:02:32,147 | INFO | Прошлая цена: 3385.0
2026-08-05 17:02:32,168 | INFO | Найдена скидка
2026-08-05 17:02:32,169 | INFO | Товар: Джинсы на резинке подростковые широкие палаццо
2026-08-05 17:02:32,169 | INFO | Бренд: Gen A St
2026-08-05 17:02:32,169 | INFO | Цена: 3066.0 руб. (было 7350.0 руб.)
2026-08-05 17:02:32,170 | INFO | Скидка: 58%
2026-08-05 17:02:32,170 | INFO | Рейтинг: 4.8 Отзывы: 210
2026-08-05 17:02:32,189 | INFO | Найдена скидка
2026-08-05 17:02:32,189 | INFO | Товар: Джинсы для для беременных с высокой посадкой
2026-08-05 17:02:32,190 | INFO | Бренд: Primo Meleto
2026-08-05 17:02:32,190 | INFO | Цена: 4032.0 руб. (было 12000.0 руб.)
2026-08-05 17:02:32,191 | INFO | Скидка: 66%
2026-08-05 17:02:32,191 | INFO | Рейтинг: 4.8 Отзывы: 562
2026-08-05 17:02:32,192 | INFO | Прошлая цена: 4032.0
2026-08-05 17:02:32,211 | INFO | Найдена скидка
2026-08-05 17:02:32,212 | INFO | Товар: Джинсы широкие Wide с высокой посадкой со стрелками
2026-08-05 17:02:32,212 | INFO | Бренд: Zolla
2026-08-05 17:02:32,213 | INFO | Цена: 3190.0 руб. (было 5049.0 руб.)
2026-08-05 17:02:32,213 | INFO | Скидка: 37%
2026-08-05 17:02:32,214 | INFO | Рейтинг: 5 Отзывы: 12
2026-08-05 17:02:33,233 | INFO | ===== ПРОВЕРКА ЗАВЕРШЕНА =====
2026-08-05 17:02:33,234 | INFO | Следующая проверка через 900 секунд
2026-08-05 17:02:33,235 | INFO | ==============================
